4337777789,hsgqm
8008574595,bncve
4758102208,svqbf
3042722771,okvse
9577511783,wttap
9067859300,sepbs
6171736668,jblpm
8235124966,dukqj
6743786261,dljzu
4251080025,qzmii
4018162993,kbudp
4981824525,cxtom
1125556718,uwqiv
4322865725,tawjc
3339311098,yggdt
3110078139,zrpgp
9886851011,rnnex
5980950862,qrpgu
7701782037,vsszg
9313858573,xqtma
5764004279,mcykg
5129453209,rquie
4519740518,hwdgf
1383190462,puabq
1211534443,gcwxc
5431410702,xrnfk
4315201953,yyfwb
8913894089,potfd
3798399742,ecxgl
5135766154,vsnio
2579357665,thiix
1078757353,dbiwu
1572072953,sflum
8732262238,ubaou
9787435023,dvxjo
7062466415,rsntb
3066519805,yzolz
3093035055,dtamk
1224719167,vsjtp
8047097011,svqcj
3146037671,pvipx
4858996681,tsszf
4129011992,oqqkj
3118977072,foaqv
6472085258,yuhkr
7739262053,xrqub
8180784486,xltzm
2199274272,prkgj
7969440477,wxhvk
8442779963,olfkq
2075528477,fdykn
1710096490,mfbux
4902839959,glpkw
3051564966,qooqe
7041110756,otqho
1103364999,fmchs
4696145245,pbzwe
4184754062,rxdtb
7025248249,ihwdr
5846791259,oycjp
9617488721,pefgs
1666326804,udnny
2558748995,gyfyf
9736208186,bpdkj
4327054558,qdljz
8162260209,oakju
6581219562,gexmy
4866231806,jarlp
8456981724,ppvpx
8556104523,ehlry
1107722800,lvocl
9281279277,zvrmc
9179558068,xxqjj
7941572752,vwbtu
6554284139,znnfc
1608823558,vouyd
8120816992,pvikd
7999084180,kabge
1174139596,fqlxs
3917235232,ergnz
6771297666,pmvql
3696022156,xclml
8863105965,ltkqw
5548659152,jzepz
7601607754,jlzte
3820524955,ldfue
4996341850,fqfgg
3112473419,mootj
7565638137,ecsro
9463884842,nnubv
8997228043,cqmck
1794079159,rvzfw
6086111671,dvnjm
5943493072,btfon
9895661401,tlije
2306407546,awhgd
5518266485,gwmog
3232165845,armhi
4689789637,iwzim
4909378896,wxxpi
2952033833,mnloe
4103793668,vybjq
9527327561,hzaps
6289050953,zxkct
1647308526,yimmr
8153081493,ikuev
6175752873,ljjum
2586243217,qcexz
8108383602,hqbdv
6371391778,xgbjx
2938248786,oxudo
6956048438,qenfb
6464594578,iwoxe
4053177294,zpnbz
6675539897,mqaet
2699697236,ldkrm
6103247160,gmhac
9332584888,vuoqy
7515403847,ylvea
2170789721,sprem
9336505138,ztwkt
1387571784,qbdyn
3680929558,xcvzs
7619215536,htbow
3912977121,cyvve
4182543248,ihhpr
9723337763,upvzm
7030404794,zoshy
7972576710,lllxs
1768445556,vvuem
6155590625,ypcyo
2793109833,kwbbe
7264105570,qzmyy
8054593577,loxpo
3406403219,ywlna
3561742183,srnlu
9947597959,wicgc
3933818618,rvezx
8581852468,gahnz
6712079888,kxfhb
6917589202,edove
4422708747,jjfkw
2302261591,srunw
4833534363,phfhm
8100141683,rlorz
4149723071,aeims
5558464822,ztmxo
6709537006,unqnr
3642957763,vxavg
3189475706,lvhlb
7141077988,xymqk
4881355475,fngpy
9002011296,vgwqh
1737350406,msnoy
8512062649,dcegy
8293791757,wbfah
9837410927,abrsg
6872672388,cnbfv
1724833593,mdvsc
5519629337,kcvot
1563406538,pabwx
3062296310,dryql
6528631339,lkuhd
3300924572,ujldv
5799659402,nkfwp
3026730347,qghxi
6812658113,xqaax
6779776467,qfubx
4510194690,zfrsl
3907833177,giqev
1810192335,jqvyz
3673075759,gvzrq
3815802801,geqtm
6958076410,qaatb
9445632212,vhclv
7605094929,gokpg
5208528849,irhhy
6633601235,fgvnj
3437135589,rveic
8374870314,feoju
6658844107,zwrhz
5002060949,bzgpc
4096136100,jeaso
1291860495,lscqx
9280209873,mebho
2457672281,cjvbx
7683275230,wnapd
5598245221,mzmfc
7336583363,owlyh
6575995836,fxxun
4798487311,vrvcf
6234624155,vidzn
7312905016,bxifh
2852631084,xbanu
5173535756,ybjut
8167485534,uqchw
2076161992,tiflo
8842051318,sefiu
5209614755,brejb
3400242517,cmthu
8483593231,zuqio
1995463879,yskib
6347742588,xvvfa
7980555973,kvnoj
3471516540,sazkr
3048647063,ojvzp
5595412179,tecfs
1195653142,gxxyn
3477910170,wwguq
4418362068,zofwh
2918908431,rbyfa
8828707574,ayugt
7890615289,uxmrr
4422170682,rxhnz
1265035534,buskf
6443314943,ezoud
2344641290,ijzkj
2866039278,sgljz
7169531679,ztset
2234306296,ojtdb
8131782444,ypqjc
7967739580,lpote
1731803758,igyra
6738248113,uakdb
9584532220,eaxgs
5803700106,banno
9928593579,acnvv
9855934626,ctmwo
7554956985,dpayz
6855630762,smoto
4312730325,mhflg
9865315067,belhj
1589120186,rybfp
6934036044,yypcu
3695850354,fslkx
4738058849,lulij
3718163425,uufbn
8993948743,autbx
4516599594,fzmal
2111766857,ccajw
8926590653,kfkpy
5723543818,ywipa
4146458263,mdxbx
5361081989,kkiva
4305410946,fdxal
1349909862,rjrqm
7895136211,efoeu
7451909321,amyfg
2627264152,cdhge
2658466131,nwfzt
1417131454,qhufz
8429837228,qynwg
7671809909,ntwae
2985198779,bqiaz
3942993411,rufoi
9108604463,xwdfa
1603280592,yqgmh
8502125714,zkqfv
1412302194,xqbci
5008012097,svpjk
7464460472,pwpcm
3114414132,yjtvu
5499266435,sneba
4230696519,htfyo
9731003535,odioo
1372379849,biwtp
3980927808,lkzpw
7207879969,vxvoi
7778239391,ugryj
1256256328,dtzyi
8434227913,minzy
7112509207,zrxqc
6492249985,exjdz
6695907350,gvloz
3945163802,dezhe
2356874899,oisyr
7650649112,qvosk
8512102321,mhlkx
4436873124,wnmiz
1832158711,zowve
5433072828,xmwln
8262297114,qjrtu
6753307962,reomv
8799124150,dpnnd
3805898919,arsvk
9537713050,erqpk
5052860133,gubtt
9763473449,puepf
8247962846,hdotw
7987947257,ucmgt
5844631794,dlbns
6195935858,uogvg
3474664757,ovehv
9862060610,mdsdw
2472549982,hbyly
9954377776,tmnaa
7026626671,hctlm
6205904930,lialu
6456055956,kladk
4808420520,qxucx
3148859987,oggnk
4317238228,rfagw
8871339856,csgfi
5430851816,dcfkr
1416403570,lckmw
2020912542,ztjvf
7769976262,dotxd
5826156133,eacrh
3069008999,hkekl
7009700886,fqphl
8658883854,fsxjm
5553007350,uhofv
6399661532,seuyt
4844801562,mxcws
8387493132,tubyy
1980262007,itlzo
5993633255,shbxc
8400620242,jblbl
5812690994,hvbhv
1356276090,xcnto
9475127174,xzwiu
6453621146,ghica
8868020827,phnrd
3104136353,ykvoz
8395102697,werfb
8494569057,unxsv
5779920598,zamtv
8686985329,otdcq
4301433562,nrfom
5092012173,qgyhl
4250057196,cawdv
6171531832,xxrgn
3961834555,xigun
8375772517,xrcha
8469453988,upwau
7093678205,fokpa
2555922218,ttguq
5380839640,zpmkb
8195217822,zkyur
8236726763,escar
9358039032,fkszc
7242558878,qomaf
1412274919,hscjq
8843625676,oipgt
6732935185,vsbmc
8212697264,umwcf
6811199779,uxrbl
5470585463,abpmc
9502524226,cocnf
4732233875,awfnl
1308647853,qcmpu
4572308428,vrfzd
6499825676,oeaud
8030086135,ipapf
5113966246,zogaj
9330751835,swmir
1413497662,xrqff
1969590690,jhilt
7614478946,etyqk
6944881682,cdohu
1078546962,umoqc
3341703892,jongl
4565543834,ksqcj
4636168852,jprso
9193019530,blayu
2616650144,xfpeu
1002803808,vkkpa
1256990589,vmifq
2762671375,rvfsj
5998720659,nailz
7326527132,wvjcy
9204630244,vpggn
7135470629,ucrlo
4157071827,shbsk
7341202571,lutky
5833192222,rjavb
5894572785,lnfpe
7798465623,ebpnx
2873099539,zhmhd
7998954337,rqiod
1886983095,nutde
5011034688,sddry
6498795678,fliia
6748368810,ivusg
4057436986,ukwxj
1313446509,eudcx
5272231385,snymy
7221884781,maehg
3844255604,srdzs
5885430931,bbmet
7318543233,juhjb
3820923521,asuqu
3766711900,toctb
3228831807,rnscs
2364820267,fuuvm
3863923896,ucpwm
1650146786,ofdxa
5593626719,moqod
1662050430,xjyxm
9791019587,xaxxb
2999538959,yetjr
9557624022,dgski
4333824109,flcbq
9300751444,wnfnd
7335505101,vsitx
4112159579,ksvfj
5727078415,jyhxs
5674430721,ozdri
2552109341,utbyw
9023731706,cvowz
4842782403,idoih
2906828608,kxmub
8209826296,lugva
7010491548,wfqmx
4382092900,qkcbn
7428983364,jwvss
9916726004,ugsvg
9924873155,udfhl
7452114019,upfud
1798213132,busrf
7111132775,btnfi
6380783382,cdmqa
8777448439,qioqe
2386960256,wecqw
4295825787,yyjlh
7249431842,socjo
3969825604,yzkgg
3827763825,gyiho
7054575422,epexv
5740095760,xinib
9274364083,gvlwk
1343946184,oizqf
8023132758,iwwtg
3526937050,faruc
1323620213,ncfzp
1797386512,vnevp
5157717078,xvwvz
7739470451,uhbeb
4878832347,hdvjv
3406347299,dwlxh
4800321039,jtgcf
3402025222,lctpe
7719535044,retwt
5557365694,hessy
6808663299,ujuer
3082512774,gqsae
7153496123,gjtpo
2990893728,qnxol
1124907699,wdwxv
3491678407,iypvq
5515182320,dgyet
2503048548,qkseu
7967163297,razbc
7028493080,gsmev
6381185206,cijdi
9757486646,siejs
1428468052,mwyzk
8485466097,anqzy
2079779763,vivyr
9207613613,qhvjd
8932013112,dcwmu
6984774788,hallo
7725998604,conuy
4818016612,lflvz
5403593540,cnqyy
5316003330,eokrp
4884445016,bmzmy
1792257714,pgedf
9518736586,yufou
1693999410,lplln
8606207203,zbdmk
9343928786,jflfk
9885208082,uxcnf
5833735334,mczvl
3099712878,rtvkp
9009185498,ncmaz
1029415632,plxgm
9856929017,oicah
4748059511,lzgkp
2721021984,bczpa
2272260191,ybpzo
1799951656,jrtko
6566845525,otvtq
8325997370,xiojr
3599470041,jzenp
4243860087,lqgyc
5386755325,ybmfn
3977919716,jdota
1301390925,bgrhk
9126955151,bnekh
7911251953,svvfp
6365397999,ojsyy
2769269872,cgswp
2632625184,nnjnb
2539411844,gtyre
3626031995,oflzy
7154747696,vnbuy
9119656521,oghss
4370975685,nneuv
8748680156,dqbzp
8485554859,zcuwo
1318849021,xmajc
4954086680,kjsuq
7442962695,mwqlb
4351522231,tabtv
4784275813,kcahn
5818201933,nowht
6222570600,oyikk
2599766371,bakhz
3096962390,jptjt
4805687449,tacti
8861777094,vixue
7818063901,rvtqy
9835134635,bybgz
7903966416,xjtns
3696360059,uygho
9954518279,qpbsk
3835847799,pxwpj
7710960871,mxeyp
7287635886,kagta
1803723742,rdtsq
3873111307,zjqov
4208562917,ytxul
7034071653,hazsm
8267362736,abacf
4604214653,dtrac
1222283551,bwwgq
6973261469,hxjlo
5151220435,jigve
7763526993,nxxqn
9840571409,wjnkc
6561915271,jbdml
4657229549,fpcgm
6417247247,fjzqi
1368963584,letcf
7910423592,qtgdk
7827357065,bxzzr
7357699363,ccsic
1799225305,iwsgb
3455610261,plynx
9744799744,yvfum
7038562654,ipnqg
3487939115,vsjfk
9511546558,psfcs
5139721898,nrkpv
4189080996,mpfcm
5037846191,qzdxc
4669969211,otmop
3738402698,bdjps
4672933433,fmxwp
7818693062,jiqxu
7076079229,pdjim
6277870470,csjru
3381524809,mtslj
6361253898,hkmum
9541370833,ahxnq
3616500154,slllx
7307859681,rexei
6928583474,hbmuz
5526502619,iysdt
5237475447,nzgxg
1852003722,afwqk
1400278466,zwhqx
7208834640,jubaq
8004952530,bsclw
9599809464,fkktg
8812918202,exmmd
2024341245,kzcqq
2591624988,euuvq
3385275202,riacu
7382239705,mpmac
5705855386,ufyxs
8022276249,bghzc
5775850172,ooooq
4533466798,lebab
9295609513,qwtut
2989324991,jznsb
6087874159,fmgtr
4478668942,gqfzq
2221188977,grdvc
2355696768,vecgq
7506522969,dnltd
9102242984,vszhd
3853168689,wiuhs
1257896049,beayn
3060125561,tpmfz
5465486676,fsmmc
4791011076,cdind
4474741843,llysu
6270554406,jupxv
7873034374,pebys
9571771362,wbtcy
9991087604,iamzz
3690741748,dwxrj
1784486353,mjvqc
9617388050,mbuqi
1405095700,xnuby
1063699436,hhxmp
9329520300,zyjrr
8017222033,eufcf
5594373951,rtduj
5468821771,kvplr
3377326111,atujs
7846035256,bfnwf
2803404824,jprrf
6986129878,thjus
7443108025,fxkhj
7583813125,wwfrm
4832042402,fryuh
1502247752,lmzrr
7138177228,hbdse
4116380223,kxfus
3817134667,nkjcq
3176826517,gmlmg
3209437831,eegch
3246769280,hkuos
8173711844,gvmtv
2803685406,cuwap
6106832430,rpcos
6404495322,meqmz
9325229077,lqnky
9773452394,mgphh
1268679069,nndhf
6244582128,lcpka
6304913048,xpnyp
8938705584,agwbn
2910453343,ernih
4702626775,fbfpf
8740223459,bcnee
2719343196,rrjed
8052569872,ivtlo
2297198954,rmeab
1366737520,judbk
5095932037,pxiwn
3814160825,pwzcu
3523354716,ehurh
9928121034,yyrxm
1525010480,ogqtk
4859729651,xempk
1313188328,dvpgq
4460844061,wzjat
9134732386,nttsu
8630170873,rwhqy
6051177932,vqutw
4979155788,ulqjc
8604079171,dqqmo
9328672167,hfsub
1538584867,txzbh
3372595897,wegud
8434119331,citds
3483185203,cznbt
5845341156,kcsgs
6317463891,vksmd
2339144913,faikt
8878857921,boyoo
9781454099,phicn
3368076148,gxlzi
3404716501,jmmmf
8264073903,vcgvv
4892007573,lrrqi
1054477722,jwjtq
9555121370,udwcf
1510360285,vzjan
8428547105,tgkwd
9301362951,rbmge
4031165925,icztd
9827979650,guwnk
5871790349,yhrfj
9802263594,danro
7665557797,uhxeu
3074708360,lxbkg
2644772362,sghrr
5913739386,cmbnn
1728389229,fcxyu
1537681657,xocqo
6358376134,kpyne
2576462246,ohdkv
6273649679,ofeoe
8762819498,xqiaw
7037950608,sillm
5239924023,dwtru
4646209645,wqsbv
3074414589,mwabc
9011849704,ycvki
3728614973,dpseu
4521686161,kbkrj
1872396300,ysapp
6300391641,ohnkp
2329559313,bsxln
6283287682,opejb
1521487529,wgvmj
8020450115,buqmg
9500402828,cvabt
9839381402,yyuod
1881372368,mrnva
9156483208,onowd
8169373226,uocle
9426059228,kgmnw
7942234783,igfqh
5680949519,xvrjc
7462438228,krelh
5451788915,qsvgi
8478149447,rybkg
1459893206,lhdyt
9874374153,suorx
2479462401,njhtm
8047057066,yrbtp
4886935622,burmh
4802864775,wyhfz
3824588955,mudor
3431621593,smpvr
7859839137,bnkli
7549674908,taxia
4466827371,jzmvt
7991713292,sgqnz
9534966953,bdvdg
6236566469,nvvzx
5499320797,fzwnc
4702442791,rhkoc
3232450006,tlnrx
5749488718,adfys
3187650775,sybmo
7228243192,fyflf
5937734419,qhfdm
5045308319,jvbkn
6925496245,mlopb
2611666907,hekzz
1927557713,yzhgy
1761695670,mhywy
4627640508,nvphr
2203976312,fxwpj
7276029423,ydhel
2304082900,ccmjf
6576784038,majyl
8285807946,ifucp
7005285016,ypmux
8683843999,eelto
2980997785,qaaea
7860486655,qwjqk
6445750323,ksxij
3086523936,bpqpm
7749331842,wzbll
8451384802,qppsb
3700517197,wfffk
5506986745,raxbn
6084566121,aihnt
7401315258,udorj
7066105088,wwdqr
2551878651,jbvyi
7317582512,yedsh
1558348391,ynili
3507385899,gjdyn
2442081716,ufgum
7112094545,xappe
8284453907,bsjie
7251566341,bkuxr
4033481425,kwrbf
5541240205,mbbwh
1067525576,tqxxn
1078538422,agvmz
9063883187,mtsry
7807552302,tdvbw
7504016620,qnjbm
5309317707,bqeym
5398918478,yrqng
1178816054,wydgq
2696309085,kurvy
6846842022,estfu
9475778419,usssk
3206888941,hqvel
2331901995,fcgqi
9682025110,dgfby
3817938775,ztqrg
4240052136,qkles
8306344698,nrhij
1969417694,ufmsb
5847639449,slynk
5514200012,vsbpl
7535584078,csdsj
6507333997,zswgk
6013501919,lzbhv
3991119911,hxbtj
4583056429,djgis
2551597397,hqwdo
2270105389,iszeg
9316741320,szcqd
3197800904,tfnzc
4681041637,vvnuy
1423645595,bfppi
4416413970,ewcck
4735715782,luddl
7672166387,qvhec
6503207150,cofeg
3661894676,bozrs
6911025826,viuxi
8777269977,slsme
7822961570,rtbew
3320986647,zoaps
9979751711,lsqiw
6119371816,lcoup
7845583772,owfhf
3799536679,clxct
9274692917,xirnt
6036473300,mhypf
3215170515,yrxtg
5646934503,lhdtk
5976753075,rqbpe
5444123231,pemgn
1710717504,oclax
9871765918,soabw
3122539639,dpgyc
7046840008,aqdhg
3198824371,cwudj
2677975884,ojndj
2059298980,ckiqq
7129267311,qqhwb
1744677633,wpybt
8926208278,pimbv
7878953827,htdgq
3621432138,mbspg
6240425967,jgjue
2232497754,apenm
5402523885,tfnde
1767616770,sjhar
8744974968,gdweg
3324422546,glmgt
7322858611,swijg
2050561659,jlbuc
6018806057,lyiqx
2082164621,myqmx
2490749871,tnnhf
4706005729,kjzdx
5706948367,hsdpx
4985383007,toalo
4881960852,yjyjv
8798685673,wbacd
3130469173,poeve
3532269321,yboja
7865956755,ptqyp
2213464428,eeyjo
3363569591,mzykn
5137846696,jgfjo
9151165064,lurgi
2717796314,hmmao
7310389841,qonra
3404434617,spqgl
8733675704,olftj
5325573992,mdunh
4219453753,bcxin
1094225490,rdwrn
5913050866,jesyx
2530265282,zzcwx
4167002761,rfivr
8817427773,yazvh
4881440206,dobsm
1109186054,xcmua
8893605640,iwsfh
2930650220,girzx
8925869325,kbsdn
2081774590,qxfyn
8483822249,raaak
4765359618,tacux
3696301122,kxivt
8543047045,ehawc
6381879490,vepvp
4794846762,pfqtn
9981919109,pqpuu
7738340460,njspe
9016708181,drepx
4815955233,mdvkb
5806021362,vlexs
8238474274,cseqm
5505919532,qbowi
6187563713,cedjb
5750845384,dzype
7810327988,ifmom
9499888466,onffz
3093057658,vcpay
6603834298,enjsm
1218726114,mvaqt
5909541984,fhznl
1044747027,nxeyk
8867502541,eodlu
6716562723,acyur
6850544321,yrefk
6685960267,agvuz
8044058931,ildph
7883838897,lvolz
4309782072,dpevl
9037787110,sqsqv
9326546910,wslbq
2395869256,xcvjf
3665898904,qhxea
4824134561,hqtkr
5193185936,jgjwu
1024881031,uzbxo
2063249470,qotgy
5932040211,xryli
9098955153,xflgt
4581932522,elhik
1271714958,cabhu
8866070490,ynzah
7763690946,yjqrr
9441069099,bfqyl
6909719006,dhlhv
5747265947,aqwkz
6856406023,oymkg
7366100033,zfyic
8809114227,mlqrz
7722045946,qpjmc
5152554999,sjxok
4974976255,kuarr
6330240498,exvmq
3110815819,nxbvz
2047097930,rnbgu
3081050046,dbwbl
1621966792,hrqqo
1417097251,gvkmq
1736557421,ahovu
6126279218,rsmcj
5268930748,arllg
5601498592,epkpm
2192511407,syjdb
2498488274,ddhuc
8618930396,zbbgh
4923494027,rlahq
3672071589,kfcki
8589228836,klvxq
3859670706,bbpih
5717888753,gmvqq
7013873130,tkuds
2243927733,jickl
9458167582,cmznm
2078589715,tttig
8315256457,bulro
3846435678,camfp
9640473868,dafnq
9578340808,eahdl
5827736482,lnqpb
6038339986,vghpb
3197684100,nvfhd
3839609982,sboye
8215893674,nsyyx
4688037606,kzurc
2962303301,hedys
2407657018,erxme
2456883295,liszz
3608205092,ozdeu
8172289070,ytlov
2490573108,jcwnb
9000206501,rofrk
3352572104,izedm
4839617148,ocfvt
9395280089,eqgxy
3953905935,kabuc
6787927106,jkcvh
7434402503,mwuey
4205683529,rblpp
6128349259,tdycc
2367062425,unarm
8721860572,nzivi
6581931973,oynht
8291346621,tharf
3020551920,kjmuu
4709473452,xsvmm
7794719739,jimnh
1292222456,lpmgy
5634416926,qydpd
1337165993,gkeqd
7142507611,pxevg
7489052423,ppryx
6807274256,qtfxw
5623197838,zbvhe
6865075064,lbuie
9840992504,jigji
9840373385,oyqcy
3164640345,oeiib
5360186823,rpyoa
4183773951,bvfdr
9435894043,uuvtn
8082209970,upgdg
6541445620,rwsiv
4944264506,pllxz
5623716131,byzer
6889136703,pgoma
8536985801,wzycl
6499255574,qcewe
7051934831,vqdws
3122371504,xijnh
5243378015,ainct
5275403797,btqzp
2249402288,plhet
5820479016,bcaqk
1971647895,ssnit
4273558928,ytwcq
4067867286,jckgf
9603655623,eussw
7285197205,zhpjk
2921858381,lipel
5863011383,oklxm
7969094486,hlxjv
8942807663,ehxuf
6183390726,xvtlc
9992854167,dagry
7974605803,fpdqb
7133147966,pqqig
1463943446,vbthy
1868282690,cfabh
6383063780,kaowd
3006525082,buflk
8000301774,yngzm
6465569926,eahjq
5952444514,ytouu
3913535020,envvm
5587150369,zzvyw
6821289492,sbatx
1478569207,nfuwu
7647058125,uqevi
3208048494,twuey
1292256839,obrrw
6497844187,bjnjq
4812592863,dpsxv
3153919670,xpzlb
1586416474,sspqj
6144056817,ihede
8813135642,syzxp
9096680120,tsisc
3914850468,flfjf
3069705268,ttbrf
4689888918,ebkyh
4476317526,rxdyt
9944189295,ymqce
6642031251,ojmet
2552604419,xvqhz
4795660578,znrky
8287444060,plrae
5442452265,kkhxb
3628299346,dpoph
7741462891,meitj
5097468584,mxgpe
7229820044,qtadp
6488819606,rbkdq
6864415405,naqjc
7168270276,ednsn
2283872406,rcvar
3508613833,ynuhu
6782044687,ayrhj
5172535713,fqgwh
9532590042,yazeh
8944459142,jhyaq
3124162192,allvv
2577087653,zkcqo
1882708193,kgzxa
9979157525,qxukl
7456438542,yrfpm
8277740027,znhkq
9812597536,vrcki
4836112445,bxlcd
3264559869,hfgho
8647375598,cluld
1665998264,lsyym
6928353020,hudfy
6520305829,ouicd
4060463476,obwxa
4986024163,fzloz
7412653625,chneq
7895543874,sspke
9759714399,fxfkh
1873589862,exlpa
2680456691,dxoli
9635995672,vmkty
2020575371,yfdnq
4434997082,nwabv
7836775034,rtaki
6409636519,cyoqx
3798311761,xoame
1601981688,desut
3313205045,ltxxq
9335669920,hdhqj
7280439449,cqwuu
9715153023,hchhz
2424309680,jceul
6141797673,htumq
3707567987,jbokp
8197470963,plsps
6730554042,lzegz
1296278477,ugorm
4328199754,kkwmk
9688234182,qnhks
9236101994,balro
5967368101,mwsbj
7675247822,yyxrr
8800770407,umtxq
9347318143,pxett
2864872411,tqxmw
1610947113,hnuki
4138780001,yharp
7837026132,dfqeu
4337365978,whsjb
4207328935,prkjs
6557890556,gkhsy
6245742248,rmeyd
2405679080,qcsgi
1232788143,fgwur
1675256360,ljdgm
8152112033,rufuo
3878542152,zypha
1716319525,fzadn
7158406935,jfaoi
7895895397,ujnxx
6845299406,nckcg
1203926380,anqhb
7505117065,gdnax
3320391507,skvst
1969917265,kgmkk
5392534527,klqrk
7420358123,zmkef
2863926835,jsxym
3738526337,fircs
7383284323,opbyl
6753425728,ijezn
6134366672,ztyfs
3750869594,gxspj
9343786333,mdjcr
1095446505,ldacl
1068283516,nicmd
3408500117,cdazg
9168207468,dqzan
9640129122,auzdd
1058494649,rljjk
2057136157,gbasn
5032593093,pzkcp
6938117135,yhxel
2665248961,fqaln
9893612824,bmvsj
5016621658,dudrv
4444531379,ukydr
5921306347,oupkx
8607428136,jzerf
9060319597,aifmt
1110303986,qubls
7727274054,ascew
9128992782,qafdp
3052800706,iaaif
7719329415,ljjir
8977193501,qesbh
9662514331,lmjnw
9672181041,qqjsx
9096265912,evtbj
3608220312,toemi
1777751511,ygtly
7927705683,gnbym
2396376763,pdekv
4302683240,jlgwg
2047785110,fbfow
9910709556,opyon
7333350756,ndurl
3253652048,olveg
5736117008,kpbor
3336448237,njcqa
3903169520,uhovf
5170746431,gyxjg
5008859273,evgjh
3981233848,edtrd
4606159393,dklnj
8801992404,pplco
5393646416,itiws
1009823811,vewtz
5206019649,cnhcq
5443554709,vmxqe
1658105401,tywmn
3087892103,rjgqn
5024318408,atava
2855030743,gocvt
1067988562,xlgzr
7587769756,abynf
2588294735,zoxyh
3818268677,rczmj
2578074281,jllwt
6780487281,nahjm
4790095351,mejar
3907085475,ypuhw
8864888938,nzkyi
8086653294,irivh
7920976675,iawut
8162336160,ingpq
8501888556,rdggl
3279500899,hpnrp
5905848309,vluzl
4869871469,hisuh
3639357274,nbcva
2781599389,gygng
4267843580,dirtw
9489009329,hsjyv
5391306676,toeod
8676849644,odyak
7225386406,psosz
6927718140,isfqq
3769539660,jrola
8251357497,putwe
3418623112,zyysa
2631257892,uyogs
9893103293,owosn
2620614408,cpqhf
5886993057,nwvdy
8256249862,fvumt
3754017312,mpabz
2419196939,ernah
8542410309,rrrey
2466592289,jucem
9664628268,wyowl
7514181989,ufbgj
8527230599,orpaz
4290660592,fcysi
7113706039,posrg
8769913992,hbpwl
3095752795,yewmr
3902975675,qlhdf
9062040044,zqhgs
4640136634,twxqb
6882188119,ydfll
1402954276,pbefa
1603553469,kfyub
3553728025,jqitd
1176590566,xmdty
1848739986,wycdk
5852627539,mjtfl
8372434035,uooow
1133568858,fnaih
1195939782,erxfx
9704430377,drbdc
2275856712,xvrsw
2699714733,xbxon
9931579783,mfsjt
2243596080,qxbfc
1489108626,uwtio
2714912853,fqaxc
1245498908,uyiix
1000246908,ffzde
7602379268,mgvvo
1954459360,lqqmx
3772236661,imhsg
2098654476,xzcop
4322433033,dfwbf
8974478082,gpjpk
2764661884,hjufy
9702974243,jztoe
2210422429,gukci
1606651032,aombf
7347104032,xhaga
1195314747,msyah
3289676230,xttaj
3605165237,muowy
8243062128,aoxen
4767704658,aiavc
2819836105,saojy
6220976210,mcajg
9029836437,ixehj
7177523967,jabne
1033226951,ycguw
5942377554,kmuem
9427998233,nnehg
9338882699,sldpv
9625607364,qrgwr
8521138476,oyaru
9858210112,hxtgh
3188345269,irlzd
8646650135,dppph
7583757859,oikug
5884290812,izxoo
3238054822,idnbv
7735640310,biwtb
7075551108,kmuzh
1415922129,kswnr
2589583993,pmksl
5856646851,dziny
4209828062,qfgov
9516981534,bmphq
5670648134,uuwtg
9005062600,idaxh
1790711210,belsa
7533952912,rtevn
9379106790,udkxs
2037558489,pteca
3398382040,jbmha
5540659290,pfkdn
9252923092,wxdxs
3671613122,powuq
7239770884,hxvka
1530746527,bleld
6062419274,lcnxb
5175541618,gxwlq
3598048929,ycwtb
4847112356,vuwgu
3425175922,aanzz
2934208268,ieutx
4903253402,jjkch
5396963861,voooz
1955994993,jhjqb
6191644489,dytzy
4355562710,peugu
3611501913,iphpb
8278788340,ewrxa
2140292188,dnnpg
4305410908,krwaw
1356161059,xvnsk
4376351487,bwzih
8067689627,adqhl
8270244807,vixfr
9750729923,mfzmq
5141524926,ejxwr
2824801382,xbcce
2593229599,lktkx
4066540190,urhus
6218356690,pbxku
4491734544,hvbbu
5265102627,vttff
5297612915,zlxiw
1259375267,oeqff
5057077580,zitkl
7534528560,vgmye
1425752008,gfemz
3004346581,uefrj
2363783763,exejv
4439946947,iflsi
1819465618,mxljy
6574832146,dblne
6429002072,psueb
2557466750,hpvwi
3497128776,yrowm
6562926730,pqstu
8438750832,rkdpw
2040524736,kqtow
6224938394,tudmk
3804992604,fyvjt
6914081235,ymkdk
5342586357,uafvj
2162942966,suuwe
3497185785,akyxp
3295110645,svfth
8163566801,tsrnc
6776954617,biexe
7122125553,lifsg
4143945940,ctgqf
1443979555,uwnfh
9072219531,nvwkk
5933162141,dgbip
2389495764,srmdn
9168442082,smbgn
8405776748,vagbw
5071849890,mtwqq
1364590138,uzgoe
8317516826,vjidt
2405102590,tnrje
8943746617,ngbda
7446928455,pfrkr
9612215676,tbaqa
3512704567,zcnii
5606103091,vzzht
6461034532,omadr
6999362723,fddly
5990242096,koaof
7940028116,xtekx
2554279815,zivbb
1042577816,winan
7606671380,byyqo
9381386253,cmcnz
8158234515,kdtyc
3407307728,mosmz
6412755613,oxuqs
4816240294,qssgk
6219050858,rczap
7686706365,lqest
6122533626,bpjzc
3210796461,nacwo
9608344429,ydsrx
7715737056,sjkso
5724049916,ymoya
8159636114,qvmay
8775611138,zcgeo
7733876912,fzdgo
2235527686,bopve
6304180109,nthie
8004863011,yawfa
6973521438,wgzxg
1518388687,gwsbu
2351917345,ztqbe
1098404230,yvyfg
4653008396,uykyy
2021496002,rqbrc
4379104855,lsmla
9548725046,wlmpz
7758430727,dwbaj
2935074411,plkhf
6719629634,nvzkg
2112364438,nkudb
3563342769,nphzq
2166057485,gxqbk
1918231461,gzmbn
3980572349,qjcpn
5698303634,hrsrw
8720555619,mfkdi
7201693044,lvggj
9701220230,rtxdq
9959296596,nllgt
5275944758,tuhku
1725548086,dawzk
2439971588,bmmot
5466184839,gggcs
1719139638,fmmcc
8994344039,kmsqc
7698195725,pifuw
4170138971,xtcwn
3297178976,gaqep
4838416984,iqmyr
5080813098,ghpvx
2858749293,akbtb
4346588265,nuvvb
3558255003,uvqcp
4064209253,qklhl
9290721758,ptccg
2363632512,mhftz
1728164387,wbzyy
8296264018,jxhrc
8675131188,fqtvo
2033003648,gscct
3247059795,ekjag
3951939988,qpvne
8730485414,difuk
4640172365,pyeap
3947500014,vkbmh
8681355557,gqapt
9619986838,vowdl
6408052672,dwlvc
1034578079,powrc
5611474894,abyhy
7291832252,sxskp
4220605271,eczfy
7702410981,wlvrf
7574810721,njtjo
8689095398,evkab
2888342596,zqyuy
8564109329,ggajd
9349650511,guswe
3516853382,mcrkf
3825516459,cfsqk
1973419498,pjmrj
5234579453,atazh
3683475524,sdsjv
6900376453,wurwo
2097226140,ogdot
1362999689,zcqks
7963084405,ugzay
3348489899,qorwx
1605615365,drfrl
6769160494,iuvlo
8406812974,dtlgg
9977958128,qkkrh
3830346846,zsgil
8539282036,rzatv
3480282293,pmafy
5597305987,ttspj
7235723902,ubuym
1152833817,hczrh
4190060708,vqkwy
1189584943,fgegk
5619388546,trert
3960447576,hbxdi
2235230127,igwai
2250536213,iblet
8616626203,jvxnb
3618740939,sfywp
1204861813,nnvzk
2975446605,gmfbw
7427209870,zwvlc
5840667138,qrrgo
5894961684,vyync
5588573309,ugdqt
3460997155,yhmmw
5638740240,ljvlp
2851391764,ofgby
7990921276,iesxv
5620769727,wheol
9374732587,mpvfw
6068611178,btwak
7385421157,ocijt
9594872985,ofpbn
3049513422,rnedy
4883224254,zujwu
6164174472,gdoyg
9345335628,wttaw
6005251775,ilvuo
8114596999,owecx
8286827121,ycxyi
4521612305,icltq
2721293954,scvsn
1849903699,thqtb
8426028985,gxcww
6282986279,inlhd
1039107249,lhgdh
6858370839,etuvt
9473347917,tmdhi
2328397815,oxgku
1427065626,abnms
1617629486,nipkg
6182701158,sbrms
3251736864,iswvh
1992896709,sgein
5892028743,mtllg
6077609737,rcpcg
9456400484,thbiw
8125156983,rbeiy
7974623000,oqork
1063904577,yacxg
1298364727,eziut
6788855487,npdem
6200880490,hhsca
8161864554,jtwgi
4924326519,wvsuv
6269099281,iyykr
7468361550,orrpt
2025016481,eqcsi
2517048345,bndcv
8417536153,hwibs
6738138195,xtuyg
8719684261,pqblp
8089855244,llnwm
6583843662,ujztj
1729990828,dfuva
8438354260,aerih
5793031586,rgcvq
9822199539,medrj
8459882593,hhggp
3677315166,ocavt
8011366837,iyotc
6466327214,fqfiw
7854970258,jnivc
4192616003,gsngx
2964221561,edjnj
6094541273,dwljx
1897330722,opedm
9240078686,cesmk
5512679832,pwija
2015218476,yhdik
2267841806,scoyv
7466518002,holqv
1553173414,hesni
9699827475,oezfz
9177722155,ugfba
9547521668,vypmn
7468183385,cyffa
2089128595,wvlux
4406846894,wthop
5786539876,bslgc
7181565327,buwld
2610514228,qqtbl
2475269708,mmdjr
3886075303,vccds
7151988027,oistz
8795784742,qhaxb
3605098353,inaol
3754065435,fmgzj
6064055928,imcvh
4704206599,duwlm
8027322782,dzekj
5308335440,ovtst
8395532467,wtsig
4802369788,sbsoy
9466543070,ubnkl
8743080280,xigiv
6991115261,rwmsd
2082220936,rmdzt
7883354529,jnzsx
9055268589,gczoi
6518363685,zzvii
6772109421,ggfly
8734191408,lwryw
3076078666,vmfoa
4856421022,rlarh
7977361394,xhztt
8425972705,kuyhf
4778307585,ehyvv
3079957574,exyfp
6983261762,jzslv
6165575169,mfbdq
2527654316,rhouq
6472885613,teoze
7549075700,crgdv
6308440395,dptor
9791675423,vyulz
6343836119,kplpk
1951134956,ztgau
7412066080,vetvq
1476278936,nrqqq
4799009303,iphdg
9932023012,odays
2479689508,rrsfi
1967941635,njnua
2637197941,uugxb
6585802323,numgr
5311409791,rszon
8715967548,xhrqo
1831417776,vwvvv
8306582337,cmbnz
3465578146,iftkh
4649602374,tmxug
6722623882,bkoom
1163859314,stkit
9273344524,brybv
3563721007,bwsyh
3522152923,nphez
6947429209,svmsj
4145127245,ycock
3883403423,mjtlj
7961292030,pbfto
1319403412,kwpae
3471901460,enebr
4526008079,eteam
1519286226,zjfam
7784222081,zxchf
4836163739,qoeyp
7794489746,pmxxn
4232424151,sfvyi
4180383190,yoxsp
7958104996,dotxk
8309995634,gazpk
4796111022,hgjjq
9395201133,olenj
1038683125,frrez
1072442524,domdn
9666395176,uorah
1743506170,wbfhy
8155141006,chwbg
8820033354,eflth
6347127504,ncabx
6216537261,viqaf
2998345457,kxddd
7665106351,bkbkc
1329672451,jinsh
6924313453,oyoal
1699827251,ilucx
5881775060,kfpwk
9857308387,vxnbd
3696274484,bfzar
1782051900,jvwup
1290120451,xsanm
5177394305,muplm
7434310746,lixvc
1148044494,bjxbr
9207320369,psjyl
2938313449,kzzny
3761607456,kooxv
6971883659,joklo
7219473292,nnste
9177402175,tnbpt
1444946875,ukmyo
7081797490,evxyx
9509384316,gbkkt
8909604489,pjnvr
5188290282,lvzwc
5855041049,yshjq
5524447528,uhqyj
5907783085,vkbhd
1128979330,lsdbp
3846040533,fdcms
6398237257,pdfrx
5279109361,cuhhr
8822732427,eldrz
7247371377,rwhtb
9966432333,xtodw
3730171799,xpuzc
2380490135,pfxlq
9534207501,rnsyq
1271049752,vcjph
5010947212,konsv
9171082703,nazst
9267040035,jhxdl
1663838862,fbnzy
8353478309,nuyof
2754506992,ietjk
2945935242,vjixz
6542320511,ghfqr
6977770719,eqbjz
9816347711,xwuja
3198870578,xrslz
5754018410,loeil
3317709879,glyuo
3319565000,aayew
5906152455,lwpmz
8636844284,hqwwo
1182071108,ikity
8500026701,izpyr
6507139342,wifvz
8158147350,wncll
4234471542,dfijp
4248225675,dkajw
8530842259,tkpjt
7390704926,egqim
6936383575,ojhpv
2342604671,rorlb
7527847654,nzwnl
6181655746,rwncx
6386016679,kqdbu
6897738945,vjbjy
2217300366,otnbc
6056773215,lbfrx
4036969163,tsbqr
1822719478,lnvgc
8453194479,ciesq
4292185804,gduus
1151001620,mdpjt
9681208296,vtlzf
2629607311,wvgmc
3044533566,jvutt
5927856465,krqzz
7587617846,sovyz
2640894736,fqwco
6903966129,wozkc
5844592892,ffunj
6139121173,hygfv
3204796401,bzrgw
1445198756,legdj
3469309258,lxjsa
8254662167,acsne
6107762280,vyfzd
7084122310,spxmn
4363093164,bfofp
2951391589,ujtss
7252239284,esaay
7112448462,gxlcw
7871851314,ywqyv
8760857752,ypqpp
8408890497,himul
3932357257,gijym
1534062590,qrnfd
4223594760,pvumi
8719318780,hfhmf
9893663137,gjrox
1996264091,wlodm
5418332368,craeq
7141760351,zgpck
4662350649,tcfek
5281052761,aiali
8005450657,geahl
7838218236,ikswu
2422365573,xswtu
2784258072,ruwix
1367919919,bkqse
3953768925,srotw
5408089079,anzfb
9924102725,xqakg
8535104333,kxyuf
6227814970,guewx
8888819272,nzbdp
4202836204,wgwjt
3315916864,nswtj
5087997796,jjhwc
9468765152,yyrjd
7239880748,yazgc
7381559264,wvwlc
6558339393,sfppx
3158407573,ghckj
3022247608,nbmvh
8158519879,gzpen
9481541658,ohvwc
7420031905,yvrgo
5037930672,gmztt
8097880515,xrbrt
3532309582,pwapw
3238564756,cozzp
7538237043,qnkgp
6333419634,jfeue
4645508554,dnptk
5529223117,yglfc
8070750522,aofvr
2182824220,qxwwj
8561179531,neeqy
5946214702,ipjkn
7389653140,siekn
4087316186,gjpqt
2839032522,nywfl
3423522131,edryn
6313298158,drrfa
7925814371,rfwmb
1550908603,hpkil
7717398414,bwjbe
8170761215,jovxj
2684234078,mhjwz
4680131641,guovx
7596137963,dqngk
8811949423,wwhtr
8287067086,vilxh
8594115465,gmzao
4645653506,zsomo
5960940532,rhpgr
1685817735,wjrxv
3056807187,uuegc
9165903099,phnzr
9281297214,alxsm
1348541113,smxhi
2367884919,jercz
1228990169,eblqy
7763570821,begcs
7907367879,qoblt
2836685015,nkhhq
7875755585,gdrjd
7636312390,gmvpq
7922852801,udpym
4178354717,qzovc
8638081913,xqqmh
6736461237,ligar
5930679872,ecxkk
4234712170,lspav
5105658835,cbwnr
3939288311,pcbyw
1753011178,isdzg
1134067115,vmkcb
4650767747,rbofk
3168670721,ncdwa
9729463583,illsn
1325334097,mnvpj
4112684311,gocuc
8475275278,uxwtr
1725802160,emyjj
4777661623,evqqv
5597222183,iatmg
4671464462,hmmdk
9135888305,ykcbv
5516335910,nnzoe
8682325938,ldyxa
5696362865,ugagz
7223970354,umoty
8705136854,haccr
1786305198,rogts
6806960669,keuix
3448007135,zrtwg
2515997233,cjwoz
1839837611,cpzkv
7265450126,czwsj
8061549997,etsby
1599738393,ovzce
5667306952,gtepm
9998715860,icwxk
7985259407,mshok
9261020006,czjnh
7647075539,dctxa
3175628253,zpqas
4242111738,eurgp
6869394124,mydgr
6837986932,scttt
7514773039,bhzno
9566743584,jhwut
1843190560,fqwnr
8322729822,omnaa
3267228330,svaot
2485327304,fkhvv
8655715080,ruwch
9086016919,rhnvk
8510104128,rlqwl
4134589018,kxcqc
7005905624,ikyve
9685110587,jkkov
8096106207,ntfui
2042587841,vgclc
7086806741,vleza
2203774540,qugji
2514195968,jnddx
4953909969,rofzb
4810029208,znscx
2622657369,prjmq
3570205464,rtqtn
6950947805,wdbqf
5108260585,sfvlv
9414649882,readw
7081766697,piupg
9652926194,nfuzi
1585011672,yqlub
6783820189,pktgl
8162593435,hfueq
2927074124,crgef
7414082181,grnll
3010922600,motsg
8868372160,wnugq
2099646503,hiyjt
2805022263,hqixk
5303445540,jkzzu
7049471053,mfxba
1797720711,dauic
3869325414,tfuod
4475785227,ejwla
4158509415,xmsur
9284953207,mbogs
3220676011,wtslh
6907616453,cfibp
5836125998,ndqib
1075396345,qxkkm
3164971945,epdae
1172742219,yfloq
6168986041,tijav
6341296729,bmzgt
8085733056,bqsiq
7065231189,cswqu
4330138199,ujkoq
3451855824,knyfp
8205098221,dncah
7319169658,xxrhf
1259031256,oyzwj
9464086419,pbkuu
2563548941,ccniv
2003810906,czgaj
1973880980,xogsl
9370551930,ovbhp
7544584938,aloan
1313324047,mplgp
9340175968,ephht
9027316109,iqmrg
6538367326,aggxh
2978065586,juqiv
4143342392,wpryl
9242777302,xcwxs
6682144208,hzizo
7101977208,srvhb
5060212005,tehnr
1132965901,ugvdh
8890037435,vicxf
1638221149,okoyl
1828659796,ychyb
7147267112,riagj
6077177349,dhyub
2070533068,egcnq
2744855840,afvxm
7924278352,bysai
6856287319,vrphl
5841148517,epzrv
2857953895,azyer
9223871804,hhzad
6098627598,wsxzn
9626732678,yhwla
4768445831,qguez
6440545507,dsfgy
7776476064,zxiwr
3772313789,bkhnn
6502508082,xznwl
9831342496,iqlyd
4038521786,sefhw
7193049202,mbjfs
3491169888,paokg
7002922028,tuwrv
1534448683,gnuum
6229055392,ewmlt
8203596419,kugly
7226614160,biiag
3616819756,zcngn
3852571802,pysvh
5862814673,aicdu
4822638513,kpmio
1418358268,lcefm
8177134479,tmdtq
8214266247,qttis
5215138024,pwkwx
1833091776,hfvjm
8436435749,avoxz
8653148834,xtirl
9778707794,swmzw
3838366507,agagj
2718194343,ihgom
9812941746,aylfu
6617955885,lzrxs
2814971229,sjren
2901627970,ccvlz
8593267111,kmixy
6275922531,djxre
9421622437,vewss
8509435720,jsaor
8396449992,flzsf
4258170127,lmopn
6178503819,qybyz
8140559062,mfasv
5381397759,fpxzd
1141484618,zfndu
5535791971,xvebk
9141781710,cmxzc
8915473397,fqcja
4820721643,tespe
4529939209,amyqo
2519503265,nxkoy
1632155041,wjzxs
2879540068,hvlol
3530505947,bgjlk
2757560796,sdxbw
7583596764,lrlyn
5087922909,pmkly
8503406572,sgnlo
5891885097,cseop
2516377221,vkfsx
6307512741,ytsvn
9206826947,uxuum
6729485125,rckwy
6549661619,zfrve
1731905101,yuzpj
1089140782,vrqok
4079083879,zjucl
2435906574,yyebc
1694843450,ydvkp
9139837125,djdzv
2297807813,kydtr
7561627719,cwhua
2723920056,dibvj
1179366278,xwiao
7111632089,rvutz
9813245495,hgtxs
2162814856,nvzxj
5934097699,pjphf
8208518070,snsll
9183297427,barmp
8881312821,rsrjr
9717144041,gzctx
7235521756,anndx
4834776540,xkxul
5039982033,ohtoo
7957739718,twivp
1370710077,ymmru
5985724291,ngnmh
6620757312,bubof
2591495659,qgrtk
4340553341,gofsl
9033086868,tkshg
6300462262,zmtue
5294985725,shbvk
8407806478,aqwab
8842249710,oejid
6880557030,afugk
3431178438,hpkwm
2121863901,zzloc
8973930669,srevd
4630775960,ayyel
3370664950,usaui
1755594414,rvvyw
8794353794,ufibt
6169892561,qbqpb
6894065533,pwnat
2057494413,mtcwm
3555755255,jqjfx
4401164462,wufsf
5335918050,eogvr
4393379473,ldbmw
6972675908,rktcy
1420373158,sbqtk
4081683400,bpzet
7107737856,hpjla
5392663674,wqpki
9256499483,wpadz
2999417153,lezet
2992992226,uqehh
6828526688,hjvpi
7463185149,tvpfo
3024157900,mqvwf
8961391081,uinej
7023128288,gctrc
6991516499,rffbb
3500561698,ndxin
4432517872,rocvl
8931698889,htcxu
5861109555,qqhvo
1833705675,khyey
1006129636,wgcxw
6489153491,gxwfk
3657806779,finwr
2429365475,pwvsg
5772489427,bgtvn
9020498241,jnfxx
4894790950,ctmnm
5548226002,ylfwn
6791905533,sbwvi
6630488505,tnoaz
7540383065,zpuxq
6526179889,yvcfg
7000385455,futbz
3139043576,lrnhw
1387034422,amily
5731590099,gkefa
6823882829,cubuw
8567867435,xrbqr
4183926819,pizfl
7366144630,jebnc
8833774946,bhbvy
9212723808,zkxco
3558957702,rxkxc
4847037809,ktrqy
4113111173,sqxdp
2867142596,iqanh
2439710741,kmftl
9411555754,ehmuy
2995464915,xxumf
9371798336,ktukl
1985405243,ncxlz
4871484361,hquzl
2054195334,vytay
7114828930,xqzsf
4227270164,kytej
5467610616,ifsgc
2820330756,ogdks
9419752500,hbmrx
8986009854,urdxx
2787576465,xleyx
9724138424,xxper
2605352413,reyxp
9098384756,ixtgd
8149465431,imadp
9265998841,xvryo
4654092792,dtbmf
9417820354,rxcld
4978714686,nganp
1764500063,uasdk
8316191094,mtmjh
5239553672,gderu
1947362246,toatj
7067270900,vcfvi
6568349521,hxajn
3439290461,vibma
4645130817,fbmbc
6870947346,hrfos
5902978360,huvxe
3569536235,wwwqz
7327873180,egfqz
7146353551,cefpv
5468140848,oiqkg
5302222162,jzzjt
4589778361,knxwo
1594696117,neinh
2502924853,vgzut
5458969724,vrnhl
2966496673,zytxj
1386172253,coyar
4987928303,rqwei
5752876026,tukmp
6205735489,dfjwq
7494194386,beyjr
4848867174,hbwsa
4452483370,ghudo
1762347495,pguzw
3845785526,pzaer
7774272095,kegev
7118260455,bqljw
9290322237,blxhb
9673251758,homob
6132689179,znetx
5205052702,yqgam
6753185873,hzhni
9541733583,qjnoc
9498416131,hozyi
4949791259,clzhj
4717642480,elouy
5835306488,jiuzt
1820510919,vtnlr
1696252904,ghwsg
6693530389,nzgxi
4994272202,mdlcz
8537857861,vxeir
6571294674,dbegx
5966527010,sxldl
6830576955,zjcqj
5194090938,kyeeo
3961817570,kpwaq
1473128300,ckvxr
7905090728,rszee
8330652876,dyzlf
2733950470,ftacl
9152503216,jkmtx
1627620274,bvjef
2274677699,frznc
3685215187,lrrja
3807999968,azbog
1108577096,nmxov
5351961255,gzzjk
5007278074,dnhlv
3572858737,ozyip
2728445063,zgiab
1119601407,bvgvn
3483415895,zpqrd
4503883196,rfqks
9912077688,syrud
5975579517,nnuhi
8086579087,cczyi
3812157002,attbd
3217735899,opbag
2960240203,qjncc
6277926009,aoclb
2486894157,hmqmf
6710239268,hgffi
3645407239,pdbps
4093954024,foldi
1447169502,qqjmt
8788869608,xmfiy
3727473227,ubkfo
8205541172,ubosb
5523339303,hyhvc
5330918122,ffqod
4441226855,akgvp
9072980948,cmmcp
7047660000,rwcvc
6036686816,xuzbk
3045206914,fcjxx
9787849121,znkpx
5947527494,kbcgt
7261828627,aohhb
4342869801,rktph
2427377033,bvkgu
5130622681,xguvw
5820990349,tfmav
1670204499,ntnrt
3103006538,fpzxx
3246229526,algaq
4903648912,yfzzh
1495179230,phbje
4010271141,mmiim
5062372859,evvlt
7289681040,akzyj
6256023169,ybqim
1351149868,bkxke
2773691530,znmcm
7642472485,eyzfs
3155852874,jayyz
8311071158,tedfe
3703783377,ohsyl
2258478068,dfaft
4646983248,jluse
2515269682,lyaid
5438399032,bhtbr
2033149459,nzmpw
6729228432,zpmny
9903571092,oxsla
4309027025,zxjem
3934330553,bdwyp
5158649876,mioew
1810739146,jjaav
5277877040,wbzwz
5821363189,ifpyu
4183586513,vdrjb
2027329106,wteku
4287050250,sfvid
8647212124,yogpj
2019128763,gelta
2907503189,mlipu
1535793437,xqywm
6045290073,ouubd
7355678495,aojcu
3186282637,hysvb
7485556342,wgavp
1680622576,zvpvx
5291564063,bbvai
9198030614,zqxpx
7381993324,oypmq
4928842070,wivrl
5750846308,koncv
1178505531,lcqjx
6277618465,skqir
2471173793,jxdzo
2124509052,rxdeo
1816279197,pexlt
1470862666,jlzkz
8370333955,quwra
7715824159,srvvl
5708699245,zbjhj
5594354128,wjdvx
2596399916,xsovf
8713919534,fzzdg
9142803777,uvnhr
7836718875,rrvhs
3317430658,igick
3391487950,vispy
6452575976,ssukf
5494627611,gdevz
7163216295,manng
9049894700,zxlwj
6907647467,jjqvd
2312289524,mfsib
1057793397,xcqrd
6403181073,jpagk
2013764885,chdar
8792984872,keeon
1897019562,zqond
9074047181,pyvcn
8322629419,ceqfy
6151061736,zphdf
3623763467,cerxk
2555975812,dztts
4859912423,btwvk
2607205007,efbcf
3094294505,zoujc
6666289992,dvhww
8624419201,xyqfx
3043399035,dhygm
3347314963,iuwie
2165891712,wgzpi
6078600765,yujfz
4025702421,bggoa
7126072888,rtnhb
8441427319,rigfq
3342188575,vhmza
5338042819,jyeqg
7044558531,afmvm
1083744883,eeknh
2009733861,vkntn
2218119300,gmpxp
4642048996,lnokg
4249958928,rmgku
5722579403,gnsfk
1858897160,bvnpj
2161975742,febgl
2457452484,uorcz
9646287322,wxxie
8315583484,nifor
3303650125,ryupr
2231372836,okkek
9037777430,tnbqd
4032973877,ldjsw
4321507055,cxmsd
6611345346,gfpfc
6254715506,idydb
2851874588,aenik
3922867366,xzzxw
7054873736,odses
5492831787,hdcaj
2510647217,aards
7546836142,xysrs
6239901295,cxqwo
5241556519,kqdag
7011427762,crmqz
4497239646,dzgus
3352782730,jnjwf
1760542945,phzfr
8613061493,xytuw
2665982615,sxfhn
2069076023,zbios
8994622736,emudo
4395812458,qtadp
7927120678,stcdy
6240835425,xjzmd
5620010727,pzkcr
6572935956,vfnnm
4194027700,ukhev
5598822656,whuxe
7076596225,voipf
7690707230,kblyg
9260367028,zgowc
2961647820,omovv
2116457130,yhzzr
2023539842,mykox
6799203216,poeka
7363427341,pzoeh
3068589655,nofbv
4694027042,nxsiy
4096070537,sjazc
5963169463,zbuyb
1471510834,kwwbe
6755944566,geppz
7674050305,ixlud
7430055355,wjibm
4850955018,jyjym
2554434260,vpffo
3616158313,frrqx
1281812031,ovwvu
2147496630,yqvqp
8448165791,kgwbz
7906700601,zzrbt
3462139594,eficw
1002789828,yujoo
5457721688,urwsp
6423757114,chnlh
3686849695,pxzpl
6562805408,quzyp
1604880117,pileo
6398780152,jrylq
8302718803,hfyls
6112585074,jktnd
5278972580,btknt
2311544304,ktnzh
4363772317,tuhtn
6755741111,wedbi
8056388411,xjstn
1608805079,mpzxa
9320814869,japge
6365731971,dgsln
5823172415,zsykf
4494335234,byoai
4544503465,lpmkp
6964519670,mwiid
6490602707,tnldz
4246824431,gimqm
1693122541,shmxt
6158951338,dvqbs
1297475120,otmbn
1018883331,mqdop
1679266145,nbitd
9620343041,tijcm
4517116706,zxxxb
8795972334,lkuan
8003930338,cniht
1938533530,lvbcy
8139626403,nudxe
5722756335,kfeoo
5062564592,vhyok
3624270960,arnwh
1263810869,sjtoo
4043808515,gvsdw
3515590304,xuucs
2730860872,zcdhb
6108331317,ggzsi
6488282762,wclba
5948594094,zlpmt
2781597043,ydvah
4621192722,lpwgk
5565187708,jlmil
3667629616,wjrqk
2396854477,siyby
8916085846,giqgq
1889037678,vevrh
1520378973,vagqn
8166882502,kruca
9979151222,asnnj
6747157126,vlesj
5166110269,berox
9012381469,qvqwk
3170161699,sfebb
8674492560,cwbdq
5628800420,izhgf
1072586369,bjpzl
2379495170,xwjsy
3883668669,cduwc
3597446374,oriqm
5710090726,qdoce
3683655736,gqgel
6259978819,lzsec
8928549817,epixy
4027950997,qpjvu
1689094305,kswkd
8494846941,dcawg
8872740946,lonwt
2222590687,mnvps
2734608355,wubzm
5882286569,ujdcu
3846640241,vtkqa
7471230639,ihjye
5487464779,nhapu
5857094989,pcfnq
4793465522,szfbq
3016021338,ppkih
4593441099,jupda
5442711156,tjuxu
5538943215,xxsmo
6140517076,rprnp
5751320296,veddp
5194686678,pylmm
8137067175,zjspp
9451713434,yipor
3881731744,uznph
7493205903,amuzd
7640125415,aqqgo
8974244546,frpkp
8703669513,xrxhh
2708076256,ldexm
5258089717,rbpoh
2235883262,oxass
7736864609,vrntu
2627461657,hjzkl
3155765987,flqnh
1366140354,akosi
6508006013,aodpz
3724727730,josvj
3179533503,rqjmr
7352950488,nazor
5052768651,rrptw
2248965058,zcwjq
2813639784,dhxwa
8077158098,hrjeb
1679595226,einwd
3922158686,ykcap
7773134119,mwhkb
8523942944,kfyrx
8570183889,uijyt
5922944488,pqtet
2944534704,zexfr
2628292787,yhhsm
7937349884,trkcj
2235699935,zfflx
6153451463,gckxi
2974642040,kuike
5010872447,idonw
5746904709,usnrq
2351545051,qshzj
3056752477,yzlzg
9712513934,ughrq
9027706028,zhbkc
5243842778,vqcij
3350277669,tnzte
1312011578,ozrkw
6158123869,xopab
4249804400,jzzad
4848731347,eswbw
1485518345,vdpdo
8555219060,tngfg
9670695116,rdxwj
5486708070,fvkvf
9586272702,xjfrn
7216728068,lpmut
9573715175,yczli
7799702978,twcii
7627849317,cdwlz
9687106817,manaf
2473789546,fzbuq
9396706999,uvqnh
9877588274,etbvm
7538272896,xtcpy
2131061553,buwgu
8488282588,xhini
3007050733,bjvfb
8249388035,ujmtt
4629836426,hjren
3437885870,xthsq
4304725467,aysfg
3317203181,esnhb
8586037783,yyjhh
3335964044,xpyjv
6012542995,xstsr
3292569698,tkeiy
9305414657,dqxiy
3725853595,aifbf
4007312360,brtmo
3617609729,cvght
2060653632,smbll
9534962230,smzbk
9482769593,vlkyd
6068838005,axgeb
3011492082,nbxje
3184764018,jtuni
9766292836,isyaw
9949713731,bmzgy
4141246370,xodin
4944270136,gwcpv
3938978146,jgtze
9858091351,jgore
9403271782,rbcbj
5306885792,fmjdx
8051985199,ttvoh
4822488526,jjzfz
2154996274,wodqz
5934944826,bqmfr
4445713597,xedbb
3682804272,ftecn
5340855871,flhmi
9372555800,zhrnw
5629614811,jfewa
2191730966,gonpn
9433722574,vbmfw
9862831683,pwssh
2102735987,udltf
5129316784,sqbrd
5981316093,gwlyr
5333013650,ozuem
2623822088,dlhar
4669691617,kdhbf
2933441265,bkbra
6202887242,arlwd
5488365947,aoxbh
8096829455,kxrxr
3782417024,nkqtm
4247033187,nezgt
3136771715,dbnie
5434466867,bemmk
5730523397,ngswt
4963712795,nvteo
5437535458,txmhf
9924031737,mwunb
7704241139,tnixi
8544449183,jwchw
7081898751,lvvjk
6881813210,yawqg
2275959091,cuyvv
1309063992,kwwer
5637498208,xsuhh
9785776098,cgfjp
9177771456,ijkyo
3930413704,xwafk
5264861793,fvhzt
6835072310,ekkaf
1599038292,jdbgy
5977268711,xfdmr
1147966898,qsnvk
6253668930,xmdel
2833239339,nqfft
9318465053,mgxit
4848817214,xrnis
8594957632,mxaxv
6724670630,giwul
5265465770,viagt
5970609607,kaijm
8454710262,vqsqi
1033872388,htxpf
1197033043,tpobh
6098268373,ipgoq
1995257775,szgbm
3077706731,ypemp
7249439929,csygd
7684011144,wxagz
5764463029,etlgc
3684342934,qhskz
6872487593,nwxxh
7962120435,aoxhe
7538790234,xeccf
8297636324,evecc
2445464496,mcwwp
3011304686,mxjhp
6532553725,oqlmn
5827490714,lvszw
5447964389,sldrd
6057909924,usyxf
6574513452,ruorm
1423689393,wnfwb
4679547828,quudl
4923751150,aften
3508861607,wwcvn
2355135119,cktbh
9635042925,eytyg
5780395440,xgqei
3104676485,bxjgl
3752225706,zvjry
6162888066,lucua
5055939899,pncup
5147902642,fzuog
5854222768,cpadj
2596945353,vaiyn
1573545960,xpryo
4173733602,mjcxg
3899955207,tlzab
9690703604,ohndu
8016029586,zwsfp
3782112234,ycfwp
2188130420,vlrbj
5350989042,xdigy
3195496171,ifidr
4902868034,qdoef
8458084973,ncszv
6685092061,uiocz
9190433931,gjibj
4161760551,edeye
2371016359,bplny
4894712107,sdwxj
1245421109,xcyxl
9318201460,gwemr
8253062909,fqzwb
5069714559,favht
5382786201,oqpjh
9594156374,uxujs
5865140604,lroqx
3300470383,qkacv
1992201100,uuwhj
1238437106,xcofm
7241519762,nenod
8077115669,vfpwx
9562756498,xpzeq
2075058150,hplfp
1977703757,kjtzu
8930020653,nchas
3155807099,moecp
4851282761,nsrhs
1420122006,xdlnm
4796954535,mtkqw
6205762768,gqxyu
1784755129,ldgnb
7350275842,lroqt
5994424742,zmsyf
2224704901,kwjri
6544082686,pdsda
1790389653,xxmfv
3997126989,jleho
1176597299,ytvzz
8970091200,uintr
2439950264,bxrqe
4222728407,thhpj
7529575536,oqiam
3507857007,yfgxa
6299179610,tzqyi
4241330533,vpwwg
8715713273,lvpbh
6197283993,zbvob
6887711563,dzrmp
6360116232,xfmbm
1115221499,kjysf
9447493645,ddfjl
6818562510,lwukh
5948788139,foknx
5600985421,ttxat
8113156787,vntct
7149030336,gvfwm
4503253108,syrut
8475307336,laixq
2956935984,yueor
7253026926,mdkjc
2631749257,tbddn
2741709902,rswzs
9826762926,qoyfz
4660274253,oswel
7974426261,yslyd
7450106965,zbgfj
4381846022,wsqsl
6769731863,fjrck
3826213698,sgeff
7966219356,vbnhx
2444895980,qreai
9007748621,fayss
9034926013,nexew
6024716568,ugqfd
9380689702,bacut
6898998947,pamwz
4292351153,nsnxe
8168162960,qggyi
7927294921,szzeq
8384859123,jiyrc
3730945185,jtdwd
5970761286,wmswv
5232184198,wemna
6326413527,gaepr
8939401791,ffvdu
1083321888,wdfbz
4872079651,wpcnr
6719380170,xgolb
9090335961,akfvp
9636961734,uldzj
1027316759,wgycc
9105356222,nlmvt
6041614463,tjgmg
8784062638,njwao
1275332263,xtzyj
4079055810,cjour
6774120814,uulsf
2695754147,ljbgk
3844614105,pyyvq
3178853501,imjbx
2977638355,ngywf
1358153627,foeck
8085708802,csliu
2602992536,nbhko
9997007682,rghnn
6339239763,lhcsv
1078779228,zdlpe
7674067361,xfqmr
1465745221,xlwtl
8424916248,vyvap
7720154742,okwni
1842520326,goblq
3799164137,tuxrq
7672351765,fxgea
7922443154,ukcbc
9045764651,jwsqn
3669472294,ntneo
6983262414,mxmte
7423989797,aytqw
1566201354,hyjsz
6000106520,uatci
1672033509,goucq
1257743141,kddew
7036100954,rwwxy
6750549079,razhd
4766963190,bwvou
6004404606,lhhzg
2764627490,urmfr
5135121093,htbml
4982873215,xswli
4832832591,idmie
3161073331,erres
9740049791,bjbco
7016704382,yeohf
5387189090,izscv
3872050294,gipbh
6853911247,dipam
1390278997,cdgel
1304833525,kknmj
8143728927,kuman
8322452561,wqnqo
5482974142,tleor
7116154657,ybwdl
7256240284,jvovl
5325736405,kouzz
6248751011,knifb
2074765785,kvyfi
7122223732,kymqu
3901529461,sgqxo
1832352384,couap
1375213297,opimt
4275251046,caqyi
1868594138,yjxyc
5063479368,tldkb
4646493703,khyds
1547403606,kpcar
5784912498,wmozh
6250902628,kaarg
6484260959,phrkt
2550046343,flath
2984544858,kaqee
5663531743,hgshy
9001712645,wrwym
5251672975,mdfjc
6630504502,afvye
1470567498,vhjrf
6543516723,xckoh
9547143205,xboep
5027041833,haejx
2370745478,cuvuh
9663159715,vrwdg
3342424963,uctzn
7574895215,zobbb
2420124989,nzmbw
4176090080,awhvs
3793884437,wghra
6013394762,vmswp
8738776818,tmhbi
4756236248,ybpyv
3247701265,ldcqh
3078163251,rfrdf
3728092635,lngzg
7917384732,hdvzf
1675820395,bygss
3278342512,bxhzp
1580054001,fxlbh
5816417352,amzjq
8657730716,tkrnr
1760531371,xlseb
2574456518,edtwt
7344511709,xrwpe
3474209201,edljt
5509566210,ftltj
5154767106,epedl
9313282805,ykwws
1025346342,tenib
4173570670,saivr
1768319895,phkgq
9891173372,eixis
5796171594,mrueu
8128271273,grect
7266316252,pxtvj
6479668235,vpjql
6846190088,kkqbz
7070784329,azrei
7814193621,czgrq
1026604787,dugar
3903770305,cnvwg
1345671307,zynba
7025011355,leyod
9997304606,ybmfi
1347666769,wolga
6497111156,ffnbz
6980021907,bvxtd
7031071371,gcscv
6784603455,sbrhn
7106099112,yvgpt
6682818585,gmnav
6691586341,jjtzc
4992018530,imnti
6188882008,zorbd
6934601752,pgevl
9909339953,yhmzp
8834421696,cuoyk
2365336738,frxrr
1392337042,sphin
4751114507,gksek
2956558096,lapol
5530523412,vdrht
8783632148,ifgfv
6644079246,twerk
1840654146,uqcpc
4972787133,jzsvh
4974449724,ybctj
9494943393,dpmet
9219145925,adxka
1947706056,emlen
7497991178,wkzwl
7199488973,ibyvg
5577046975,hjsyw
2364330139,qltae
9392070459,tyvmd
3957782463,qkbks
9430993498,kfknk
1236375859,kcnhx
4479744801,rbzwr
7500654654,odfbf
3097146929,rnoex
7964214058,qwhtn
5020438519,drpzt
7048984621,oluhz
3668301097,dqihp
8192482996,ycrdo
6881981406,rxebr
2432505422,lnegv
3123727753,tcbqm
5578671278,gjyih
7859048697,hrphv
9999846265,rmckd
1652498975,moahv
8967040323,jbtaw
9855593242,tpusd
5471075740,frbxt
6253019833,kbbst
5813665919,tspcg
3948350502,lvkvb
7016152705,aftfi
4485673115,wgsjv
5622409645,fxhvb
2948002016,rvncn
5485800256,elxda
7882553120,hxyjm
6098684400,tbymp
9290311715,zaxqq
5493122002,mnjwh
5088257736,lleac
8864535025,netzm
3234571113,bmfea
4225918070,icdel
8249952054,qfldj
8778345801,saivr
8364780139,ezkxj
2289237233,lzyah
2579339527,vgejh
9328093378,zcwbe
3840846168,blzyo
2603182731,kofed
7163183508,aklpz
1677827848,yxiuk
3239387480,eipxs
1251652199,oczkw
4555986589,dlqui
7783627994,gmmrh
5352538907,mactz
1563658661,dkchh
4708180675,urthn
9088213416,rtzvn
5510100537,ivibm
5895759372,ijwzg
7792031678,fsosj
3003540131,ymjml
6133841066,wtlvt
3001107332,qbmjk
6515142150,fxvaf
2571057812,iubhr
9822800337,dclva
8394821581,xcpzh
5686370878,beutb
2502104501,syjuh
3867747992,ginxi
5614468465,sunjr
8251206820,mzwwh
7743586020,swlvv
7715739292,yvimc
9472040420,xwixx
8352751922,yrxbu
8914655675,mljhj
5763224792,rodwo
1138320208,ohtut
7833029829,zbtcv
4966629902,egsmz
5406101617,vtdcb
9392845278,rjjgh
6286190676,ojxbw
1105841955,lpuic
9156550695,ofqwb
4478045213,vzunw
2369333443,wlcok
7177021217,htyvf
4880842190,jfdea
6296233799,mmjar
2039431498,uqzrw
6650574717,ccola
8600577083,kwpik
4351630220,sprbu
4248731259,omrrt
9725810062,ywxze
1709595376,zdgag
3567018497,irtht
1077861578,ozrri
5542157070,tkjhw
2084512087,bqhpk
1960500376,fxzbp
2895295750,dfvhj
2509014515,uzcqd
9640125733,ybawf
5638658212,jbqfk
6432992562,kryrl
7593805755,dordg
6463524113,cgabw
8471923371,dhfnf
9453258409,binlv
3712490174,eosxc
3760898191,cdtnv
5064058576,fyisu
7820311388,pahfi
9543462396,ejagj
8137139609,qcbbc
5278586515,eapmh
6143430877,vvopk
9064573805,zrivj
5999277762,hquij
9796333879,cbget
1708294861,ojvxl
5058235001,ibsys
9495408524,mrghd
4035773781,rwezh
5802753461,hagec
5377138821,brgmy
5563795061,oizcq
5673292125,jdrnp
4331395728,gcynx
7064411566,ojiyl
5924237725,wpxep
5437234902,yrpeg
3455184381,ycldz
9869338517,rsekf
7457763984,gynzy
4076111917,tatfq
4560766191,ypwyq
4210849747,ovduw
1956549973,qzsdb
8166350130,jkkpa
6305551332,zpjtv
4819079343,nkxzi
1834403025,zmlft
7278523089,imtdd
7913360781,apiya
2880505224,rzoqu
3624193937,aqftc
8148017882,sgqjq
9632722384,ivhto
3625046085,dptmt
8028208018,djuhi
4681459944,twryu
5656221302,yzard
6212192660,pgeot
8695173717,bvqqn
2879093143,tlhsr
3899473122,hxpow
7010785094,fqbmo
4189033935,gexox
6204194099,iqsjr
2045525798,bezas
6835575349,xixlf
2732380567,jktvp
6972669737,kwmea
9607922244,zccys
7442594789,kwpft
7664058556,gsyny
8073809672,mudzg
2033816995,jnrmz
9427092016,tiyfl
5158333268,iglmf
5058743720,worfe
6596226642,fwjgw
1095538737,vcopx
8856645111,tfpfc
6222818739,jhtab
7929531182,dxlxq
3176884964,bxynx
7375044518,dbzbu
9678898847,hxczj
3342695105,sntjc
6053003939,etzoe
1539262707,atocv
1170032674,rppvh
4826547873,wkjhc
6632374016,crydg
5627590721,kesmw
5329216051,actte
1815034252,tjort
6425608956,oosyq
7678466291,tkogu
6659158808,ptkkg
2137924367,seedo
6862772889,xgzln
1603531721,rvxxk
8279742599,zgjjn
6850313583,arett
7857182195,loxvm
7106570712,dvuch
7062190164,wbtdp
9794767997,azaxt
4889599109,xkuao
5606919578,rtaag
5826376739,leouh
3657395951,raaks
3786812232,tevfp
5718369374,yqdnq
1808377840,vlyme
3385202007,oqwpt
2747511585,qldnq
6248415289,ywqla
9299377564,diiki
7371156774,snzmd
9062254751,pmgwx
9307197723,zfbdb
1022770887,eimxn
9909021134,layfg
4827165188,rhutc
4160979189,ksxre
4828853051,nnkew
6464584237,uyguj
7896232451,pmglj
8080424029,hlkqm
5048227884,cvhpw
5117883678,ybjwh
7252847917,vitce
3112819128,ynvnq
9520625344,gjgwd
1250575308,dzzcf
7708597369,zjbah
5344071502,qcolr
8336259327,zuodr
1894118730,bznkm
3786674132,fmglp
1767212890,elfny
2060764424,jvxdv
8127060605,slpwt
6929397310,fmbfo
8054602900,jgxfe
3898519146,nniql
3016123859,ubnff
6059997566,qdesy
5906248438,xqvgu
3908525486,ylfmm
3047917393,iwneo
8621760626,aoffe
1582441383,rodeh
4940919691,lfqwz
7083959825,ssvtn
4377559301,unuec
6675990640,rtcll
6257202527,tsakz
4454342712,xsmnb
4343315146,wtrfy
7133448687,tdvyd
3493981495,fvzxj
4076989256,htkot
5013944559,kgvly
2946898738,rxpkm
2406163153,aqhgi
9055761012,eztmd
9899608218,ulnbl
7175273264,gzpyi
3831844883,oyhrg
6232281853,dmnei
6625040683,piyto
8646717210,lgolk
5509602310,wjdey
2774405425,vfvha
6295832053,ljmay
8814327702,ycmop
8998473187,wfgco
5122273678,gdfia
9155836847,lccne
5783685471,geyja
7848726843,jwmuf
7428740343,oyntk
4308005159,sihoe
7580211612,otptn
9990085435,leomp
8118514777,jezwq
8210274624,ijbru
1882913902,zrolp
1175959667,bijtu
5093597964,rwswg
9129531961,pnbmp
4537992550,ztxav
7270179297,wzeos
3166021857,rymke
9849113176,ajsep
4845952975,tzgqu
6364395220,feths
8119458190,vavee
3699072953,wbtyg
2862713450,byorg
3109413946,fcohz
8979207722,wcwhg
1053977559,cwcda
1628558219,ehblx
3500663786,ttkjy
3012866863,bmygf
2103493652,rtqqh
4590604498,aiuen
9736299834,uvzgb
4131462251,daebe
1336558775,ufysp
9376915132,umpvk
8148732911,mlggg
3842729533,eesmp
8570547850,hnpkw
1681471282,ccfyf
1525157374,ewyjf
9270259584,fjxls
8494693959,gbznz
9656189879,dqjql
5292442338,wkmnw
5580426254,ascyg
5095348178,ajpvj
5887297509,ubwmi
8989438973,fwuda
8343170109,nmxja
1806181514,twkry
9067313257,bzspn
3115339527,azupc
7486893597,fozex
7962797185,rudqa
2246680172,buhtj
8654005650,xzsja
7139831961,nnipz
5950753801,mvuxq
4657645582,gzfet
3241357996,ixtoj
3794418526,rghva
6596630564,xhovl
4597626486,dpqje
4439140544,kwitg
7139896459,kaklo
4626505472,diddo
6572883634,grkqf
6895240096,dutbc
4350676401,kinil
3538703999,teshd
3177634042,ctunj
8976439512,vmnwq
8454794865,qxacy
4707223448,kbqpm
9841387914,uzxeb
4084761810,twdsy
1630958788,rwebs
8969271551,jqjsq
5583774042,jydxv
7859310391,sjahw
5504266565,pbhwb
6175450357,tkqnj
2225759020,teeak
3535277129,vkece
5527042966,gdhfn
3618894389,fomfc
3950276743,gpoid
4786426906,bixvl
7960561182,romsn
1831910490,tasyu
5245251783,rjgxd
2455843895,qycju
7191932251,yujok
6204975864,vnhzv
6894222453,iqrdj
6134730008,rcejl
1852435246,yguzp
6392186900,xbfjy
1506367652,qucov
7836653791,cstfs
1525485341,hkhig
5505100815,bdmih
2073095400,quesr
9457766133,rjhgx
6879447755,ijxzr
1795106018,ajgst
3880688283,nrcjj
5778359113,ajiuf
3475368566,ttuit
2605583745,zflbq
6853715414,ieblj
5227995713,qrtcs
8565743032,pgctt
2764771880,reghs
9032359017,pplby
7985244433,bebsb
5367640126,mzxwz
3622572744,mnfad
1316475885,uqbrw
2149023677,lqpsc
8445223926,yvgoj
8963174814,wdgpj
1596898926,hyapt
7371661311,zlcuj
8020845059,wlyef
5438950092,rvvab
5222684466,gzspv
2947412872,vlixt
7562299459,ekkpv
2829905580,wkmju
4264516297,fspdt
9609921433,mwqop
6038837329,lugbq
8300135507,jvuix
3951031280,whzbs
5587858079,yluse
6033144442,yfxaw
1756444681,krxhs
7200005662,ndcqm
2523947321,mlbjc
9401185136,bhcwl
1839098477,rflah
1329883785,oairu
5161309827,vldrl
1298144226,vesyh
9723258761,ddsrf
5634904860,rcogh
4557047347,cotud
1332315769,bulxc
3320504425,ffhsy
2168377646,ozhmt
2509302727,sunjr
7505773598,pepkb
6526073409,pcpav
9146259006,vohlp
4153483010,glltq
4178502519,pvggm
3285315903,flymb
4502965559,sjiyw
1338152947,ibmbl
4300972106,tijaz
9640153804,rfopd
2090777222,qaizd
7797554429,schpn
5197089372,rimni
2304975068,nnxsw
5614109007,mgxwx
9815014906,hydce
2056258550,mwwlu
9218562669,orzva
4809517835,cuawe
6105488645,lbvae
9213801101,ivntz
1649207096,rhxgy
8296473818,nmcgx
9365208885,qxarb
1314111869,iuptx
6772269772,mhzlq
5399363076,xoiba
1120036647,npfov
4460624739,dtjxw
9061928725,ycgxi
8047647822,mmavv
3055008454,ajkmv
2018694395,ywlou
2117822152,pdlzk
5511890344,enodq
9631086020,uyuul
1919136054,flxgg
2870528849,zfuvg
9621544117,toqqa
6048750042,jwcka
9152600744,mexnz
5649692218,dpzbe
8478057705,euufx
2877826054,nwekj
1000119766,fyqsa
3323523968,pzefl
4109164579,ociub
6752665771,shxbl
8167245253,ovyxl
8924571576,jtxin
6708428638,cssnk
3106325663,suvda
2219177833,pvehe
2477776496,nzhdz
9973773215,nyita
8077261929,anaqh
3145860534,dgefi
5654924705,tifcd
4666417223,boxei
2877914404,rkkph
4947455911,bgydo
4197951359,gbruf
8602377305,kkmqw
9935375455,pgnxn
4766610225,kgpto
6779840810,ynesb
8390574356,vgchh
4654509797,swwvn
1040007617,qhsmw
1224977082,fnhjo
9814241807,cuany
8264076300,ioyde
7489055755,hsgcw
7318864791,sykkx
9578933445,makgc
5762269713,akidb
5390944424,ujejl
1705115610,pgymh
2347375133,xoajg
2820494480,gsrgn
9437420351,bqpjh
3770160161,iwaed
8280047442,djcws
7060731481,jnqst
2536470067,uextz
1925431018,zcpvt
5672670725,uybpp
9952159865,ulvni
6553513752,qyngm
9410104520,jajyu
8873931697,hhzuc
1364760017,yopbq
8594887966,anvqi
7897636342,akjli
8407028286,hzbeq
6274554277,emjoo
4578195515,rlukq
1378491101,fiebj
4966121623,fvthd
2751386648,aczyo
4358632629,wnbqa
8484610567,svxks
4888134908,nhdru
5880543656,pahgw
3991788202,tuuhg
7196612076,gmfgb
7024321157,myxcf
5318524316,vqopj
2195000120,xlsdr
3980248881,ufgup
8858644688,tbjqy
5093135335,migez
4277938553,ahgje
8436906372,koiiy
9192334744,txctb
3682243586,xycui
8919578988,qxxpj
6010669860,wazus
2880845049,ykkol
4775982646,sxmtr
6428343792,ksoha
6391431392,hpqii
6798985234,lfzng
7792512087,yyieb
6080600847,koqhx
4239570597,wttju
6708867559,uwvrr
5662255176,trqxt
6856185913,fwjgu
8745919840,asqdo
8651706892,ltbjj
1321533425,oaxef
3417723305,jgulb
2130959914,uihmj
6544360960,dkvij
7191697164,glxiu
5306952145,nvyej
5489650742,xnspn
6162271480,thtao
2056512431,agvnv
9965704627,utfpg
1880581834,vzids
5051364643,sazws
1020092458,kwlbb
5205092451,miqdy
3066848027,prhgd
8535845327,ykvkd
7803552550,xvikm
4226383346,rzirn
6490162362,rritv
8277772020,ocuuy
5505507381,xxvvg
5676764085,hgqne
6212501972,znrft
8406534922,zasun
1694796952,qjivw
5786785886,ridnu
6116467150,afpuq
7564344228,fzgsi
3658384558,yrtub
4949921462,ndqpp
1733263112,mmaxp
7062586248,gyess
7316019192,vzfmt
6859640758,szcvc
7292209008,yudos
7616059663,bjpdf
7220292875,wgtrd
8742577567,mbrvk
2168578402,xmuxv
3020565883,ehyol
3687669366,vimob
3534449359,vncbh
4174964685,tpuzd
5209645890,bwyey
8258435262,jysho
5720075914,pvsps
7171593148,twbeg
9668894486,yavdp
2761397029,cldvb
1687087950,samrm
7077637877,fqpel
8687344740,mqvca
2624211475,nhhzd
5480122223,sxpnr
3281960647,gbgux
2651186991,rentw
4383109046,pjteo
3663612619,tsauo
8241336358,ekixk
7193287413,rzrvg
4330336072,hzgmw
9431434467,vtmfe
3693614452,stjbw
2654041085,ftqib
1245740722,hnbtp
4065022284,zosix
4726608931,wdghh
7946259667,yzqfq
6130600728,kptko
6296540965,hdilt
8654000099,psnaf
2175897474,czezz
1473231789,jcizq
2303400629,pkvdl
6556930791,fruhc
6910000276,gyvtn
3005447192,caljf
7955002677,rhqwy
7807058420,fetrz
6866171219,heady
4776834913,hpufy
6042616006,fiafw
9855029750,entys
3249980531,dvojj
7152345302,ulgvb
1309360979,slbsr
2175782094,knstv
8698893600,pzhbz
2749100447,ezkyx
9667312262,ynsor
1198673147,ddnui
2481760162,bivxw
5554335804,soemx
4918371377,ctwwa
1368424455,hknme
5391902919,foecb
1537408413,tsdom
5095696884,ktnjb
3834512181,iiwwg
2256231306,fyyfy
8228770765,zfxnl
3142867250,gfbfn
1064224892,yyewn
8295683379,sjcqx
7683609026,njcil
5328803018,bzccc
7883051031,sztbp
4303634644,dtfms
9707728526,xwbli
2397910951,txgvt
5463607678,pejle
1882385273,rkauq
8823772500,vcruh
6704902832,bwhuy
4212161435,bftbh
3798540861,qiedq
3663709387,bubrw
5018915106,quqrc
8456794839,cipyx
4369783399,vokua
3719350748,xokhy
4870406723,bddwe
9234014517,noupp
3902516248,ikvce
4854608563,ubqdn
4597840959,iuwlo
2671316317,itjto
3437263615,cuisz
6509627176,iyiwn
9555541889,eqexy
5856684421,qiura
7458298582,egqiq
6709525683,waqio
2061110943,vzkvk
2814415813,iigxf
6259880420,kdhfe
3599131833,uodyg
1697213090,auxmt
1748619556,ttsrg
3752486114,smkpz
8487062552,gzenf
2675218589,akawl
4606969020,hwgfj
2646574652,ycbfa
9056973746,mvsvd
1668025237,mbvrj
8411571143,kaiva
7783430428,mghle
9787585367,mejcg
2026207835,gmwtn
7751571030,aayli
2973962152,uqgti
4388311700,xfqcx
2360685033,buvkw
2641746715,emsyl
5810528480,rqale
4962264085,rvjma
6384280104,pmnpf
4888306565,bfjoa
1473858856,kopui
6212935913,uwvim
7022153049,glujb
3546976373,fndlk
6398980620,zmvyy
4626923587,hxsey
3868899145,nuhen
4443032856,belws
1147617594,gonvq
5302712260,vxhfa
1374344421,fbdqb
8041107554,qbofe
6150712593,cvrcr
4619250177,ldqss
8229918369,cxhll
3826623101,jibbk
3579683308,onile
6852713924,qjbeu
8020004731,snnur
3824707731,liilx
2769950536,zvsmj
9617734285,pdfbo
4071713136,bxgdx
6134437995,mboqs
4654772349,rzrat
7654454433,ckdzh
5949540281,pdnlr
9475172233,cgetw
5807421759,flzgn
5866059149,sdrup
4763842388,cacnd
3809139561,aqimc
4691524892,pvqvs
3716709273,smibg
6720939056,iurit
4455882010,uapxl
1011404884,snbqm
7801095396,xwknj
6378133779,lonno
8089887496,kjefh
9854840162,vyocn
5706329319,ognwp
3180787858,zbhkj
8670285433,cgzsj
2777190064,abwlh
3239254746,uolyx
3423077878,urydd
3999864073,nezah
8750390626,tvabz
9666833452,stinx
4626952972,pzezr
6156798249,jklfw
3850385305,wldrd
4025811319,emkvs
2549059551,obuot
3792173091,bdjrw
4418612642,vaojp
1283650109,ihpwj
9444133068,dhtih
5938006957,xozxu
5614851703,gcjie
9148307638,myzbk
5726821271,hrudr
2945812834,nniyk
8098239860,bdvgf
5524632644,puaoa
5849011507,ietji
2326908377,csfzn
1274121245,fwohd
2811957208,ekuop
8620519843,dupsh
8038524214,amlmn
3166532706,yncva
3666414063,oimak
4682857667,smwrb
3136716245,giyin
9389037195,edknc
2167277571,msvhs
2109014395,sgatw
6955535012,rlxou
9424566627,xxbwa
1229132811,yrfmw
4630870384,xwwra
5516417932,aewcx
1109845085,wvozp
3518170912,zmxuk
7098298869,kluec
5329131892,zknzm
4466676042,qcypa
2356740880,jvwec
3510967836,gyoks
6705644448,ruzds
7995220419,hepok
4155736532,ffpsu
1056948653,jfobs
5211975618,wbibq
5340778571,tdhhl
7281602776,dbhoj
6767572058,aedzp
7759244207,swjow
5484239423,qtnzh
6840870695,sdfvm
4286745018,ivtjr
2473415407,karoc
3395115146,pjxmr
4732181543,ysqsa
8307414463,wafxi
3300968727,skawy
9351981619,qphpx
9313328909,nkyzi
1834070663,fkslo
4637425809,gngbf
3672690979,jjinr
6598929072,olsxp
2543502310,rdxij
9306774441,evsey
8263039047,ltzqk
4089527472,zlhzh
3568517035,pjlms
3708285260,lpwjw
3148552663,gjwgr
6357317235,nlemu
8382141153,fncvb
4438436734,gdyoy
7803173642,tloqq
7716232293,kwwyp
1610817873,afxwg
2994834899,wccti
1265698628,ntmnj
7148133321,rtpzc
2397203716,edshd
1569862240,ebngi
2635404619,vneor
5950936691,cnkuf
2451456945,gvnpr
3319897687,mjqek
4396179095,jafxn
8767739759,qyone
2917589401,hgihu
9286571229,xhwsd
3763729316,pkjnu
7753787884,jlnqe
9358781389,iqrma
6929797997,csvep
5806914321,pwcdo
3158504171,xgahn
7381649214,swfid
4531285190,wisjc
9131923134,oukhs
5896773615,mghdw
4464239498,cfftd
4070114483,vmyta
5030021777,slapp
4907471049,nxrri
5284964597,rhodw
7767736364,uusrr
6041279233,roehi
2281986101,klhbb
6621614319,ommlx
6783333913,lhnpi
5249996757,goorl
1873330561,gkblh
4987139141,qsfab
5075929801,knneh
5577225901,uslda
2524195337,eybdl
5555219936,xphuk
4369947283,dtjtk
6460744234,otxgc
8065827237,zmbvp
2719054357,lqxpt
2651287707,znyjy
4981182561,safad
5291439763,tjwoi
2755192930,fqsgu
2181109351,zsdeo
9231464410,iqrpa
9198469553,mpnda
5189619929,bffsa
7231209821,wzsbk
3361794890,yehgl
1526344820,zasdm
8205557885,qsbbk
8391275796,lklwz
4755609698,wfdqs
1408579915,wpemk
6090696900,umcdf
9620158620,kadbm
6471200583,szats
3417485292,gnuiu
6738414268,ezcug
4010700662,kfibr
4055467062,zawqu
2471385134,adcrh
6838923233,ekulz
7953080412,tzhca
5303025806,ghsuc
5699338878,effcl
9470362985,zplcs
6618896353,qbpnp
4955813768,zhvay
4999388566,fipez
5751833099,daxap
3415763869,xmwic
2925651774,cptmf
5120680793,zkopt
3480476805,ippms
2256779882,uwbfk
7621016894,oxype
2852824783,byuok
7587670153,nemnp
7524074065,agcxq
7465560102,srlki
3873506927,geugs
5422703396,pfsgl
8584423568,ajrmd
8980687539,zmoco
9900954292,gmigk
3020011018,thjsx
9182818151,ckruu
4249189441,spzoh
9347683898,lyoyv
2468494717,swcyd
7235442254,nfral
4443743890,djwrw
3227208349,gixjn
7300151088,vbdlf
6522715228,kedsf
3745650882,efbst
8958460536,ciyym
4615830501,iletx
2502447754,zaspt
8070682414,xdsin
6961008206,olghf
1931160019,acxgf
3714199285,jvtrc
9953384230,yqzwg
4856749422,btsvc
1232597402,oljgx
4226117367,uftbx
9337438052,mmubf
1948320039,htbev
2998473500,rgben
9512360410,jfgkq
8068627749,qdrbr
9499144453,kbdrd
8117328225,vazii
8031494948,tzufu
6178191035,ijcmr
7385472703,hbfnv
8748869974,cwyht
1514083275,cfmlh
2629416019,homxe
6447827493,csswu
5325981896,awiue
8511068235,ukknj
9796498875,abchy
8797867908,swcgr
7756744908,wtrsh
9176711526,jfruj
4442762028,qyvwx
5000257543,vnqdc
1608326455,muwxv
4424786700,ufazu
5741877844,ciavy
9167679016,dvcsl
5251886544,pwtzs
8839120430,fulwk
2941961577,pmfkg
1527879959,osgdf
4680260456,vklqb
8857415515,iyqkz
5631743422,kcszr
5748175895,rzhtn
2380649064,thxjt
3375655783,jenrp
4029543138,uhwgj
2854032931,ksbtm
2767891530,mqcka
6831619272,voiqg
6709687749,dtvpl
4133315192,fwfca
2647252151,cjein
6583199567,duapo
4696739693,paidj
8530252015,eqxbs
7532724674,fextd
7561614628,ktikb
7636644681,ickyy
4450656829,coyae
4599011834,bfkrf
5066159302,qvwli
4074507726,wqrve
4045963281,djbkj
2748555933,piybs
8680547038,pejrf
4641641239,cxoyb
3839920170,ymjif
2516407942,heepu
7596912458,knidz
2190395567,ouvop
8686085706,olilr
5926737271,iarlc
5759525154,kofax
1095564437,vhsbq
6315327528,hknmp
3438034757,mxvhw
7427453963,wfcrf
7228641220,rpkbn
7546100317,lenqf
9857270761,dcsfc
8477204541,dzsem
8593111967,nvsei
6751448687,ooawi
4587048387,wsanp
7743650228,wniod
1572661558,knucb
5763814414,rwzjr
8360587804,aybua
3654990665,oyqvg
4902896465,vagyk
3576776019,ayhdd
3673135621,dwfck
2724443718,wemoz
3085930365,kcfny
5422085625,kdsmt
4248966602,kfxgo
6758202615,bsoxl
4364916923,ccrep
1805654658,mxdpv
8900497485,rflez
1622419197,enzbo
2579598043,uzgqo
7175441351,apyob
7682590577,ikces
3385376490,vemsd
2844780670,gkuwm
2162403308,nkhcz
8615254521,bbnoj
1819428089,nsafg
9660939925,lwces
4506084977,sjevu
6673627827,cwwof
9468170178,zgnge
7945589961,uajfy
1134653134,pmvag
9781498890,pgqaj
4933812120,yhkav
5639619925,cvcrs
8330074535,icvtx
7350475904,enquo
9469453249,dqmrn
6475510673,taavl
5101957540,xhqyy
1909759765,txxmn
7577069843,oqian
7602230248,fezsh
9924091132,lpsui
5473270776,lrzkr
9624921342,orfkm
6781280089,msfdp
3015362887,kffkx
4599522667,eputj
6810395297,gvdye
6553737639,dqczt
8341182986,pcfun
5526966056,dbdqz
5378524200,adtcu
5591725823,mkrme
9446449292,hdsxb
3115293774,evvsy
3325416203,qtfru
3974897825,oenbe
4537600232,bhpyn
3681009847,xyyyx
8258655258,xxhjc
1421403560,cbjgb
9337336629,lzaig
5676840406,xynvy
4208350845,zmmay
2951956677,dzoof
2171360190,qtzwk
2900522590,sioaz
3734635243,dbgzn
9108554037,lugfe
2400149775,cmpev
8753280214,gpgza
5399459085,atcre
3550435651,mwjcv
7281760980,lkvah
1265538373,heahy
8164857343,jgokj
8415017689,umscu
4340754560,flqhn
3803420528,safpi
9155680584,tqeng
3723959652,bgcpz
7202268126,zbmdq
4197679415,foeac
6577650757,cmals
9229372470,euzuo
4183609510,pypmn
3312944513,qfdak
3477253365,oyoqq
6454710456,izolz
6113686236,loams
3240177460,igirc
7473002537,uevfc
1962173926,qzurg
4452583033,jqtlz
9242456372,ubgjy
4115428114,nhzuu
9344481133,jaoxl
6912546141,cttpw
3319220163,lhoxx
6733058855,rjxdx
1173313314,jnzht
7695230111,fcuhn
4474293085,qatyc
4960782088,anixf
6787299971,pbeip
8521917743,rocqc
2671400932,ppcek
4540085810,qftmd
8273135596,gxcki
1884929949,byoca
4345806117,irfsi
8031274533,ixdit
4158332127,nfogl
6278660865,xyirz
4234535501,skear
7519892772,gnkge
3535085932,ccuhn
7007664378,uyeri
4880804866,dltpq
5909918024,gtmpa
9040030620,lruoq
1661174397,aebmh
2641507383,dwgxz
1413134741,zwnyj
3116151077,pjyec
5228173178,jwkhl
6242148884,lmyul
2858952098,aicim
3812444572,vgfbv
1098753390,cmndw
2648959416,bvrbt
7194172236,kqfav
1945272297,iwbhm
7226337432,dqgoj
6862276701,oisaw
6877200433,wvftc
3996947252,enexy
3561453772,jkjxp
2610828649,eemyz
5715963487,fvabl
4095149972,svurl
5306598606,vsfsk
1725760017,dvvvc
3968568370,uorbb
3510687812,qtfoq
4873063046,uujbf
5581780078,mesey
5446727952,mzyfb
4637150681,iadkn
9953887937,hqngr
1199211150,nqooc
3873505574,nzfqo
5613812767,tcxfs
8991923958,nrsyv
4920671408,fspmc
4114909312,zgyjz
5083384696,ugwfi
3328847263,boslg
5436649459,uybrg
8814306958,yxnhp
3638950832,bpfht
1975047314,nvhcn
2434665190,vheyz
9544572341,jolml
8286352104,ujcow
9610528858,beyml
4690222958,trxri
3345563295,cihsl
8156464758,hhwat
3733751850,jgibn
1588994544,ahmlq
5147978416,ecahx
9383891928,iqhom
6192636652,ecdkc
6792706788,lcugl
2291981550,lragm
7633788288,dqfdl
5027327572,tqrnv
8826542787,nhszs
6658810782,cliji
7073883666,wgytt
4197148362,dqeqc
3142533956,agcsg
3408311821,qhtkz
9307041527,ssxbi
3557717864,jwnoj
9952683832,zamyl
1720985184,memtz
4229843948,honpg
3651270503,iubkk
4466402596,sygtg
7370035816,mmggl
1954251587,vkpke
6496412300,endfy
9173458363,jzikt
7972165207,fdwap
5484196197,krlzn
8108748559,afxqc
8464801684,ucang
8630238118,shzsj
6696886364,jfbqg
6189783050,rhwur
1125482326,zqvjc
6942531168,uivoj
8770678764,txyyb
7209232436,pdejy
4336035246,cpdkk
9150900272,wkadb
3374656728,ahrlz
9776468197,whort
1568104099,sizom
9281678426,jqesb
1033900152,fhwgh
1078195390,entdt
7692294150,qfuvj
5437922778,gocgw
4257890204,kdfac
2492100609,szhfj
6212222888,uwhvt
9779433220,gzbdo
8055134942,rqchg
7518707409,zufet
6671822202,yubsz
3123370624,hkpvw
2623812607,krdca
1837230819,qblmk
5661042309,dsjjh
6198615424,xahef
5832937217,omiuu
1820702818,aadem
6543803728,sbnki
8643670466,slawe
8620023511,nelws
2110483977,yeqmv
8702784187,ebvos
3183582806,thnlu
2626136872,punzi
5490903961,tjgye
1293026791,zfssh
9166463213,buzgt
9321180891,kdrdx
4119164562,ufyui
6282310673,tuwvz
6134786169,xhawf
4071770608,kzdbp
8723456459,emasc
2598753439,fcpvk
4049904899,vubft
7140972936,kouoe
5066561844,gsbhg
3201639920,dlwjf
6455563152,vkrdj
9341117135,yucbz
7701104166,ymqbo
2709785614,llznn
4438460639,impeb
3142087856,kuiqo
6971279837,ivvet
8064705465,luawg
3332681955,kxtgf
1341282446,hlkui
3609117952,icupy
7654601150,xcgnj
2420924220,qfaia
5535231244,daucl
7223167655,fbdmy
3242150104,krhof
8415017516,pcvgs
6483451558,dlafc
8525450542,ekubw
4108586903,iaroq
4534811987,sacik
4830117558,hqzqa
1444070765,vjzeg
2356211474,yuzkz
1397668839,obvdk
6538199092,imqwt
9176077861,dgdfd
9107605493,ubbvz
7100209200,ncijt
3071111786,oifzd
7789370888,zmvmx
6303704905,qidbz
8211195621,jwjiy
8078705638,huqji
9102973996,vtjvs
6956883301,nilkn
8782376898,kityq
3471608219,fotzh
1679030643,ozrff
2072075147,cuede
9550056561,njkwl
5821693540,tqcqr
7947211705,jdkzq
5024680197,hilov
5125791175,txpro
8983927523,fgsxv
2288793425,psein
6998332653,ymrre
3038471706,jllkn
2364498932,lsdip
2335748883,xkdhl
1680399417,szjgy
7570311702,ieunf
9736400924,kpoqp
4437882179,qxvqy
4079760368,edahp
9707773236,mtvdc
9327786661,wgbfy
8128509989,gxwtq
8047888662,fwuti
7720970621,tqsdf
7764022770,dcffu
4263168874,kjrxg
7754915106,rgnyr
8912577954,oenki
2669946382,tzmca
5156221055,znhyr
1055160580,qwqtn
9987800091,icaib
1716222949,efwxx
7971686757,jdjji
2130659938,osbhd
5314613137,jsgpp
6208281864,xbtty
4334345833,ckjyt
2757420083,xupzr
8910334702,twscw
4636923744,dovap
7304217884,hsokl
5679188357,wjyuc
6227325581,oeood
2284836481,anqzc
3703090229,dzfql
8839828070,fpqhb
7171213769,xfdxz
1603692142,olfqf
5446657238,cpxkw
9231552952,gwnbt
4302610681,kewyb
2326742303,mmkqm
5708597099,tqkji
6219214424,uckdc
2963912156,airmq
9194413992,ajpeu
7117706109,udswi
9680450804,orbjy
3789176360,zsous
3775150936,jukzn
8288527530,ettkp
7097284039,qdqku
1570034796,zhkbl
1308808219,kzabg
5034580694,xeike
5295111558,wckwe
6596985372,wlfhh
4779202145,fdjea
1649151605,sejqy
6814504587,ljtdi
9199183342,gxgfb
7789612994,rvnpo
4659941679,xmqdl
2922496997,nmezm
9961981130,prsxl
3577402502,kpnle
5549145487,iuzup
1247392314,mrras
6158095149,htqzs
2769726963,nbevl
6916131697,gsrph
3405496480,ksges
9853630304,eyzgs
4144474610,dkczq
5613488973,yokqd
7901451110,dswta
1531826039,gjbts
3585017986,skiyd
3422424879,wrqbl
9354247147,ttptn
9845899487,bvmsa
5875345642,mqnzf
7471733926,qjntr
1647747746,rtvwk
1525143185,cckqe
4592679080,ipiaa
4059187780,gjigi
3908413891,kpszl
7075525321,zcwlh
7988729919,yykjv
6548846330,mucjf
2264889662,vxxkg
8296262661,vgceg
5476904914,dzomf
8753091102,qtaww
5545808813,rqscr
3293606363,cwnyr
6831722731,bbqqh
3265605396,qdabr
4063487847,arnot
9102005607,xindy
3271311944,oozte
2468412706,nsyyl
1824886426,iejji
6667970912,mpfnt
5433706568,iymjm
1140773156,bbwzq
4662831022,plrbn
7230186850,uymmw
3744628890,mmlmw
8511173570,psinl
5317457357,lizvq
1714677280,zwxcu
5270518841,vmpfx
1045521121,pnxeh
4341353169,rcvta
5652924057,grxox
9670424965,dgdga
8507364958,swmxo
6107610191,cwumm
7196809747,rndiw
7913903979,hwmyc
3658819962,pwhxc
5242446916,afxoc
3049946982,atdtc
8217092208,rssna
5433839546,qhito
4933480854,nyfxh
3979977995,oayhc
7055592466,ckgko
9249097193,esydr
7981058028,uiufg
4655245759,lsevw
4719204798,tlwkz
3511438057,towdf
6643202899,nsxmc
1117261928,hkjwk
7860289037,belsz
5618258952,fvlpv
8526487950,ykssc
7666828794,rgqxx
8021839471,fudnc
2705347739,azzla
7873755007,pcpgj
6767194184,kchol
1324000011,nwpma
1967198790,teqcs
9660468982,htvdc
2147241030,cnbrr
8352514894,xtikb
9430686432,flpde
8523820968,mrgtp
2480971713,cvgnz
6805598311,esoan
5529993998,ssokm
5933031430,qxxap
8169529635,fxthx
2679816134,aiugq
1197962663,fwllz
8942766395,ydnvy
4243785005,qenzd
3002451214,tldml
9436721187,echfz
6591312308,dkzvg
5499620695,uowxn
2739669413,sfdmm
4885885397,qnrus
8420806022,mmqrm
4709934091,fggii
4456740996,izyvw
3130624148,ezrqf
3630924324,wdqht
7363273307,qwhdx
9783597704,dsnqi
6139518400,xyjvz
5171890552,laeda
5657941030,xsicm
1788454014,espry
9036340790,zorin
7439004301,gjlks
3202730622,fbxat
4092724104,aysam
8299632428,szxye
5509719186,nzosk
1878051382,eiodf
7773914156,sznvu
3855524963,wqsqm
5211787212,jbqaj
5283676519,ioyzw
2793642427,lxxwy
7128615401,xtjde
7322872863,agxni
6147593273,diqqv
9497798954,zqrgb
4204028250,yprve
9661447133,zqmvh
1192863166,xufaf
2759793737,jhiad
6043824465,sahsd
4784945088,tmmqf
5854852200,dcbjs
2492960970,hulxk
8764444800,ediyy
1586393375,xgkwl
6591040523,bgncf
5380941283,puaie
3027035334,ighsj
9575076478,mtqnp
8145075419,xmbdf
3912077188,pdzwj
6947908226,hemqu
4347103084,swxws
3546569103,mpdga
4102328774,gcuiv
7939590810,odsmh
9220828993,ocivb
9064944191,uaiks
3097884866,khrxl
6183587530,zrzya
1638124750,lmtwl
3320037114,xncxn
2660153898,ztpfa
8906768781,jkrno
3114043669,qyroh
1062881167,fscsq
8257059250,tygsx
7195803642,bfbpk
2766035097,vconk
7297393736,jngzc
5687251376,roogm
9576785623,noqxi
9197474151,beggj
2349910298,hptsj
2008638136,mluqw
7512600833,ogbja
7898083541,rqzlt
9590619652,ghlma
1918392029,xxdvr
2651732319,nyclb
3384804231,ubrrq
1487138891,hfqul
8033309846,fiivq
7865892066,xsqky
1362385865,vkvou
4650926745,ozhlu
4467644523,ifouw
8556467777,zrwgp
2248297260,nmhwv
8443804451,oymyj
7659304218,ltzry
3983030896,lkavv
3076799295,eomnh
5524030987,aifbl
3370604841,bzbmg
8763630181,aytpw
1827606484,cjosr
5737596791,alhny
8143332588,eoyym
9215732124,uzwvb
5160541852,qvpar
8036775737,ibecn
3928103561,oszvx
9758976002,cfvjj
1674403160,twvvn
2451383906,cohgp
7594445222,spkbb
1523900887,jqcng
6978243448,ubjbf
6807988675,cqdje
1320851308,yndcy
2046480370,dihki
2337599502,vtaqn
9382079567,thhot
5165265713,tiqiz
2545159706,keqnp
4424994229,fpzab
8814332176,lrxpf
5206309597,brdta
6365295211,rowla
8291180195,bvups
6141287638,gaqxn
7423013280,maqwu
6256181619,onwoc
1765181945,gqywi
3605870553,pljjk
2407985617,bwjmy
1444403685,bmsfh
4027991187,qwttl
9974223169,kryjd
1481623714,fgvow
3890699558,uvfcg
5709105023,ecctj
7276899464,zjnkb
5255918888,oudcb
6388601726,ksjnx
4265337354,huwqh
7171454222,dcsfc
5607955699,xxpsf
2734323697,wxxoi
2503780361,jvosm
7312227238,hwxpa
4302540627,lwesm
7058163693,ezcov
8460690237,rypqp
1974614855,cyeok
8322322323,stjzk
6086443962,pymev
5101695428,olqjl
7956977729,swbqh
8113378059,dnwdo
6474495840,qmadg
3138879751,nbutt
1801305960,qdbnb
1427979187,knfma
4357619700,tyidb
5907311983,moilg
5816343913,qbqvr
6787772607,ocxul
6624561924,gvnwu
4376457305,kawai
4294495579,spybe
6243287465,vrusr
1090045943,khoqf
9538719599,omhjd
3362777739,jkcjs
6374538731,feegy
3863066404,gqhyk
5325145010,ryvxv
2946697421,arcwe
6157364659,xiwil
6806916787,wbopt
1797807340,sjmzr
3714940618,ngjuw
4878616957,hbtus
5290158103,kwsjh
4555912188,ozymc
4352032233,pjxwy
4198195188,dalnb
5512238229,zdsfj
6730233131,cmqee
5213799075,ozijo
2106022148,kvpzs
7419508247,cnvtv
7328201760,pksfh
5889831170,ijjth
6281585928,rufqr
1669980099,ggprr
7942198587,zukbi
8921772506,tkabz
1963135045,pnuxx
5708425370,bmhet
7295128182,ccgun
7023808318,ngfvo
2336764352,jbxzv
7880428896,kiotr
8264584443,jjmyl
2041494671,qmaym
1251606007,peetf
5582575039,yeugr
2790222309,eaaek
4379321151,zusfq
4929606878,gjoql
8727017666,nikee
8301166987,mbpmi
8148991394,yecdi
1579761144,iofgh
8794545991,csigs
3556452161,ssprk
3551584585,uaerv
3937846717,ylaou
8387062083,uqcic
5517445169,bzxnl
7238027533,vsyqz
3000765065,kyflk
1641216389,othia
6240388286,ogcfw
3247801686,vllgv
7030956138,rlfnr
9803156592,cpnbe
8678653307,gibex
2677027672,ncknw
1929492040,wwufd
8429865707,jdqgo
9992727557,hjrxy
6384942394,kwnyi
8718623885,tqlbg
3839549507,sxpry
5801711441,marmq
7437712869,tqgdx
6305945819,fljfd
2097484181,nvhzj
2154073448,iikwd
3415047182,kabzf
6987651047,kbcbr
3919922295,lfypm
6340248958,vicgu
3233760641,cbtja
1708489289,bgagx
2757923043,jsmss
3392893150,nmngt
6234016974,rjflv
1033585844,taalw
8789421704,wfxrc
3021386180,bzyaa
2858277856,fywql
8290515768,nhvph
9917016834,jujpe
3467663881,oruwv
6694011337,pbqck
4759966781,zugxq
7049608940,woell
1790785174,cilbj
6248273093,cudad
1618089160,akqrg
1982173096,efylk
5826180082,nialq
8951368127,kdibt
4298028144,uzepx
8440683826,mmdyu
6668483119,hgtbr
1145909820,xqlmn
3536639073,cvnzp
6969080149,adjtz
3023491571,tqebe
6582607727,cdvag
6966775843,krszz
7657408249,jllga
8722111773,dirjd
7296488569,bagjm
2415448995,lttrp
1844521618,gzibn
5081947747,bphew
9723905743,vdhdl
8670059584,pztjc
4822298847,mkkhq
2224927969,jlmuk
4352613303,lmclq
7428347815,nkyav
6439184881,qdhea
9315258036,kgrgw
8896715921,ocxcz
9658362610,qwueu
7696001055,pitql
5223339981,wrcox
4146237005,wkiuh
6901103425,fmcfx
5865772095,wpqus
1180608942,regdv
7760098597,znyzg
8350446173,ptiln
7163451235,dicej
1211230855,xmnqc
6794641796,nydqa
5749115657,adjub
5904672796,gciqt
1923923473,psqhi
7527779937,ylmnt
2046016588,vxewb
4560242450,papcg
6737976780,xtiae
4122657379,gfezu
7523839705,hxamx
6987267600,xipek
7730570202,snvyi
8323019839,ukbew
8952792812,vxqyh
7756806635,oaake
7216111188,boeuc
4285183136,kevip
6448162658,fkunb
8235388748,owels
6413376723,ddqpt
4203712938,wydtw
3862283546,mmouo
2674030140,zuhly
1092375027,uepxf
1270454177,asgoh
8535786110,pehjh
3336159663,afioh
3637220657,rzkpa
6790727584,dorzn
8071689238,hhcaf
7916089946,tsgxv
5029775063,fasom
9001626615,ubjij
8896959463,hhgux
5206691473,kylax
2548140813,tkccu
6217281954,sxzoq
5099458539,wlndq
3587331390,vovla
8295830655,mlitn
5988943320,gzagk
9323251282,nuomh
3807332901,ppkeq
9094108856,yejmj
5639716125,pvcas
6594011016,vlznf
6412611954,gccmq
1004650603,ddohz
4598966318,ckgxq
3492331756,trmxx
2014771222,fbuqv
6433507572,fkakh
7258804227,rmofa
8768670174,eeave
8237224529,ypnib
2490309081,xtntv
3402514511,ythyu
4166422971,pdkvb
4807899975,mkccv
2281799409,uboju
9295508976,aqfgg
8703749021,beygf
4880862233,lkwdv
4133263723,vstlq
6164153371,covgq
9781881959,jxafq
8780558117,ysduw
2897250814,dgcss
5970558104,xuflz
6592421928,qbfit
4211166093,smosf
1448822011,qbfdw
4639036240,wnhhg
8273486014,pqbkn
9658642882,wyanz
7253643847,xnvzz
9840913606,jargl
1692652190,pjngv
2439916756,bgwhd
6783547610,wrqvq
3558117934,dueqm
2475024411,ywucd
8821450648,zlmtx
1591690827,klpwc
7875107434,ytkpm
1894414476,zuvrd
5346654976,fcurs
3214478061,owxro
4357168555,ynygu
1547802832,ayyaq
4700174433,gyhnv
4213919535,foxjx
7448630535,xwztg
3750851986,laxno
5681595176,gnyyz
3963788502,vzatp
4618157524,shnba
2594273040,ulqmo
2197169292,hklja
4392020496,uabdk
2543037911,xxgth
8309657178,xofzz
5701929607,cbmod
7913096439,asifk
3925213329,gobni
8505614124,knnep
9972318763,xmnfz
1471317899,svqib
9875314232,zpbrg
4567489293,rrvty
6210838064,ldwli
8379668921,aszpl
4089031788,meblr
4962371427,vyzip
2206676344,dpxcn
1907257521,gpldf
8958257591,rdrke
1393327604,lupyt
6484166947,ruldo
6548266245,vmmqo
8687740556,zowqa
2062932238,mocrt
6496179600,bzwfi
4018677210,eixzf
4311600365,vcauu
3512696071,hmicm
3164367931,ossxq
8310370006,agfqh
5479179119,snzjv
9033717547,xnpsa
4652301071,bbtyi
1956760124,xfxdi
3275913250,bnlpc
4988211845,zmyzj
4515515138,shljx
9164376891,yycom
8377645868,uwacf
7582199651,kdnhd
5121114372,sqaeq
8208547020,fhwlr
5488724473,vfnms
7673717474,igywx
7231696613,tgdlj
2336834627,xndys
7362306714,rpydt
6554134320,mfgrm
7858585196,rrwyd
1902340767,rmmic
3065361507,bycdx
8250163759,ssjzd
7755835665,nqxxs
7066823040,kxdtd
5600813654,dlmob
1362894603,eacsx
2936224200,yoeye
3237234248,wstak
9205071714,hymrn
2321753110,xomig
1735376522,sgdop
8779086205,mriol
1390820613,wdysv
3403628399,gvivs
4526107771,tnuar
5670062140,jydoc
7122256211,riydp
5204100396,oteor
3271884618,ysfpb
5136726052,kpboa
6911804121,bnnbk
7641008841,yegwg
1852175243,rjlng
9509391219,ztjtb
8079257648,cfbfe
6270389108,smixw
4461199995,rtlqr
7993494590,tvwaz
7549742635,ulaaj
6511920682,poyol
1574302280,zhogw
9242047052,jieac
9490713654,xrzme
6326881208,anqan
1531840705,vsuyl
2420894959,qmcle
3666475408,ffblk
1207851804,tjlmw
9010860386,gftxc
1240103448,mcdvr
3215345846,bxtol
5502209566,sthsc
4780013519,pgskh
1304934363,wtanq
3337299016,rlhrq
4440349457,jijnz
8918893928,vmris
3165563448,ycxuh
6040456457,ejhfn
2310945441,vcmwm
1699685560,oxzyc
4151478905,qtzmn
6276236338,vgwan
2019714461,kuaac
5041621057,wkgnz
6779337529,mmjpi
8066850168,ysoxd
4124013636,ksozm
1974719125,xsqmk
3359365200,ifufi
8066181225,nupxp
1135276970,kzexx
1985049061,vwxvb
5398005839,qttlg
9014283854,iqgrq
5141049563,ciqlx
4236003632,zcnnp
3912305095,dwjck
3082799207,vwwtu
1412442146,bcpdx
9971795781,rdlqd
4373264811,vcdev
9924051593,pqhtl
9352594290,uodra
2377963432,tslxy
8380806839,gsuay
4861294621,vuvto
1575368573,kcmzh
6735421347,gqmvk
2459202679,zbgsj
4499820697,uqvbm
2870833078,amtak
2006228188,mrklh
8297742957,vxlps
5601756697,ovagb
2750765657,zhhnp
1587185188,yateq
7143021784,ckegg
8663862501,txoep
2044977843,rewkp
3037929081,wtajs
3051171391,uxmps
5394688589,fddbz
5234198746,ragtc
4674626629,myebe
1125578733,jiqec
4676742181,vgncj
8110591517,qdmsn
6452585830,mzsjk
9521629183,vfmht
8093631941,vbscg
1990945595,lplur
7422422823,oynmh
5986786194,msowx
7902984239,zgyri
8073896216,oieva
7655503691,zcqby
1184066743,xmahh
4545497911,xlyjw
4652564213,yecit
4426469175,noomq
5250348832,tzrrw
5260799119,oxnam
8761502629,imytr
4484050122,tjknc
3486530317,ujgxx
8594839788,pmbyo
5490040778,yojns
6238990920,hqwxf
5046623087,rgyij
9277635659,gxrsa
7532637819,qaozc
5237364509,sznrw
9817596042,saoob
8281853823,kefjp
7243167584,plcfl
9387395337,ftwdb
3576795989,twjih
5181507523,qjsvr
7965031623,sgpul
4278088495,xjomb
2487180369,wexms
9915209574,qhrka
9656121801,cfwzy
8585439576,wpfhb
5792166266,ufsan
7365603703,zgisj
2784760211,rzeof
3259927646,rjjgi
5648845302,wnqah
4948058620,wrblf
2139527164,jhlus
6737795328,zazfb
8775280359,auxwq
1631865556,wdgzj
8423264116,ozfmv
4575647576,ikcea
6024017771,ezdwo
5724994647,yoott
2082093502,pgtaj
7717171537,bsley
7985905370,knegg
8941767124,rufcn
7095040936,miiut
2256896204,nownb
1056292851,eggoi
9292104729,wrtwi
2869785652,zssye
8940140066,wpmox
1884075600,zobqu
2839360314,fwrmy
8165572573,argas
8922659203,imsas
5332361123,stscb
2071554165,fcuey
2942719902,ulksv
3455557796,nvcfg
6456470798,kdrlo
3644483470,rpcqw
4442303350,hhxzj
4906954238,fbiii
9739514226,weijq
3671546155,ynpbh
7027040918,mquaf
8398978243,joipt
8934352869,fzlxw
4684584859,qdqvh
9863613196,ywfuq
2539393982,eiugb
8983752483,ucstm
1499533021,rruiu
1366747329,pcrei
2473531446,bwzjz
4001570158,sgipz
5596597952,oecdx
1327188000,mvpit
4205860241,fegxa
8510894056,syzzg
7114840636,wphds
2074515380,scnie
5798941265,hxmsf
3164802692,zqsds
7113678909,dlfwa
9777510036,zvtxn
3642276289,jwrfb
8706519666,hfmzq
4064781702,bqhgo
9899329362,wzpqp
4523635783,ffigi
9784788707,yuytl
1463955751,zcytp
4125494262,aktzx
9868536917,scnyh
5320953231,irclr
4577761704,djyco
7763719690,janfq
3881620579,yylor
9348440348,hdbis
2206231804,crfej
9815279816,ihynr
7053747280,xkwwu
6447440439,lblln
1712395916,rgcqt
7999794443,oypvi
8817392283,dngig
3579378804,hxsms
9940653630,dnddi
5034458318,fxrsg
6326887475,renht
1169204771,gilal
5519166255,abseh
6250719301,wjqav
4524624451,otumt
2017102518,sgvbg
4441624561,ygsyg
8377709653,njzqi
2007395578,hpukv
7809427820,bzkev
5548674390,xtozr
8437136116,pnywa
7872561478,wkwgm
7570222277,kwjfs
1127579467,lokuq
8663823196,sqydw
4817091009,kjoen
7571418696,imsoh
7576364205,breju
9916761161,wsuop
6871884151,bqynr
9396881560,mxhxz
1388462584,tpozp
9740678819,pgdrs
9968205407,ucrxn
6601362838,vvnkl
4950603566,fnxdi
1232721133,emlxo
6880286620,slslb
7165372395,tqfqs
6923400857,dpyop
2892370611,zevhq
6742378213,xcdll
2707123502,phdxc
2587658892,ixayu
3300826749,yxydt
7308754941,iapkw
6325510535,nkuvu
8795172357,loxvu
5421258131,jtilc
8617818134,kpfyd
6132627761,gwyjy
8532113956,xxsdh
4819879306,rjfbl
3848907564,kqnei
2692850889,gdhsg
4514205006,hfrik
2024229122,wxqnc
2907153822,cupcs
8100135219,mcrqy
2901070956,zvxxa
4079436411,nwffa
9579156945,mhuzk
3769058485,ixiut
6827380462,gbqra
1709916042,vvjeb
8190457993,tblcc
4381162796,oqtyo
2441490532,aoajx
8623924880,vweml
6541781099,bofnt
1998499498,fkkjm
2989728955,rnqym
8103559983,gzzlg
4705012451,miyne
1853029132,grgop
8465109432,ugbpq
1888169537,agadr
5979709550,ozzzx
7184688455,tywth
4066863015,rhdtf
8983314217,kwclu
9661414249,jtbin
6133512520,mfrnd
4866577443,hzthh
9354787849,cxbjv
6207393813,cfamm
8154092564,sgnhg
8195602866,agujz
3078977954,bxlia
3477240119,xpqcd
4895996095,lyoow
5914469476,eqwbg
6713905567,quvny
3851827910,wjdbb
1227298595,lrnlg
3510163082,thpyw
9457944240,labgf
3171502969,dgymc
5558536103,kumhc
3616051618,tmatb
6099364564,udtxs
7231856601,stfvz
8027401223,msmbj
1041999366,gfhow
9752046589,ajycu
6798116726,gzifk
7840338735,yvbwj
7324347817,xoaxf
5463813991,irnyv
5375032847,rwgkd
1384995178,fmvxw
6695999143,mfbbg
5595793483,beywz
7371155511,wtvsm
1970244221,owvms
5006781921,gnlpi
5726351049,xyrkh
7068543162,gnpcu
2706722390,eorpd
5938456635,rmvnw
8272284600,ydfpt
7244735597,mrsaz
4568439223,aoqgg
8917119198,ywktv
2520030554,vzjlu
8394899801,tnxek
8818803311,hnohr
8317135157,abdvr
9685377074,tiagg
2649776537,yyqdm
3997682683,llfqq
8547121037,oaetr
3105080774,cwwka
1066456846,sihbb
4815419206,fldpi
9653972000,wvqhf
6604034323,blvep
7160231928,tgwgz
3624833684,wwqer
1331843175,lvrve
3233345274,xlzeo
3401331645,qvpoc
2671801972,holho
8071871217,xnile
1981160790,xnuvi
4607961315,zsqoy
7413368385,styer
5214819624,fxrwj
2950101980,oqwjs
1387068433,stbbk
7375587851,xjyjr
1770952248,qfpht
6460723810,oscxc
7562428608,ydlzd
1266839934,bhiwq
3960244651,cyrap
3354083926,faoon
5097006092,owagk
2560774778,dbckh
6556257575,lhjnx
4343628035,ybuox
4859333878,scydl
2571801697,hzpum
7743426151,ewuea
4321257225,gbxeu
9646224379,xzfga
2208376669,xwurq
2086730318,pahpu
2442791637,mitdx
1933918651,exlbh
3922900772,iraxm
2091278535,ypohn
8376046095,aphmh
5503155624,tsfhm
3080203736,ybscd
7247156377,aythr
3093434112,kvyqa
4428455821,qsonw
2140989822,hauqf
2609301361,eakhi
9896614538,qlkqf
7917682881,kfjiu
2718634608,zayvg
5808874532,zoovs
1707343668,xckou
6448696662,ehxox
5099577537,qxpyq
5270413682,dwlei
1951362012,srirn
7019447301,eocwq
7811796147,kficv
9949544050,hmnqp
5628883028,rrutl
3751850731,jmbgn
8433971004,quife
8171413944,fmgky
2673278095,wpijt
4756438684,ntdmr
9881526336,prlve
4788348442,ftyte
9399286886,wojzv
1636090311,jfdkq
1350396477,sbmle
3926978485,yewns
1722722842,bjiug
4982416353,qpuoj
9815205405,dtbwc
1667530081,ooign
4330018123,hjwqs
6916234813,yiujy
7427362780,gvrri
3175538204,rdyro
8042873630,dwhwb
4437293369,wsovd
1110487114,beeks
4606684300,dyynb
9132484234,exgly
1590152162,ualsz
6591831524,dstnn
4632353116,pcpuc
1285377617,jarmr
1433538920,wsysg
6865274079,iofrg
8561460651,iucaz
8630262474,rlqzx
2665980858,vjdns
4837282892,tbvub
1762782232,bisjz
6120811059,jjbkt
7876817031,ymulx
3098697092,brete
4757568962,hhshg
8663526255,aopnj
3530344660,cxdyx
6616972274,dgojl
7197584451,befjx
1946895246,gsyur
7750255991,fsjvs
2478231175,huuuj
3391438394,jldtl
8850828213,vsyap
6367223033,uedxc
9823918317,rltys
1320937630,mzfrq
3202423029,juwzr
8579115710,puxif
3591783759,ezsaa
1127340615,qguhx
9908092134,abkai
7153032421,stbdj
2992822283,jceqj
9641365368,kqkab
8457533750,snnyc
1333515213,fntqn
9198778652,vqtix
8674587857,lglmz
2959398446,gbvlr
6167263474,htjqj
1500889804,ajyjf
3070624276,pewjj
3998507970,yfdkj
8814804140,lppzd
7089963761,jyqlk
7113572489,eyobd
1946510271,qeqmc
9774176008,gsvax
1246280665,vrhuk
4223654010,tkbgj
7817273636,nqelo
6726102330,onsed
9607784464,wtiai
8377310150,uybzx
6918169252,aqtnj
1117810754,ekplh
2654731671,rogdu
4640540737,nikmx
8959454614,djble
3151332906,yjece
8608498498,aapst
6677388444,uvvrd
9873200482,khehz
5026248934,uzylu
2994380290,bpfal
1788162015,sbhpu
8280751325,nygug
4056147128,nhorp
7536273624,grdib
3557309691,wvgxc
3275046881,eyvfq
8239138337,ygagd
2299527795,skypq
9179377012,giesj
6411804378,zvpuc
1062091156,tkits
7432663042,qppqr
9622460646,plfuc
7605862835,srwhr
1117298639,pueir
5489565237,vxhow
9793258627,stakh
4444549000,vjycz
3503504736,hvxos
6190194167,siqqf
3846512301,dhbuc
4831748316,iajbl
5294994339,lxotl
1957811919,pfsyt
7668451441,kodlk
8866995799,lkgue
8414313447,pxduy
6426434248,rrfpz
8368503494,nkfhv
9974771814,sjowx
7857017941,wwyuv
4205918635,lcait
4521294249,hjrqd
6494075515,uylyl
1257653030,dlwap
1849283794,kosmi
1195068272,yxhwl
9491377088,goakp
9068749189,zcmvs
3545139223,mssod
5377370216,heave
8679585144,tttbr
8742849666,ccmks
9281009477,zqmpy
6049223840,cdxgr
7914015916,auicp
7550449559,htrau
9331016137,diuym
5141177004,yyean
8515591922,lnfre
3122784048,reymi
9950358031,vwerm
4865320404,pkwoq
3254078493,pbaak
5791978818,asgvg
2549786971,mysri
7949310424,lxhfd
9176382927,hajnz
3528196798,zlsxb
2461909087,ffllm
9194944097,aefiv
1799924810,tbarw
8322342912,ojlkn
5397921201,orgbb
6954670317,gksze
6278222945,phpqs
2187347443,iluaj
9277220578,dzogy
5036072420,gmene
8513499943,ncmdf
2611480027,qwdtm
3538825390,sseij
2118867605,tuevi
9632513271,csmvs
5084673004,skoqe
4229799382,onfst
5120330565,miblh
9913754743,awnbf
3712414452,zovxz
4370830225,opvho
9909648241,nubxn
9619944029,kmkaj
2854683836,hiwzo
8695201315,bjfry
7856148504,sdmth
3854575173,prznu
4340884331,hkvik
8666054799,nesll
9411927899,szmln
5944468700,cmisx
5715366495,flbfu
8157131130,vzvnr
3261438316,trcec
9288727903,gkkef
6914042016,ivvmj
3417917952,lsceu
8386945716,llyuv
5307185905,sxvtw
7713968603,rlklp
3116777574,yrvut
1861785718,aqbfl
3903128659,svsxj
9020092600,vxufq
5137257418,nkgru
7869238692,baccv
5055539656,ceruq
4279865901,pzhcu
7353828052,fbnyi
5248662483,vsytd
1494602160,jpeni
1889176547,xaudq
5486933185,xgbep
4416933012,vxthg
4644764237,rhdkc
6968993925,twlly
1092284137,zjycx
4612652900,hifik
1948890042,hmqdr
4387394747,xtnmr
1889486905,gskni
6785898714,clksd
7224091053,tmtwf
6571707304,qhtdo
9713998980,pldkx
8602814547,izppq
9060264612,rupox
3851477211,hjagn
6327527864,xdltk
6036006138,kvxbw
6743696370,wqpdq
1805709799,hkhtc
8236635006,zrklc
7119331538,ytqra
1429105529,laqrs
1030824305,hbyhi
5595459417,sarvk
2556681294,vbhpd
6169316427,zqurd
2186360277,calzq
8095336710,giwvm
4603934099,buvlo
1874503742,piros
3867657100,hcmgd
4983733673,udrjs
6524020667,ldqmp
2619003485,qkjts
7837372791,uczer
8520639782,mnhkw
4753201613,lkjfo
9133909819,yyxuv
9856529348,lsgeo
8777297569,xbqsx
5223998103,hicww
8934730560,zgako
1968106742,jlwzb
3659134860,jkhxk
3109441070,oechx
9506202418,qljgc
5245396409,yessr
2343894014,ozmoy
6850621392,fbgis
6842037100,afvix
8325744671,yyfdv
8736315073,ynmij
1854425604,vvkoq
1062363366,grxgi
7204458266,tlges
3591586246,viksl
6898904931,zrhcl
8003662554,ufexz
1306471768,dorjs
2170172867,difrl
5016084330,pcrpz
1491150671,thyyy
5885206922,kamsp
3535464551,qmsuu
1873107591,ioofr
8620041713,aduvm
9025976519,ojqkm
4389504258,ftnzt
1941362680,yuhcs
6391411611,oxike
9579387286,komss
4791751801,ynfxo
8458646133,qyxuq
9246653750,xxxnm
4089851599,rjvte
9035531452,ffrsc
9928542330,nagaj
9987688892,sdunu
8195349905,cqkle
6084022545,bikvz
4177577547,deprx
3908715843,ehwkt
3009868222,pytzm
4292545093,vyepk
7758557367,ogjdh
3126690754,tpdpv
3003139174,ljoek
6051363186,rfonk
6205304141,qlzwg
2031323980,neqng
6156864381,cwthx
8094400001,bicgw
3769000285,bbsgi
1623996583,wlsnd
6786250711,lkpcr
4350895937,gddbj
1844120389,zklij
3967227933,bfsog
7973909197,jczfp
7156461732,svect
5852843709,nuhiz
5117567292,zlqgr
7867082123,ntrrh
6690183683,pqwdg
8259815697,fgvbi
5641225094,uxupb
8923265214,bauzy
2921092411,jmgja
5333256888,lnptm
7837793133,gxgkm
1625819480,opssi
2061248245,msotp
2571555304,kgbzd
6471479161,ggbku
1965921865,ovxpu
4723284393,tdlnp
6725868447,wnlcd
8639682270,avvlr
9949711557,cxumy
2520367477,tkrke
9679950987,eqvhh
6422619102,khndq
6471447206,elqma
2573469464,dfvha
4671695892,ftvia
7455946434,guhng
6556063658,ochqr
9334311069,gadzi
4206553747,ftklm
3391622229,gcxrr
4528871702,bhwjh
8396933775,zqktl
1500938024,qlphk
1285083565,ckesl
4630481582,flkfm
1870789164,etsuv
3128816968,wdyaw
7412963740,cmpks
4699157505,demez
4878231855,tmswe
7428549103,hnzzw
4877415479,ixteq
9146744109,pbdyp
4752119203,atvfi
1379253333,jlrbp
1708608987,hqdws
4832676297,ogpsq
5561140379,gvbux
5908843162,laqpi
7033433011,cwiuy
3437188883,xqplg
3333206167,awodp
5510430036,rrovf
3787881432,gzicq
4012159514,yeyjl
2235250683,ucssu
1660443930,yffbc
3471437421,ncirk
7476902662,fwabh
5549943147,hesxg
7769693622,rifhu
2488776337,kkqst
5673218785,bgoyw
3853352742,lrohq
6377851020,ehupc
4035399740,rpnza
3651179045,zkxgd
5264042411,ksqqb
3674836573,rzsfp
7567807523,ombcj
6398782674,zfirp
5918305265,wwgsd
6950198659,wsbub
2620917846,nlogc
9823683731,mvkok
6802753899,fmisy
8552063680,vffux
6582804377,adfun
6053683826,rqlvf
2276064327,bsycr
1659290923,onfzo
4569636059,wodeh
2210243733,xkaxy
4357245569,qlxwd
4368973108,jleqg
3438333272,nnigl
5107007349,vgskn
2248407035,rxfds
3848551253,wfasn
6571871373,qrmsc
5293481495,jdmdh
7112463015,kfrcc
9347087939,cfocx
3769498222,oqrvn
5123395508,nquja
1924119388,cdykb
9865455883,ahjqi
2395972082,dxuwf
3141086442,yrtut
1876571133,gcsga
4299077311,lsjfj
6376394899,lnkeu
9611203248,omppb
2723757183,qivrt
4008621350,oqwcc
4876539823,pmvbe
8404519904,lpxma
9760510627,fzxgf
1839290796,bkfxq
2675026617,gjfmp
2275072804,plqiu
2888092262,gytil
3728577603,afiku
5686137384,iuttd
9034250367,vdvnm
4331533220,vvcfl
4188372182,ujryj
3942492449,mackp
5808567905,pydly
6934370864,qqrch
2564339842,icadf
1795548538,modfb
9848434298,oigcv
8061194024,mpecl
4233935012,vzofy
4732021899,ivczt
1451977653,kbpoe
2893061641,gmbgy
8875070183,iyytk
9148901020,kijgu
4791336405,ygnpq
6947298411,jhlqu
6218863657,rtuis
9844912116,nyvbj
2849387322,zddgg
7017872695,cxokj
8157794537,ygkgg
2005974388,trizl
1958764724,alxds
1704446561,oyxbg
5868707794,gfujb
2861198794,aajsh
8477383398,fiwbn
4774027859,dkpyz
6345718375,jyuzq
2364413430,xhbiq
3491030813,oiaiv
1553084913,wlial
8863954796,gudsi
7412100462,zbqxo
3660969661,bcylu
9320336375,roaqe
5106412410,zcnfi
7463001667,tnvfw
2208413817,ngatk
5229906975,cdjnc
5283570851,hqfcw
7869479439,mxrhi
8895892384,rmody
4775581107,qntdw
8312492609,zlpzi
7349633988,yaghk
6978139360,ioujf
9035474319,gumry
1352456092,exsrg
5571869009,yobfp
2505648906,hwpuw
3431476244,uayvf
4248029165,qtlkd
8516279671,malom
2253911421,hdday
4251804889,thgug
5787964022,hrogx
2111498776,vhvum
3660331189,dawvp
3281279945,nwesh
8435740424,nxoux
8294890953,xvjih
3545351163,valnl
1861659349,pjbbe
9199007986,flrhr
8323097599,cjvla
9483342822,xkbih
6686672651,jupml
2208607576,lxncx
9517957743,gohiu
3407729152,eqvrt
4231514317,agmsq
5010664634,jkejp
9156008815,tvvnb
1123096068,vfqbv
6857279657,ttady
9883222354,nuqfy
9804827660,wfzsv
8118868758,oiuhk
9809997302,yiwyx
7884006811,rxhrj
9478984817,crohr
2960048904,kqhfs
1492485135,sekvs
2941258808,przto
4318006400,lxgyc
5051518268,phlyl
3376119281,doihf
3083714683,rnmuk
5556847026,ntfcs
2437008510,hqmfk
9617461055,smloe
4242213458,xoaum
5439646305,pblrx
1611730139,wvpvi
9876254712,upzph
8466296401,ksybr
4054643044,huhyh
7487689033,gbqhq
1955184909,hilcd
5283669903,gbzqo
3307449833,qwxed
4378215207,nesqr
1513003440,wufzq
9246537039,xmmdb
1603592997,tnhdp
5141070713,dwgqx
2614790696,efqby
1621805331,lzggm
3099615663,njydm
9609232625,hictm
7589623204,mykhl
7271712760,kgcuf
5720852181,hppao
9731070019,eyyhr
8789219768,oajan
4097152514,ruzkh
9381880188,nbdtq
1275191477,tinfy
1374393857,hrjnv
9699973723,ishcg
1297896349,ikbnm
2766833412,cxbht
6836546584,tqcop
9114141906,koccy
8987043405,barze
6348221092,nxaly
1499585193,zhxqs
9966709833,wefia
5701315592,wekms
4259389827,tmhnu
5765150193,uugqt
9772431178,souiy
3968855625,axaii
4113939277,grnls
4776777505,xtayf
7374771692,kdsdc
3611458670,htjpr
7261992610,ynjeq
9940637386,gnwta
5522256758,zvwko
6119848349,mrawm
4484224729,cjijd
9750184111,mvzuf
8083124009,zinor
9691079972,uxhek
6264034424,hcrve
5619400372,kfkqy
2960313246,ekihl
6414559668,tckdb
8389102930,tglqz
6315512982,avjqq
6517761528,nitfi
7856556778,jkahh
2878200164,ofpxn
6354804968,airxu
8897635423,axljz
6020924860,xpgws
7888105741,ipyht
6347209553,kramx
5785444122,aouir
8970710357,lairl
1816130918,oodfd
8980531536,ldurn
8889321485,rupsw
9994530359,aaenr
2575981704,uimej
8871292790,rmuza
6136693309,hhsoa
1071757954,niomn
3059969848,ihlnr
8052713773,ivwsc
2123279273,rmaqa
5460465810,rcwpx
8785308597,qbmod
4294253914,jyrwg
5653863777,ptzzm
1669939150,uiesi
5234940994,sngkq
6987489268,iyusd
1165978002,cqjrp
4942487796,knyau
7885209314,iwjvs
1906053008,nnfnh
3597324614,hazhh
3806077182,wvvyy
7320379574,pevka
7366626725,prjio
2810120957,dykwo
1287558371,uaigm
9158154317,ryfgn
3596443539,xdfrc
6896858153,ovqwq
3250674950,frgli
2457001815,pcmfl
9074326032,yjrpp
1219113352,tbbur
3513577979,larti
8019564112,hseao
9370693276,yfcyf
4135856476,bsyan
5200388329,tynks
9375162839,btapd
8325709486,uejnd
7414053441,tukle
7775487363,jmneb
4510325664,nnbwd
6923781825,njwat
8798828939,ozghu
7913877826,dapfw
5495276085,cupso
2041420176,yfype
5223662591,rzglu
3385315333,xeuxn
5749066838,bywzc
3740338577,djacr
2356616217,idubj
5107493420,qbttm
2114493982,mtjtf
2985873785,husgl
5109043265,eoybv
9447527309,crkwk
8531339250,svwmp
1901131419,stnjc
7065972977,fogok
4688901257,dglgg
3724750781,rsbsl
5082168865,hkjih
6825664591,kjvea
3266281205,wngww
9271977158,ijebu
4917857872,pepgz
3470687511,zgvmk
2759784955,lomxs
4764024237,banri
3541766480,iuovv
9669463621,ifhxu
3292724649,vhpms
4022448993,ohoqf
4761419728,lgmvj
3991833307,egrti
1864871300,mibns
9787648123,adffv
6752464533,bowep
3098554169,ilqyv
5902062672,wxswv
5538259344,ponjj
3847914548,ycuxu
2730963847,nfhco
7010800080,rxumh
9818071190,vrbrz
3082647985,bqkev
4683858035,yrqwa
4140621977,rfoud
3971884296,ruxnr
6483324322,izcvm
5346299258,aljvi
5656047817,uyvrx
5789213884,qrwgr
1346781357,olnes
2336717954,rjxxw
1227181860,abvvu
8893004062,prcop
4467687601,hcwxd
7473731191,ntmrm
6321375898,qkaks
6474935672,thsuz
1095321058,wnepu
3923157601,hscyw
2519912554,afiuq
5801593742,hgpms
4744432627,yasxm
9979073241,tcgvv
9059049495,qqubh
5982099768,zskzb
4045761246,atsov
3511034650,eedcr
5623240323,zikhd
9908641745,pzikk
2727398654,crdlj
2673388773,ttvcd
8530718343,ofxlt
4818788779,ehgvq
9958738335,ckkff
8617079723,yhqii
6620199098,kurwz
1962085206,laqom
6222328994,audou
4962119347,qicyv
1245442557,xjazo
3947348870,oxizr
1804729360,lqvum
8691308530,wrnty
1135602842,eskll
9411851013,acpct
8395288358,dkhqh
8291686595,jqhyx
8541932520,gjhii
4858839961,ydrap
8280588082,cgktu
7242695648,yzmlr
4958524730,setgf
6723395772,xcoeq
9141381322,guqdm
1965046096,lwuxj
3980546093,olbfo
4085572321,lgqgu
5557461413,zheop
9199617557,hqrcd
8653724021,gzmrw
9990316309,ngmyp
2926527912,kgmgb
5175596631,kfxsz
7813080280,gzauz
4814124048,tttsy
1695078159,vfdiq
8719621634,aybsr
2808976267,yzhgv
3710262628,dbrsr
7750319240,zfucl
3132724858,xreyj
8447096388,ljqih
5508992669,axwkq
5751120603,ixaod
5511671999,qwzef
3272754957,iotad
5617250072,olool
3043257967,wfzfg
6346064636,nrnig
3656343248,zotpj
3052186528,fpcnd
5569179264,tcyoh
9191532621,stasm
2102477915,ydryx
6941360759,aipkf
6063654896,lwrkw
6743467506,wngjo
3496959116,uzczi
1634772120,raauv
1163597168,fuhmy
3456072750,epzzq
5991333338,lfuem
5101536499,ymezv
4049557191,wsxwz
4185121937,uxfun
4967569759,lrwno
3161902562,lpeiu
8166079559,ytlta
3763495686,caknh
3812726312,wfzxq
9694815923,sjqss
2420643437,xpham
1097915932,dgtfr
5958249755,trtzi
4494724178,eqhlf
8595713182,ffbch
4266346223,nmedz
7685236416,fadep
1024239402,qwfbb
2231474007,gafmg
3172105264,sadpp
4600418393,hikqz
7524169325,ngmsx
5434353415,gkqfo
9970977365,pwnwr
4564265339,mgehe
2595233715,ljlpl
7258601574,wurhm
1966114747,zxehu
9203977210,wfept
9601990433,baazk
9245800661,gxbkm
1005041352,lyinx
2729797831,pbnbs
5243925211,hzwzj
1157611729,pzigi
2526537835,dandd
2230338841,pmzmg
3078853750,pzqsz
5942082818,ygxpb
6158856858,kmaah
4487090081,crvkd
1685560012,kmuat
7754221034,sywph
8396638627,vmazr
4309310120,vcaks
3179908327,uqsrj
8043532975,xoybv
1559452551,crgsn
5110727349,gjsgg
2484730601,eeddv
1811529895,bgzlp
4298520597,acojm
8708998630,xezru
1915747257,xharl
3521606883,vohte
9686805350,vsqcy
3933199817,cjkhq
7292340575,spjzt
5404340180,iawjc
3177336415,wclfy
6938885299,nfhtb
9248203842,ydupd
6343158721,ckrhh
4244565554,havio
1655400782,nnvig
9512086906,vqhod
9005783260,uqugx
1909678771,eihja
8600470954,tkodw
9792462914,gojnt
8255985024,kbfuc
6874646466,hawrx
1235598324,vcrkc
2834821157,atbpj
8078920088,isbii
1503526234,ughft
6523523448,azdmz
9951145155,vkgmq
1543274045,mknhg
8084746357,dcezn
9144761161,jvgkt
5714396931,hgoqq
7615339046,mugcj
1090164441,klion
1004394338,nyvgx
8616217977,tufab
2168765440,scahb
5080382049,ojane
7469066187,qollc
3959127625,ypiqe
7263062805,ugonk
8912310280,myees
5870952505,kuunt
6961094336,nvjrc
7952207210,ropwl
1045733343,nipwb
8287957751,ovlwp
2628704160,wzofb
8259346766,driyk
3986606461,vjksy
4450358308,xmngt
4396664163,bszie
2773645456,odkkx
5759241380,xedmr
6097337863,pjofo
5994407634,tmzdl
3111030149,mrlhl
6375717896,aohsi
5525877542,jaeze
6967752037,ogezu
6840837747,xbini
8673388834,xrsce
5298185600,pauzz
4666038136,ateat
3933609925,wvmdc
2821583249,seimy
8658251233,coesd
8123155343,jvvjp
9159167654,jznug
7231603190,dwenb
3292303656,arwai
2223312489,qeryw
5270336688,ubbxh
8300025959,zzpnw
2597411597,fxkio
7832889844,vdeqq
9950979089,jmcfy
4700193729,rbdbg
8637796055,xkrot
1235123186,kgfxo
8876407304,bqhnh
4882140852,kutbi
7477545998,bwrod
4429119999,winrv
3509823116,qxrfj
2389989483,uwzgu
4704759673,xbxxg
6840980745,walxl
5692334263,ewfwo
8151313289,vlown
5665527518,vclmt
6727284616,vwlst
1662946074,tepjq
2046695505,htygo
5955271962,ngicq
1362905374,fbzly
5639608678,lvroy
1903181557,sqzub
5313961589,xlxuh
5659232731,ningo
9904552232,khzpx
9526436601,sbqtv
6900545727,pgdix
4243330259,mqzgh
4249258597,xpwld
7603168198,yabqh
8307583362,bdkis
7662453098,yujly
1243199140,bbpmt
2344472595,lgblb
7362767472,dkylq
2948723622,vghnv
1318801837,xzsnz
7772073578,zmmtw
2600154847,qerwd
2881098854,zgngx
4703134354,lxczy
5717781129,mxtuu
7624137568,dckae
3072110150,ehtuv
9009286721,kstns
8207374664,kztvo
1691317146,fnbsw
5538550448,ansth
6957835621,wpvdv
3361450597,ivnqj
3834742102,kycgk
4401760288,onjto
1061534059,yzoea
9800180076,gcqvc
7146116734,zhycb
5831423744,corpk
4308243896,paczv
9626929291,zqszz
6331747906,mnwcq
9947726474,habub
1819361093,qgvch
4793126876,szvek
2583055365,veicm
6675680551,azyeu
8555061352,wlwzw
9317053389,ectgq
4740763598,uqknx
2370997346,xvsul
2149413252,dccyi
1851079823,hvajv
4751850779,vthwa
4987478893,mpral
7463691103,ntkou
1358401078,cxghw
4870939855,yavvr
6083359577,kqvwb
1022526379,lziua
4264411972,agecm
6096886840,jbeam
8199927104,daamf
3430500409,oczjr
6315428144,sbrjo
5164495272,xkxye
4513481935,mbzcg
9765059790,sxbkm
8876318459,wweiw
7864509172,cyfyl
3720409924,xbaya
2871375426,hajdr
7863637521,anwli
9916120116,jbuzi
2930850289,psxag
5268732427,kohft
9557165448,btkpq
1452360774,hzndk
9050007117,lcpxn
7584828964,sfnov
3695892807,fhlgz
2501941218,wykls
1764428596,jukeu
6015032873,aypuq
5363186087,tycet
7216428893,vmglg
3389194925,ssjjd
4058501811,kffqs
4794406092,emifv
1268471535,acpbj
7823144733,lgpei
8825891061,emjys
4892498679,ikhda
4661922164,escdh
4916874082,bubac
6850080782,uddce
6025586441,rombl
2629570415,qlcnj
8589732694,eikda
8451267931,xqwvy
6827420818,bqsqs
1102689623,gxauv
6575336746,czeqh
4231268554,vmujx
8763953520,vosbu
9298628955,ymojx
8970475532,mmagg
9528607365,xejil
1109989113,quolw
2517368413,vbkzq
3578936493,agnki
7133665990,tdnad
7951205262,zmmvr
1441596049,vkhga
5265642145,fvcgn
5396270128,icunm
9262129443,zjwpg
4301094815,fpsnr
3931754089,csnvy
6079381995,slriu
5210171744,adgwo
5850511822,boywx
4633506447,uwiyc
5976332536,btfsf
5271555595,vqzvi
9905648949,mbdgi
4997853593,taree
9334636907,dzcls
4225006760,itkwa
6446269836,mfnxn
1346951822,rmyzd
1476627546,nkygj
2578555318,kypjv
2083004357,jgkek
9664502624,repqm
8074965257,vrvxz
5333832718,kwvom
1384953691,laxvg
6733910665,eqsyt
9813682149,phapd
2553166399,bbhjg
8703750876,flobl
9456272951,kftnr
4851310971,bymmi
8451192174,gkspy
9537414242,tcufu
6743646436,uoevu
5514094092,pxzly
5412807198,fbfnv
1071774750,iqlmn
1873355260,yhtqf
3805320421,baklg
9001334938,fmtuo
4172535426,aqdql
4491756203,qluxi
3891342741,zeujb
6650168407,uvqhb
3744192858,zxizn
3988803800,ycmsm
2127702505,mivgp
2594527180,hythi
9306260325,drrmy
1452880861,ubkgt
6256246951,vcywz
6865229807,jcaql
2977528838,rikjf
8153785258,iwlgq
9442200614,jcmbv
3604972009,xbpgn
5195215228,latby
6644370655,vgcuh
8509654240,eqcgc
3219685992,ijfvm
7201442548,vskvf
9951072043,uqlue
1328670966,nvuwr
6048614603,boyhi
9857718400,fektt
6434170734,fkcbn
5504029486,zufoc
9003004776,hizhq
7571322918,xxcob
1482380185,cflqp
1718265000,xljlk
8531545915,khvbu
9286206543,ynenx
7612533959,jfliz
2567623929,cohbv
3728029236,qaqxx
3463972020,zpehc
4926817675,hmblg
2165218134,evrhx
2257626181,looyb
1486869777,audli
5062582073,tdsjb
9135834066,wkmyr
4208299041,zstmw
2612229808,arudy
6692836160,jktky
6632644805,psnra
2762559857,kkiwg
2145409505,niffv
7513257916,agjqn
2797846062,raedc
6637978220,zbved
1877210543,euwpm
5770359575,vokjy
6439070596,aunaa
8616456130,tuvoo
4099163481,eyltq
3223069240,bspit
3390194321,dzglk
8545813881,dpnws
6597774037,rjfsv
1745474499,oxrjk
8340483516,pthbq
6296509606,rkpye
2447894385,tqhnc
8925150096,hlhbv
2069386657,ikqgm
8577257837,acibl
3273913812,aocfu
2756452395,slmel
8492747184,fhgkc
8733656292,oiacz
9322719717,ahycq
5447666316,ajtpv
9491979972,tcfrw
8996549750,uietu
6746355580,lpjmr
2782010777,izzdm
1738587249,czerv
5663670718,gtytl
9980447518,gzzjv
1314984555,spztf
3709187665,anwuv
4288144347,csawp
4179408534,oribg
7661889740,goitz
1053907884,rsbfx
2542978111,agicj
7502664458,gfack
2964378798,ltqmw
4082855121,artmy
4971203226,vxbjh
5600896514,hroal
4454988652,fqkxs
3018465357,pxvdz
4877957175,hwoxt
8723913784,lnaqs
6008750155,yowon
1954219250,dxmzk
6950176118,glffr
8874099130,ojkue
3644540226,yzdrd
5505537471,qnnii
4831454252,sdnzt
6969989437,yhjyd
2268572884,teoro
8535188237,objiq
4733806747,yslmg
5916714476,tsvbl
4444675216,hjwhr
5943515710,dpomz
3266897887,hghxy
2242067191,mvpno
2274765072,topam
2249209857,qcxvz
9066867388,xqkjc
2360397103,odvan
4275854499,egcsp
8276734269,uwebr
5499858485,vuumb
4284538659,nmwvh
5971450911,mhxxm
7228320236,hugwu
3544451590,whqeq
7417140109,bppgc
7465202599,vuida
2089716798,lvyqw
4883243457,wrngl
1113420474,rrkuj
6933639876,jtfsk
4293977307,lyhel
8789962773,psvml
9341509812,ieirs
5219187385,kmkto
8875169702,vtvjj
4977434335,zpctv
7408589791,hjzgf
7057554521,tubqy
5239003958,bzkpt
5619348904,wsfio
1498658399,ytdgz
7815512921,huvcw
1821496997,xietb
4793880386,burtb
1567510566,oxcjn
8854230428,agaso
9714461607,mcdeg
8877722475,jxaqz
4890402535,mbgkj
4626310927,btsbg
1069714664,uhmcu
5854822007,hlbci
8436162514,bmegq
8466392492,qhahm
1346219716,dyyhq
1195912424,hftdx
4778855887,fante
8831291531,fuabs
2342992263,qcxra
9234568337,kkgjj
3396621980,escxg
4726771397,fljmz
2630780777,boefg
5105460524,gjmti
5728087980,wrnrm
8439321502,almaj
6871515583,krcla
4288589167,svdfg
2584184476,xfhxz
5905152513,ururd
4957047203,gwgky
1149353049,hlxlb
3912893859,dmawd
1718057845,hyrgi
5302463860,dczto
9543501394,wcfhc
8258594583,khdfw
6633628084,ownke
6333174276,eptnl
4528828419,iqfdx
8350875306,tehsb
9489404293,rotuw
3530272971,ktqss
2120172813,pspdz
6839317659,mjkdb
7345058152,zairc
5261151626,gosiz
9109234817,hszkp
8849413825,icebs
9465220153,ybnxp
4562729274,ubncc
6849392811,ppoyh
6621206593,blkuc
3389128327,wurrl
9211813913,zpuix
4681831509,fpgix
7251941628,iqgsr
5299526105,stjwu
2344962630,rqevc
9231617961,mnxtj
1596534124,rbaza
5046286027,vlaln
1178336064,beful
4281151125,dghiz
8305929422,sckcb
1599164088,zglrq
2325988894,wgrpt
5964100526,bncnz
2212257436,rhbik
4597342341,wdrst
4943427461,bgcij
5601833015,drsbr
8885873705,hyret
5654720629,uepgh
9923516389,lawud
6448088140,zomll
3026145152,uawwe
9114247422,xheom
9797999598,kxvkd
8151086451,zfzef
2199682079,lmvcd
6351851212,ryvyw
6195960593,dyccs
9427319481,lplyf
5174029841,brvci
1250907162,aakax
2413969355,fefnb
9070500375,qmqlb
4182195627,snkhm
3570884599,bfxmw
6473987008,ezuau
6219344598,ouzds
2738232053,shqvz
1089514677,nlpus
5966831835,ixukr
2561443952,czjdz
9910011593,iyzia
7097221603,tqgum
1645765047,ithif
5366946074,eulqp
4589267971,wqilv
1011901108,mvwrb
7202751512,gjmkk
9421579470,qeuxn
8174892346,sojqp
7469957183,vfcat
6258818640,tftpg
5286448184,ftrzx
1852025452,itcyl
9689711575,smywi
7529736041,kqgbw
8672820146,zyqeo
9256131583,ojvyn
3522839330,idfvw
2484090832,qtawv
4228833709,ncgtn
3146712697,wfobj
1186380525,ayjgg
4113287133,gncjc
8826035373,huvxn
3295092330,plaft
2019574028,ljlfd
5353470083,bendy
2985491998,rrfue
2643221213,pemiq
1063286480,ybhbv
7006154821,qxvfe
3388651045,lgskx
3072229551,ghbvk
2692388835,cdcbd
2708481687,ektgt
1917091553,cjvef
5316095018,kunpx
4207659040,bscvm
7028508984,nrrmh
7099378402,asnxu
9962566191,zsrxg
2849617934,tlyhr
4157716255,tsckb
8619655156,rnnrn
3232019774,qvqay
6284413802,cjujf
8051667084,zgdeg
8629503572,dituz
6897331092,bcyqg
3006372204,bhcrr
9994322149,skmfr
9405459823,lctda
4526978779,rnrgu
3931411718,plbge
8164619312,fhhoa
5897016916,wsduf
3601523036,iwcit
3302460230,rdkcu
1649775390,svhsf
4584037021,gqvnd
8582347539,gmetk
4654571889,gsemg
5777985857,tvatn
5883614756,rtqos
4418283544,msedw
4771975725,qywyh
9242752768,cpxie
7457385175,ygymw
6708148357,gnnpp
3270939668,nnagn
5451391900,sxuzm
3108010350,pcoyf
9133677475,fwygo
8210661886,bvcuk
3575573555,oqysr
6334584051,hswxg
2294348171,umsbb
8584728478,xndeq
8621538116,hywsm
8739312832,smhdy
2126698121,tnybf
3137271608,cxotl
5090462892,ecbho
8306477491,qjyge
9467831212,gvjlz
3137211053,grseg
4949495936,ohwnt
8627208336,jwtal
9915509648,rtobd
5920440710,uowbn
3460505742,mctme
8822872087,iraix
6580649412,znehm
1826106176,cgkzq
2371409393,hbrzw
1433580498,htlef
4454800804,mmqgm
1227174658,xovlp
9951330598,cjgld
9954236191,xsnsi
1373627709,agzeb
4094805596,qlfnk
5265417534,mtreh
9755228471,fioci
4063686492,soait
2676924613,kjmoi
9627556606,aoidn
4530155373,diujj
2163763536,orijf
6162530007,xaofp
1614797497,nodev
4009483557,whbhk
9669080075,bsxsw
7401508508,kakjc
1129407690,pqyep
2110474567,ermmo
4816990906,cmgut
2494037607,iaywg
1879616815,wmuhq
5998961597,oxtje
1005411934,zvsrx
5043786076,siyzx
9743757085,ioifw
6728678650,eyhpu
8443059899,vvikd
3006235181,ykcgs
5927697069,sdgtc
5187442699,nptds
2147691205,bzyew
4514553216,hiqdp
1066438003,hbusd
8776721878,yokxk
8162862792,wwmgp
3273378964,uwpnb
9870378688,iuzst
9296392468,ipqha
1478247255,djgvf
4189037667,ksdze
6630330198,evsrz
8103752044,bkadb
1407346450,xxpae
5854203754,hriml
1823186768,sbcph
7065786265,xbasc
4406613571,ejxxi
9573825288,ccwru
9428188910,svhfn
5365133003,lkxgd
5832207784,lfhwt
4403517495,bhjah
2425244000,rcjxw
3621439200,rknyx
5056859266,vfwtv
3227262958,gxszz
3747252069,rucmb
8080770395,bhljj
7342379673,uibok
3751397337,yfwbv
2459070336,aledw
2855757110,yfgun
7097038041,flfdo
8715641505,beagi
1201275880,uqabz
7824616055,zapqp
7906883766,alfzf
2905852340,rkpxl
2898921987,cvmzk
8009720308,hlixt
9019871899,nlpza
6957601102,rlthd
1051649505,jdmuh
3724440539,bhori
4047875038,mxsmb
4383095097,ijaao
5630881601,cfgfj
5062445686,guwvb
2549353573,ixtaa
5031586015,obewm
6563009866,yejwy
2602738462,vbhle
3224504376,aryvj
2685657727,daghn
7757262911,crslv
1542584749,kkfzw
5977033833,tebce
9483030441,ssomj
3224991584,acvwq
5292891054,ibtgy
3973877545,qydiy
2565200550,legwi
1096056433,oxeul
4829289620,azxrs
6560426670,jyhnb
1615363785,dbmyq
7632326171,iisfm
6589698100,dqyil
5316225971,kphjt
8700099814,cuxbi
6395385737,regve
6994951083,rzrrp
2009952002,spoql
4730057382,jjrjd
4705684174,hbnos
1472793890,rqxbo
1055471940,zburd
4151690880,bruhe
4216397820,hnvva
4074071657,mxzjd
4333180116,ruhvq
6060828204,nmqzu
1166273355,nmrxd
8330472998,rajgk
6659362089,ypfkx
1165307512,rrssb
5062657588,xyqci
7768127495,aqjzc
7479342814,vdfwn
4872978360,kccza
9769922354,qzceo
1600962592,tmsvh
5541900348,afnkf
9831054613,zjsge
2081928447,atgvk
9792014266,kexwx
4124394836,zjvyc
1023333055,famif
8356656585,uhnjy
5993224148,xedke
9401091192,emrjh
9277013450,gmqhy
7965597541,bypme
8063791418,dgkia
8991094947,tjcrh
8313277000,tnslq
2527286126,ttxxg
1357744457,lmypr
4133630465,sjumz
1860274339,ohpfp
8396843746,fwytn
1693726784,mmnmb
9169927720,lilgo
6442013721,zuihx
6312480227,rkofp
9512702476,fwsbj
5727198116,zbuju
4337837144,znkok
5051773991,hqgim
8293295457,qbvts
4046932318,bbdyn
5354237858,nhyzy
5042250186,imnhx
3175756987,xvuqd
4544132271,autnz
2851055685,icahy
6443633007,ubsvy
9899610844,yzmqg
1549985637,mtkxx
1889253181,matmb
9537693158,ttulb
2409149933,xrulr
8783338490,tntdp
8514198255,uwvmo
1569423187,inwcn
2647540642,dddjo
7595286527,hzfuq
7146796485,rdsph
5217979734,lifjq
4560723115,jitiw
8509406771,neknn
8256499931,klnvi
4884357895,thcmh
2513364732,uaszc
8657734802,daeui
3956528975,hfpxc
3497523088,mfyye
7653205874,ntsiz
6449493217,mpjbz
2105540387,bbhdo
3800157765,mqglj
4115247877,tdhbn
1318680732,kjogr
1296883018,gfrga
3334187459,gpean
7842720175,ymkak
7947905199,fdald
7735079327,ebgih
3500341101,xqxmf
5436402742,lsqtr
9502138028,gwusu
1686918964,xyobn
5829112205,ppmop
3461232282,ppkhb
6324087185,jspfn
5744617317,exlsn
4473139689,edbgd
3056998862,akyca
2074371732,rbfxb
8880044419,dkrdb
1561911194,xfklk
8508666759,mhjfn
2441995020,lnqjk
6423403262,bllxp
6072991931,grvjb
5028982388,bpxwe
4434290178,eczko
3904869253,jlvkp
7890392463,qvhsk
1559112522,rhjzb
2701014788,dzdji
4830386309,aqsbg
9485817941,lujaq
3008067501,tgvxg
2780713210,nbffo
3853979634,kqlbg
3716614028,gccut
4403584554,glvtj
6686913527,mvbks
5300571179,lwufl
4676781239,eutmy
6236043821,ojqzu
8604781505,mfpos
3930525544,ynltg
8740890060,rhhhb
7388213070,kbcxs
6823272755,gljvo
5656528709,htoar
6368589087,znade
5656450193,uhxpp
8702393810,hwqjh
5723858876,sfqjl
6033985042,kulri
8367257643,jcwad
4954061297,clrhg
7416244079,snyoq
2951916317,ssdkn
4095567978,surwf
1848982364,aakvk
6038486719,fzsme
4717496777,bfmii
8325639953,ttgte
9178807889,fpgkq
6965638768,lllrg
5781651008,sylka
3584516145,eyrca
5490400678,sipft
4255752600,unbef
2723314856,gmkly
5012933144,evvwe
9928695216,lqlkg
5704811180,vshdf
9053990557,kyzxs
9216778855,utymb
7757447878,mazwu
9430107421,lpfpw
1838869926,fqsdq
1329547573,uiwcn
7194259519,ffasl
5027238829,blwxt
2232777518,wpnan
9559975573,swbab
1945268583,nreoa
6568429387,wbcqq
6300191192,uhagd
3905808318,bjqfz
7453074364,dkkhx
8280120815,scscs
1957940176,dleak
8340654008,iatwl
8314177435,jpbtx
7250716327,hdtqv
4122428620,kbtog
4204730458,sttof
2937988605,aexof
5793335104,xgxaj
5683835739,vmfnx
2496366761,qsxur
1535474805,lbmfb
9717055259,abbms
3545128576,lqign
1790882179,lbbea
3717113285,hadpl
3230998060,gpobv
5391673306,hoihc
8968179243,wwkpr
2419894180,zahqf
4935268287,uoikf
9422451154,mggbu
7137670822,eaylf
5294807470,drwqx
7649218168,ztjhi
8247211256,fvipw
2301940701,mejbm
4668394929,csbpg
9115077843,jmouj
1968004909,sicnd
1272511202,durxk
6610990789,vqmrn
5378691141,qmidj
5827434839,jusch
2330588866,rjptk
3036696672,vtomg
6160861229,jruyp
9946304110,ykqur
1794903813,bgtsn
1285571223,jobzt
4384378483,pnbyt
1949179426,wovkt
1495673555,wgnhu
4599248104,wnnsv
1894184203,thjks
6482897684,jymrw
3667960125,ohkjw
5536988714,lvhzp
1611639680,qlvte
2475576170,muche
6730182554,eavrj
8291234996,giuls
2741290102,witcm
3975525355,piudf
5018762830,dgaef
8933094181,lldjf
9780360381,snvcy
1391581192,lgiik
9107945652,umnie
4182072696,trvbv
7174044611,krzni
2760621466,vksqt
5212831759,uiptj
5985235045,eqjzu
1451384396,zfnlv
6770109465,kiaen
2325297915,voady
6444848110,bvjxc
8208251092,dcrvo
3347475708,gtvok
5151094879,gxfza
8049782581,uliqo
1875109071,rxsyd
5088289932,ivzfy
9029962014,vjivq
2463110944,oigtg
7039383797,vdvoy
9231787007,wxdmf
9161735981,qqaco
9157029626,pxlia
6003653367,pwvup
7007109884,gkwhw
2544576207,mdbia
3750751032,bdvtx
3535711556,eppdh
7713066526,qzrhb
5826129534,ufijl
4014257406,bqhtn
7867863473,mcexj
7473200268,xsuus
2658686108,cplih
6304439474,acptl
4443317211,ixcyk
6979729132,wsfkb
1140554607,vutot
2574778394,nmsku
8189637323,dlmhk
1669353772,julqx
9876064313,sbgiu
2166228803,ibuum
4959000894,ffmcu
9574776639,ztuql
2870168858,jzquk
2244881316,tjvyr
5814763300,wrwqx
5728696138,voqks
4067687889,ppija
7850104467,lmttn
3286739286,pcbcv
3227819725,obnyj
8686748499,rbmev
1516320585,pvsxy
1716322494,spyxy
1354063267,rygyh
6773890590,jkwol
4360618433,jltqb
1502710151,svvtv
8750034541,ggfid
3374813366,cppyj
7872234123,tlpkm
1136937363,obwsv
3326965683,wddiw
9662047036,psfwa
2748876181,fyjav
6908880915,mkkbh
6896208663,nzabk
8328988431,cvtvb
4490747762,ugqrn
8563427306,nykcp
6779243288,fbocs
5396387895,obfnh
8712515711,pkkvj
7649299033,quqfl
6574213477,jgpzo
2444398762,jltzp
9805536076,yzdfc
1885193841,rccls
3643024061,jbwcr
1045007351,pjvvi
5299562200,hosjo
9262081919,uxqyb
1266805857,zdufk
2907681731,lhsmu
8507862140,kiiab
8846616754,uelui
8228658039,afvvl
7368277776,qprnv
8521325646,befzf
5399876521,ljgbg
5105672345,ianzg
3737769557,dsvqc
5991820418,tlkbo
6535500792,raana
7543475057,cbzov
3476542878,duiqo
4598879271,jymzw
2603324325,jvidk
9096835022,cioka
8210398710,xqsun
4257333628,atpyn
6246410636,kejzw
9368272790,snxkh
9857122918,uatnc
4104335988,jufpc
5229912765,dpsac
2283474439,ssaox
9249115734,swbkk
7272688617,nktwo
8657109384,mdraa
5041789885,gcrtg
8654183564,rpqxp
3820892794,odsbo
2019439690,pxtfw
8419507691,yqvxz
2152390670,ajjhj
6687670772,morcd
9397278362,fdiew
8917785196,mrdqi
1460874557,rwans
5392849839,wgbbd
2243907710,oxoda
3907501685,dsmqy
8102803865,gzsbf
8875690451,ayqao
8243124638,rjesd
2240754390,wougp
9705831026,jwptl
4415630612,espom
3338482531,hwrin
7203757342,ydehr
7187455122,zkysm
5584937466,cqgsu
5545941972,awpjo
9701796955,zzfpe
3259694203,xmace
4079575710,bwnbc
3556085172,hdear
2583751369,bfjkl
1806111682,uxbrg
3909130350,inhxt
2506890476,kyoki
2749808112,qnfuo
6021825699,ymvcm
9485053588,guqfr
6708843215,eolce
2602734471,tromx
3875211955,fvkgm
3416773241,ztiwu
8095210878,phvtb
9777938580,keecs
8637943218,ptugm
6325341441,rwrpq
5950293807,lpbqm
2091745398,omxbd
2061555809,lckyk
6462392036,crkfq
4593544188,zlnwq
7908129904,ntvzr
6267962100,snhuh
7712345424,cmwwk
8863988575,rhwbe
7189111563,irbtz
7154433850,rsbkg
8491531034,voywz
5000818038,cbmbl
9665301135,usquv
5300575061,rozfi
9799816271,xeoju
4018012856,qzsdh
3912412862,bnnho
9266107097,mreqg
6643383406,lrfjv
8727434111,tktat
2593059712,eoihj
1338225229,cshab
9392370503,vjoyw
2006488581,fricb
2130729368,rrxbw
8971802395,gbswg
8542324257,snopf
1796760588,qjmeh
6672717314,xybyy
7640607256,heuqf
2489541480,hwezt
8106888622,xjceu
6366502963,ncpkr
8469902411,wncgk
1896153639,onlrt
1406604668,qsqjt
9518102415,tblgu
9749782740,hkwga
2933960131,kpfjk
7856010959,uibhq
7023370395,euzeu
4905910695,hfvhx
9311241900,tpiqu
7948265805,tzlcw
9778054778,vharl
4886294388,qwmcj
7421267733,nkysx
2950303679,smbjo
3180917071,kstes
1440474939,dfjwb
9472486916,shvyl
2997292192,bqkcy
8351827722,fgxwv
6039947255,fdtkw
4856478831,ogvyr
4171096884,mktsr
3632328561,jseuv
6363302763,emrxd
6131965126,jkyko
7887636805,fxtxd
7146414712,aijuh
8087002755,vifzz
8003782310,wuvvm
3304234367,hmwci
2248990358,egofu
3164337120,duhmz
5023603171,tjlae
4231722448,xkwoa
5255343736,nxosw
6339518662,yigml
2199722440,gdshs
9738237218,yfaqg
6725813102,elgrn
9859202049,dpggj
2629056256,piwwm
8331068609,wccii
1215020241,uwaeg
1483561220,pvljb
1897124188,txrgo
6720523495,gwccq
9046662072,sbztb
8807825145,tsfjt
1174624637,lfxmc
8353138230,dbcfr
8670872785,jumfe
4210854684,rloma
3054969382,tfidk
7116089999,nweug
9726972777,kgqss
7290013770,vhekz
7559921250,rtzno
5273968799,xkirh
7937334472,oraxt
5013631466,dtsxq
4607919808,frtcd
6347896958,pwbuh
5647303493,plsza
3713065426,ovhea
4577134162,hlryv
4143024193,bcfby
8484396462,uiukx
8905764004,oazay
3694468109,tqhru
2326067361,egthx
3967638264,ixegr
3415924869,elyrw
9543175187,oewlb
2125651712,krsjv
4408419844,pyrlf
3490591601,nupqe
5342784367,humpd
1591500640,jlgog
5796487047,sdtic
9470342249,jbjld
9937968146,xuias
6371874223,rucbk
6114771665,xqwxo
8692114099,avzzs
8936023000,pnyti
1489861028,sdcdt
3775463938,cniwy
4337364263,eckmk
3819145183,xygpb
9101876576,phzon
9697208689,nmetx
7931584054,ohemk
2149032194,ueuaw
8235948219,bhvfj
5661138755,vtkwo
5938808642,awfqy
3032936320,yzixi
7739644068,gpawx
5568233055,zdnsp
4938939771,pkgni
2442593241,uzxna
5517666293,vhorg
9789114368,phhxk
5042046991,ptdbh
1386187742,xdrth
3445340896,cgeog
5092233385,zuvef
5279209396,cuvln
2422500236,shkjc
4192990004,bnrxm
9362848827,tfugv
5642309840,xhsmi
7018932891,jjrze
8231307944,nfwuv
8520066173,nhbdr
9006475484,lwfkd
9571901970,pwdpl
4285888104,mbopz
3569352533,lzuso
4179469795,lkzwh
2783338631,fygya
3968410888,moris
5788905878,atfqe
1615110128,vealb
6693006859,jkxfi
6661843709,mpnzv
7503564397,nddkf
9991551583,aktij
7797387047,wamyq
4982502413,lmwih
1604466615,jfpjp
4132870935,qjgqj
5771280523,vujpv
2201165347,jhfhm
4195257670,llgyl
8936601026,jqcic
5019896839,mnxis
5009876074,frlsb
2809254495,cjsqw
2751911903,fxzhh
9064624201,ozudu
3150665720,fraft
1823907801,wkypp
3888529679,freuq
3609054949,rqhal
4549732907,wozgv
7187690553,toyzm
6401450971,uuzpa
2225343682,zflvy
3882320376,ecqgs
3180506844,yfxzm
3009134546,lzgij
1126289692,fznww
4385957665,jvjmx
6829111773,nmssl
9701960625,xtgvx
9468475838,bxibl
1412080079,odpyo
5792427323,iwfao
6978781518,xnmdk
2860768986,pjmzh
6270015406,yoebi
6009505161,uzsxc
1332287959,ybrbm
1283256944,kclyg
4208400462,xukfz
9687240546,awsae
3094477455,lqule
2473002811,ivqal
4463491697,yfthf
9957363973,sozri
4311479787,glglw
4250379790,epiyc
2653692935,rwcfl
7655383229,jyhoj
7472678357,culhv
9157161980,wlxxc
9108116930,bxses
3583257417,whvjw
2486080580,forlv
1001462452,uedsp
6349902045,ydszh
5214520660,mmcyf
2240658858,gdbto
1686037892,piabl
8215446870,xngux
1099310617,lyxky
8443286812,kwhvr
3486225524,lcpsn
1641151408,mjgwa
2911992453,yyptv
4713110429,aamkf
7756936956,noqct
9728991371,ggdjj
2571886664,ofhtb
7197249451,htcfb
4364437288,tqatx
1379940733,gjbdy
2950945290,pcjew
6462043591,nkzkz
6517152940,xhkcp
5079511038,rnvsq
7560578783,bhczj
4201610140,atquo
5798121982,owzmf
8384419009,pikxd
3680437198,xdehj
9730714536,zliqd
2864718868,hwryt
9193689272,guhmd
4369173822,cznaw
4924442115,qetbx
3650166211,nqcqq
1364397307,fqyfg
9323062520,aqqfw
3914679816,yufdo
6170869676,syygb
9555937754,gzzuz
4580713213,wtsap
4504745938,pbveg
7238441761,vgzko
9409456578,dsfkk
9403666567,scpjr
1682356912,mdhhw
1694263747,txgnh
8137519543,bdkvo
6880173217,sdblr
1981440573,yikez
8877510521,fdmnk
2348427860,zwqjx
2190358806,tldbe
1359794520,irtie
9392390787,duyau
5226110455,wtbgc
5468830299,wetgf
6646167782,zimag
6775695162,fydxd
2124806830,godgx
2209783161,ccwvw
8431625657,chrwg
6144551366,btszp
3630846145,syvpf
5888763318,giyll
5384773788,kqiql
7021736386,bnovl
9716594781,eowdy
9280007816,lnedt
2278201978,behwy
8805990330,rivgy
9289147156,lagxf
9977901973,nxfrm
6721514423,oxfgp
1600929225,nzzfq
7795264852,zgfdu
4150262411,xczdj
1752748121,cgbtd
7139030925,avsmk
8005439553,fwqmq
3713242525,aohgn
2192453424,hdeuo
4686647785,czadc
4966203546,atktx
8445672503,wjrsn
3240031350,hsmtf
8297927007,xoivi
4161075649,biyzz
9866370504,uztnf
5255026513,ukzgy
9536617126,bgtmk
4113838614,juavm
4173389134,jqqik
7161054078,jtawp
8771667484,smzsl
5610624307,wxydt
5006571091,zpcgy
1828106464,wdnpl
7750850340,newab
3046744767,rdkno
1625405371,bbmoy
3094693309,gynll
9826590476,wkyng
4346376946,dlenc
2605334071,ndmrl
3415625011,vkwnz
6751011167,reipo
2105928641,lajim
8966872792,nhkix
1345622197,wunci
8778359335,cgmbn
2891379360,tjeox
4596394185,nbilp
4590644763,wnuhe
7417514098,joayj
1532606067,ejcrr
6521106554,kovoo
2499641676,igyal
1629304865,usouq
8771311991,lzeju
1965445811,vboxx
6509507420,hrsau
4355682409,aztaa
3413935302,mabjm
1869125933,undpb
8190766352,nwypt
1777532778,coehh
5483049631,njyol
6321904271,sycle
4005718294,diyxr
6164786849,kfswu
2434988806,krmyp
9509338599,lbxop
8843587436,ayhgy
2716527064,wsgej
6092046854,ipouu
7217520030,lcqlr
2496774460,lqsip
5109040441,hunpy
7381731709,ehycb
4966911396,pogfz
3730924099,hztkw
8341564577,gtyjl
7090888137,hginw
2887130635,pdyit
1594029078,inayj
2091038858,yayam
9460498265,uzkpa
4388481332,shpgc
1560320065,rdzwl
7569621548,qhcfm
3499056546,rjkzw
2827077903,nlpfp
8482483649,expmi
7523696470,fkyfp
6669723320,yivlp
3626439855,jqtyj
9409832509,atvoy
2827500160,qckbw
9974104576,nihtj
1869341728,hrdkt
1482660338,wvlac
4426367031,wdptp
1667816848,ddrqs
4772838466,wwtcb
6222713468,gwisw
5131226248,ptrdd
2158957083,klfuy
7067275263,inhnp
8511442683,jagjc
9576152585,cepdj
3754285185,erpmj
9883334863,dbtdz
6409399775,mmrad
3283546691,edbrb
8242761797,luvag
4784816851,hhoyi
5296174140,qeesf
6723238911,pdaoh
9300399038,kmwey
1172309077,czipi
8831234270,mwntd
2333803051,lqxrl
9429103203,ftcgr
4645997256,hhcku
3535663373,vfnjq
2387113631,ejroi
2418121227,vakyj
8438961705,vyjta
2899731123,nyfgl
4551374524,yeewn
1924675302,jgbqt
7726872986,iylpk
6889899589,bmbat
3952358724,zxwok
5983995863,urtxz
3317159333,ddrsi
6016806253,nmjkb
6258644492,tvsfh
5153884559,vfvaa
4789523730,zndio
1039319233,ksogz
4202225486,mxsts
4180945500,evymm
5764658820,vwlyr
5472582116,cjqlc
8116442661,lfqaj
2135326518,jcjqs
9112635152,pgovi
8728930624,fkbca
9910337355,gnteq
3072945697,jzhob
3048796868,fqfxa
8143009442,ysidl
5254209262,aoeva
3077742169,jmjpe
8212363408,sjfhm
1362790845,mdnsm
4660407319,rsxir
3718116539,jcsjs
3395564132,pvbvc
5863456819,sehss
9244770609,nnvjm
1186403555,xfsay
7138790035,skeqt
8348320422,otgdg
5719544391,lemut
1067428783,fvqpk
1787474593,ohxlq
3299188785,stpys
3835155415,dehgu
5888976255,xwsqh
1883652336,txkto
3487868758,xvyug
6019588553,xauxg
1197212409,cmkoz
4337749575,ggukb
8244642391,gjwoj
2642371626,boeop
9018904770,ymffr
3741496510,tdmsq
7585584040,jfuas
5403741419,tgfbl
6121510664,rbgii
7561769453,uhvkk
4911879782,zpcbo
3326922697,lcjrt
9552094043,wzzkp
1803427155,gdanh
5332099480,rpchl
1543848718,glsds
2141845388,zymlt
4037383042,qsjoe
3708245946,zqgha
6014004303,mhhwa
2390312730,qigvn
8689078097,uzymd
1169416256,chssa
2337998046,yzzue
2779190904,kptkc
4237266278,fyurq
5818671469,kojhp
5029409038,csycr
6428179843,ebskx
6620701218,ukmoo
3673359345,qawyv
1032809716,kbhrb
9839889645,mmnri
9244711216,ysfsg
5577216782,xgzbu
8927963562,wqrdx
8765484074,mytfi
7367473472,mqpbx
2402328190,vgboj
7488627096,bvpiq
6305878688,mmpaf
3139427905,dywaf
9881821658,vcxpt
6790541781,nboop
5273052012,xjbfs
1579492874,wpnbt
9811630318,llljw
8972157106,eoseo
9162450484,wmgmw
1656320404,pefkd
4439293845,vbauk
1857195160,ikztm
9535782885,pszku
7238912743,acepg
2015880186,aofwl
4863640503,nedci
4968467671,dijec
3127757805,jkrxd
6491096450,osfnv
3323224725,kmyoy
5823192425,fhbew
2747216800,wwuem
7614408449,qkwuv
3134277648,trkyi
6461912451,ofbhp
9761140463,dswrm
6166841391,puzyd
4229832182,qchag
6076181534,gjibh
9199883289,phaxp
1731672505,mxayf
6286852562,xwdhf
4199875613,evvda
1322279182,ndmdz
8514376685,qfixj
8649356884,ktapg
1379438504,rljur
6324819619,ncyxa
5584274719,bvdns
2577580820,zvyft
1895576353,nmmdq
7532566307,obmwk
1327342371,szldz
3447602757,chphg
4071935521,bpssh
7422300319,zstvw
7217550706,elzcq
1705262367,pxrsb
3579176119,zbekf
2847281524,botha
2239545188,rgeoj
2278170903,hbdeu
7156925533,unfmx
9776504232,ytudt
8500207647,wxkyj
9378020531,jumqz
4384342155,utevv
4226510462,pinkl
2315509108,xktlh
6401335062,fahgc
1352285103,ndjfu
5690024056,priit
5930758693,qmfzx
4212311210,ljqod
6932862884,qexfw
9835177861,skgfs
3935000785,fltll
5442942420,qpcjj
5789266835,kwzzi
7056831686,oglmf
1731764607,mymeb
5633807297,yofji
7120387145,xlths
1355648667,ojdvx
5681862302,gqpag
7443541196,wpdie
6506729507,idmxh
8965544497,hfufb
8086961432,bdsxm
9612677427,nrdur
1568276670,brksp
5646633326,hahsn
3737454359,qhzlb
8129714150,ejqen
9281697131,eqets
2923906556,dkjcc
4368145265,hociw
4542041626,vafxg
6469856118,ovqrq
1327396918,hwjyr
1414160380,xiqho
4534244602,zivck
8308604365,iezxf
7028068012,jpmmx
1577442592,pplql
2395645277,hznkw
8082336636,spfas
9060990655,ntrsj
6952319798,kvtnp
1735549189,nytcv
5596095171,cmpyf
1963595806,mwnls
3719049053,neqhj
6471769552,aeqds
2637063169,clllf
2177451578,crrww
5983585342,udfyj
2927260603,wgdtu
4440043783,rdria
6113437909,vyvub
6997514855,zsmlr
8271574700,wyopu
2061132161,cnhpz
3258426933,dsajr
6913753137,msiyt
5316868268,ageng
5131053849,ddatp
1152209652,mzwiv
6543026354,dhpqn
8234079781,ubrqo
2127790575,ggphr
4206186796,dtybq
4790091197,evpix
5934834342,ialst
9108694620,nsqfh
1842372381,hlvgp
8662220278,qdkvb
2805420395,cfiuz
1946321076,pycee
4016283724,sfrtu
4187337360,ldwrm
2016703688,kghof
1959367756,vdlxs
2826740201,kqbxr
7723332351,yqxvf
1204586870,hpwba
4670339542,wpdih
3115170837,teusw
3834706723,qtkpd
1497722046,bctfc
6864906908,apxdl
7540005642,ygckz
2487426765,eohge
9632938365,jajbm
9858807901,ioovs
9186851892,fszjd
7752601604,tjojr
6676056176,wexxq
5801198503,ikswg
7288241504,mclho
1459431914,miilt
2984521804,ppxrc
8011577939,nsepg
6356860896,flkym
6651953971,oxtys
9647653226,rxqld
3398238801,estnx
7921407414,zbsdh
8873637829,uoqvh
7575664398,ovqmp
4776107798,yrtur
8798406269,nhwwq
4437578402,cxvko
6447404819,xlsmq
1174135730,pbplk
8851951677,brxbb
8492988428,esyjg
6927722299,gsyiu
4528089732,mnskg
6529768119,ehriu
1283034188,tjkek
6110349270,eylvb
1751503647,mgflf
2669463186,trrlk
2756951020,czlfl
5384356079,momyn
8345945682,hxhrj
6227985673,bmkvr
1132873270,gwvpt
8050530445,ekiil
6513665475,zaduu
4159826036,sshxn
3180137308,hsdqv
4560200701,bhbks
9748718798,pgcqu
8667539470,hedyt
4071193962,hqlwe
9276235739,qwwbm
2553756498,ccpbs
3066507776,ijjsz
1029557051,bygck
2688292216,ivphx
2354727191,tzxvf
4637238924,hgpum
6819939807,hvxuf
8504053937,eabfh
4122688222,tbekz
2720757847,ydjai
4309452189,scawr
7519739177,drnqb
4039172395,ipadv
2542979097,gnjmf
9210275936,xomkf
7597374895,fgboe
2960821588,fswlp
9779481321,mfstt
4943740362,xdbon
6287175168,uoddv
5375343746,bnlpl
1237661212,cyutm
4701862852,kxtae
9668354257,ypjoh
9808656568,buyhc
1472944054,rxbop
5759960748,naliw
4234957068,blkql
1605689901,jousf
5620391758,undzq
2059765784,vnftj
9026671153,eszzo
4018679675,mlpgs
8746198630,jdjlj
2916824462,cuwif
2629224258,qsleu
9834253218,uwmlo
3492878815,ffknu
9522096155,wblby
6179618597,ptsqr
8480412373,swzpa
1185817582,depng
8897171357,tayro
6354098915,lumbz
3866686162,fdioo
3274579884,vvxln
1113886157,ifkut
5752776430,slbjv
1578734629,bfpnf
5164050754,flyrb
9724268109,nzppt
6100028241,ngfkg
1193745201,smoge
9283775618,vohjw
3008860666,eczcd
5002082872,jiwql
2100224578,rrrvs
6803652715,tsayq
7143258789,lcfzb
5542879021,yqfmx
7752152009,rxfrv
2431162819,ijtzw
2555273781,bzhjo
2216649882,photj
6132896089,ycgxv
4767634340,pyjvd
2652171838,lvpkg
9198322927,ndohb
2329206757,uylxe
8205836784,qiswm
7893551118,hyswp
7555487187,fbwib
1129372569,xehcg
6540283642,kpgqp
5029956509,vuwhg
1423895487,drzpp
5341408067,fvdzb
3159361854,qdcsy
3673606006,dbkrw
9900807201,yypmy
8285749309,thlzq
6144653021,ivowx
2936083907,dmygm
7650492483,kducu
2297890966,dqzmu
9320826172,mujhp
5029952492,hzjal
4881258395,tiwae
4823901642,hcaou
4648195617,arknj
1240564816,ihxjz
5351689163,tlhrn
5039991149,nkngi
7154633513,knran
4499772892,mtkdi
8688723833,pnark
6083964370,neuad
8299483912,ikgcf
9347688588,erros
6227903733,tferq
4861334651,upict
8302554519,nozhh
9207601752,fcblh
3375377805,qpxel
3503492689,yqvnd
1367841960,lwxzp
2421489006,mnzwe
7973550890,rivyf
3868016950,xqtds
7824628444,xzytr
9613674093,vibqn
3211868801,jzxvd
8374884583,qwfuo
9039724450,adlxv
5582266804,jdsni
9414757104,gecvm
4083991052,hcyjk
9579582201,nepee
1303268831,manpa
4620178733,dmaqz
1684771350,jxeae
8723406934,zwofb
3284129884,jtdtm
6413857983,gvysf
3145724713,mnqet
8443537440,htoyg
5246334711,hggmh
1355157857,gwqmo
7914810905,dgwjj
4703266815,etqmj
9892178299,aaugx
5964648631,ryide
8034057949,emsjg
9990399385,asrhg
8859309315,coswy
6124257312,vugrg
2651986278,occam
9863609665,mgyvu
7497448338,qkkzw
2802679750,bprfs
9912645254,tczlg
8735236963,jhpxu
1565700668,zbcap
2402177456,hfneg
4089013371,bzjzx
6308313347,elkhr
5499974612,qgjdb
4283726067,rmvvr
3843769221,wauhz
7238641267,olhkw
5168057477,xjumx
9659984310,ripyr
6467758529,uzcig
7614678439,atvmk
5502146316,hkssn
7370373842,muwhs
1342709559,bjwgs
4094311691,nvljd
7668881563,wfuzl
1556133456,gfigs
2409087035,ecmpm
5385107007,bhgwp
5657670791,hlsou
4634889123,hyqlf
2046257644,jcbwg
3269228300,zutny
8172673897,zwdha
9666289161,npjye
5185960440,wodei
1239613797,zzspq
4221132866,khzij
4912666865,ozzuc
9398758889,nyxde
3434484750,szsvl
4600941683,tlwns
3702723492,wuwff
3359252733,zqjiw
4816595737,gzjnx
2811642884,patjs
8504073774,wuyyk
5185181411,lsogn
1313524907,xbxob
3474558010,orfwv
7338315495,qrrrv
5630227636,appnf
4786620727,vulyv
3247329316,auema
7272844913,qwbww
4321416765,nhgxz
8838630523,nuiwt
5297677384,sbmha
9730179931,ptihn
2755795912,lwpar
1212998671,friph
8903914328,kssok
1307936925,qugnk
5207137973,kprva
8922221086,yeuhh
7766508503,oxjls
8046341898,xsifn
1193397749,lttjv
3195174921,vvjos
8686814344,bcioi
5074594298,wgjll
9557602903,ktsmj
4321451636,wictu
3419819002,yqqmw
3845453718,robhc
7007698537,yqlaz
5976307171,llemn
1238294865,fcsjk
1144175100,qjwpu
2720065375,sqknq
6699879558,asway
6225648716,tzvrs
8630142038,alvde
9989869153,pmfcd
9628663456,jxchm
5051532961,mugse
6009248997,dmxll
4317556444,tipzc
3973688757,tgagg
7045794523,hdfoe
8596076332,fywwh
4758988043,kxefz
2518438264,cucmm
3601355129,mnzms
4099165771,ujzkv
8224238160,wcbmf
1852035995,rfjcl
6186591631,hgstd
3674408875,ofijy
5346591952,ltmyk
3146729695,jvurg
7539356244,ujozl
1738444369,ltcav
2160548701,rvmov
3118843007,yclhx
5946965535,igtdd
8161262190,hdpoi
7123009566,iwonb
2227155384,lbfzd
6783602312,jloox
2224209632,rwjoa
5869889296,pppuk
2981445951,wkpzj
3187528501,jqidl
6627279112,lwmhu
3288570833,tfvgl
7611526166,iitia
8843490203,umqif
4865049674,rrpdg
1304229203,evmrx
9624291581,toncz
5779793370,vnirz
7241818040,sxgkr
3354835856,ftori
4962207066,dhfwn
2897371426,zjmyj
6986535016,wkfxv
7639186138,bougs
8862722462,mchqo
6211828599,futpa
1451751189,pvpuw
8677740120,uyths
6350606969,qwftb
6851890111,rxxdn
1918366630,mqkvi
8482829203,upxbe
8766427570,bzqfl
4518404160,wplbh
2280736949,mrohf
4114537408,axmjr
3251611251,iquca
8827719559,kkqwr
6884745313,otbzk
9452520720,osawt
1580736928,btojz
3407674509,wiyee
1192773192,twxlw
5813368128,diwxe
1017514828,issls
8295427888,jhzdo
9654303920,rihcw
8047242147,zpkmy
8278496212,lawrb
4299505026,khhvu
2153691212,qzsse
1745336473,onlyu
9062312031,cmhjw
7571932552,fubes
5987616847,hvbkm
1223271918,scxzr
4733019398,ueonc
3584203651,gjumv
6070819812,tppad
8131932253,zluor
7512067519,cmhho
3750863261,khsqv
6184588775,zqyfv
2998789224,qwivs
2830966073,sosup
5457335079,iecbw
1171426501,hgvur
9826238183,hpmib
3081623535,phwpj
5022432508,hkner
1024984093,unrzu
7329339852,dpwok
6516958180,cqald
9207879564,vuaau
1471539004,yexbx
4670497388,ijwjg
3680468873,faagl
8089138136,beipz
3004518594,ibifw
8430658295,evpse
5812395689,oynpa
8610100204,kaynt
1792255053,qndel
2051706263,icukv
9100859626,ucucr
9621168850,wvoxn
1972346919,poech
8394337182,axxtn
8742885220,verxt
5661949222,rabof
2577736500,qwhum
2119872990,ajaeb
1606457853,inlny
6952893295,vppnt
2152709760,rdtnv
7002962854,cuxtw
6823752978,sauoq
9927719709,duyvo
7698848361,gvvzy
5767781031,tiywv
2836460119,upmgj
7455102638,vtbob
8273311800,lfrug
7538854726,abwso
2540422370,cjxjv
6148186241,esqib
8097296413,aegpf
9783499961,bpdli
2098624015,mxraf
7425287321,rahzy
6596514934,hozfp
6617373912,iqtai
6631095420,zpxfb
4181066036,skcpp
7119760520,vdidf
5230972075,vjmqe
9918111095,cjxhu
8203386565,xkcun
6931200907,hdvmj
9023354683,cqlkz
2580896759,xklam
9132845030,sjshq
2273692679,zvkko
5416683033,leorm
2491456722,carev
4074737118,cojxu
2415837386,ehums
7735254332,pweru
1163761030,bzlhq
3854089518,dialu
4216571835,noial
6710909589,xwevl
5533114610,uyorn
8021360038,hmvrb
8955860658,cedfi
9656196062,gfjbg
6449663056,rimwi
3393914056,wcunq
5049923829,ivolp
3775976516,piwpy
6785871806,tooar
1570404920,adxqg
9144862232,jejbq
5746466882,yqliu
8810255538,hedch
8799274018,igupv
4924920013,mdsus
8010272230,twqyd
8134476152,zzgce
5364493810,eqzgu
8486099163,ovuqh
8985588202,hjkff
5922226594,prwjm
9281319413,gegzn
4304799662,tjdaq
6348374400,uyynh
2946726811,afrhe
9374995156,kytai
7740010863,jchny
8815961610,shfdp
7281265299,rlfis
1597830890,ojraz
1135770373,binpu
4551365584,ybqkm
2836424528,dvgno
5607744018,bhhyu
4306262633,hwpds
3923125366,latxc
8264158061,tcftt
9875405812,uimku
7426992112,twptm
6258066932,aeuiz
4514043426,uilqo
1875621159,jsrjo
4988598688,hivot
6159657821,caoxt
5078045742,szfil
5466702865,tlxwj
1385925120,ehxlr
8355340229,hqrnx
4123614222,woqwt
6158467461,jopky
6907011702,ngxbp
2107621860,oatzy
6526501990,eyfuf
5474123525,hlhzf
6256301237,kzgux
4421210823,bdthx
2813187672,fikjv
6296323841,gclli
4437634862,uzoad
4522287877,qmzff
6291197129,kmjzr
2463580104,qkpjz
2441022951,azknp
9894998118,hpsvz
3895773165,uenxk
8780877816,vrmra
6640935064,ijkwe
1422257082,aeubo
2481735435,hrjnh
5677444648,cqvhz
5658395101,oljti
5533112899,vqtow
6921587878,ytgoo
1234757357,vjmvw
2626247367,plegl
5760091246,dxlyn
5934416759,lxhkm
7930132857,epqhn
7756141883,sytgs
9929192579,thihr
6160755116,rgzlc
2669403297,kjqgi
8714557174,fplfw
5018976034,pgyyv
8071569791,wkvzz
8580838713,wvkrl
4490101529,gxzen
4744606222,gjard
6281615939,avwqa
6297222746,jnbcf
6993187170,vtwif
4855141283,eqgnz
1518763268,nuszm
6110959366,cqhti
6969178142,etnaa
2562163050,nxsfn
3219661687,ypbku
6447260379,sfvbz
8897420157,hjosl
6211163107,zzozr
8443043058,execj
1606656942,hswjg
1974816610,hieiz
4697894198,tdszm
7038986757,qckhf
8459045817,ptzsh
6963195210,twebo
2434377038,qkidw
5800802014,dbbpt
6970318490,ldugb
3323852462,ckfua
5888959411,jiywz
2779990049,berex
5548037970,atwim
1989093277,zlssw
4479239110,gfxxd
7501761408,gqckl
4487566544,pmzfu
2042525101,eoets
4441972059,tsebu
9935635002,xstky
1363764579,fcdhk
1811883737,wscmo
1490901067,lhynn
8646478274,pjufj
4937924189,qphpe
3144073394,knbzn
4405518290,inisu
9688832481,uavgo
9385440140,tukqn
6134123400,izyyu
9437679643,knwss
6667856685,kbqnn
9146278753,ahwqh
6655355349,zneak
6533715434,fgxtf
1017124156,juqeo
6017597124,ayhql
7611227826,iakvi
4891453374,jckth
1235408296,mslvm
3209527838,zeayp
9823275629,dbptz
5678005859,bjnut
3529250295,eqtxf
4950152512,xpves
2478593005,zeoth
9148464058,yogii
8285306069,qfunf
7367122373,jeiqz
6583397568,qfshi
3440343809,mbbxc
7849716819,zzijb
2450181746,dgufr
4210593599,hffmp
3227936765,mxhba
8147383550,zhowy
5788269392,yogyu
1760869593,beyvd
5117732619,kswpd
6227618320,ujlpe
3262792242,nunds
6126742278,kftek
5024342561,vahzt
6416052656,laczl
7658537771,vbdgq
2906379094,nlwlg
8322307329,rgvrr
4917764827,vipgv
1825782697,bvyzi
7594681659,hhfuu
5464879557,vnhjg
4788686877,wyryl
2657727905,tzkvp
8683631688,ocaiv
4932295284,jdwzc
3569065564,xojiz
1940143842,pnart
2021335644,lsrzu
3021254670,dmyer
8409745834,ewcqv
6019468004,vinnr
5973214428,xutmx
8232307497,laycq
7607569253,dyibt
6504564990,cachl
3677073743,pdcoj
4262335213,cljlw
2608150944,fnxns
4001005046,skdmd
3908941310,sykjk
2302013384,mzvat
4054803823,fvxhs
1737851381,mvnxc
6537934908,sallq
9375086215,zigbs
9118027952,jarpo
8340395477,hkren
2843432139,yagza
1069247435,qpjfh
1489371634,mluok
5198762170,vybcq
8631504920,gzoyp
1352182808,wlxll
3666755434,rcrib
6184986541,ontkg
8677295949,ndgul
7454332880,cvejp
7548269900,casck
1875781824,jqguv
1399738784,deqai
4093135540,arazy
6743045969,mkvds
5039999077,ozswo
1857293025,ivgmw
8506779987,erlqr
3927053772,zracn
1620945686,bwrec
6215302059,oklyv
7879599230,ecwou
3641959589,afxnp
3057700746,ltzct
8578672962,faxya
8036018280,mqmkl
2349168540,itiyo
6795750058,hqbdl
4452753767,qjauq
4238432716,tvgkh
3788275530,idrhn
9003468306,girqt
8490749956,kkelw
8647128466,fmnzl
5621218953,kguqd
8885294636,zjfxa
2474994806,taadg
7578405292,ajotb
8331564327,xcpbc
7208748909,hyhan
9319398295,rwtdx
8723479674,rwxne
9774781678,jbjlt
7389219009,yzukc
7608850691,xhlqb
9925480406,qoacl
6643262026,cugck
8132740661,fthjy
9996301724,cigvv
6314380459,xyjiw
6239473212,dsosr
1208229448,dbsby
1348710372,ktlyp
5670293649,ebqwl
8590271202,epdto
1704321200,zemqv
6236160844,aawfv
5763822719,drljo
9776079210,dbcve
7308686685,dxxtm
9145733773,ohyjy
4545108254,sjcte
4851588558,fcbhb
5433804031,pjexd
5389964461,ekcdv
2712315269,dkhtf
6962361471,mcbou
7460085011,rtija
5660899298,qbbou
8180669062,golgm
3475448572,ttzvi
7670379771,reutu
8983726584,wbvnc
7578653076,ptcjj
5279085597,qtoju
1074576929,foqma
9546262147,xmrnh
1054297856,pxujj
1858295272,rbfpr
3684922310,cjbih
4801147940,kxsym
5212180017,fwomt
9258450667,wfkpl
2878880454,jlvqy
2468292601,cvarx
3701899230,eljfw
6493675926,lwucz
9668439574,ciijd
5989023915,cpakq
9414948239,qajjw
5143880527,xqqux
1972306634,poouo
2948247461,vvrqc
3124225369,xlyru
1881222671,pdnyi
8492524298,zwihr
9333625261,rwuxn
5222161664,yxspl
5542480590,wxcnd
8677721891,cfnnm
8831262662,mxovh
9792605736,zkxlk
7107712329,olccs
8586441072,itxxa
7077444839,ztrhy
8691347587,spgug
3441846663,wqyrj
5723881677,tqodf
9746683591,rulgg
1723072065,nfwnm
1884689734,ujqvj
4012996505,rixht
3602157285,mtypp
5798906774,enfsh
2433018781,yddav
8272175584,mlrwy
8008029502,nkhat
7615407551,ivmol
9083861846,nwxov
7887039840,ayoif
6010665025,cmccm
9378968617,mxirg
9041177757,qvxsf
3002397569,vhqfs
8006728010,srspk
2325592613,vgkog
4864115876,ecxkk
1305382554,fonrt
7050259315,gxrsd
2430474908,wueka
2250264968,hwahc
6355806988,fjyno
5075514805,hcvcz
8447187044,zfofq
2811061033,uuumj
1924813307,cyxaj
6471313237,tglpo
7134384828,uaron
8142129665,iwppc
6030187640,nupme
9252584025,uwinn
8401670815,dpidv
3595500833,potpq
6758333617,jwbnk
8802313014,rvokf
8162002410,crsjm
6099798197,kiazl
2553697603,itxao
2011818472,mgyod
7029075736,ejydt
1416227723,ecxdg
6316210370,wdduh
9529334105,kbttc
6389941824,krezf
5277246006,jpnyj
9261944029,cekrf
5543540062,kixdp
1451023310,wsqxz
8837441502,nrcyj
1570477518,vnlpk
9426040983,sgxij
9533556599,xijcn
2031268376,vohpd
7630714684,cmpvn
3819442498,cgjaz
5674640716,vaquu
1121069398,lkqpw
3212129413,ldzas
6285928229,yrtxa
5973448983,zxuwx
5762384394,nifuy
4988050461,bqdmy
7770594515,dffxw
1267744158,qddpy
6395216200,pmjba
6349004105,ynhcn
9341656955,pxgjg
2017020683,seqrb
6020114376,hxhqi
6914778996,bsppw
7167543712,jrmih
8879805807,afdbm
6072803480,gqnsk
1328602672,jnohd
7962388442,hpmci
3498213859,hcsha
2075559881,qfvwn
5618144085,cooal
1355252378,dcxsg
1921196858,rqffz
5508524303,xplqb
3929558156,outen
1781829266,yylab
7598569784,dnndz
1123669769,qzghs
2478043870,sjznj
1016905338,iwgpe
5355571070,oybhe
7491086259,ztpre
5329576743,powfw
7354987962,isasx
6355424044,cshva
3472734617,kxdsm
6618996188,bysdd
2512933027,ajdxx
1507985101,hnhuu
6226564822,pdqmi
7531459492,pdpgw
4109454870,qjnfz
9444986979,wqufh
7931419117,vonxj
8401406173,lomfc
8757336946,nkgyu
1129258420,rntfz
4043182401,yfhoy
3366092915,bfjtf
1820648190,kuupu
1881681461,zpgew
5605002732,hqxph
1587010887,kpcdf
1741958632,znhkh
1906103859,gnwwo
4511405288,scemc
3033976787,hzulp
5521984051,gvglv
8307318531,lxevn
6398176223,ntxkl
6542020426,gmaul
2056596824,zyafx
5105837852,plyun
7443890177,iugrp
2535900221,ddcrx
6216172383,jhdvf
8678675194,xxoww
2154582196,ofdyy
6194408113,akpna
1478230653,hyxvl
4907661293,xubns
3327676458,klwzg
9724574052,aghgv
2799744013,bbzzu
6098272547,fsolg
6451840563,keflk
3216996666,bidiw
5334906599,ufqvn
6268924407,mpqeu
5559532471,rtzat
6235977913,cljcn
3763078408,qcebc
1293808046,ccprh
1141426171,uqiix
7392119080,kazmn
8231837101,pceme
3360257220,utxdq
2816990753,ryisu
3686609180,riwbm
4578078258,rftsq
7743507683,ddddx
8996925681,akjik
3244507660,axjdy
4127218718,geqpn
3111790378,jyukn
9991270199,nvzol
3225145146,fsrdj
2605154840,mncny
7746268970,vldpn
2101411950,oakga
2650627561,oenqi
8227715116,gzsaj
7055486184,yuovi
4519028034,idias
9302065713,loxbj
7007876303,exisv
5655809414,ljycn
8613876044,qrvhj
8009292212,xucwn
7049950784,mglmj
7120332087,itijj
3185739413,fapik
8042254739,qrdyt
9047117175,fkhcu
1014081957,akoag
8799836338,mwprc
1436496234,vbyzr
8413826958,poduw
6760592931,tvolm
6062310293,hlbvb
6537463638,widqh
7919306904,upyaw
5194657648,aaihx
2784329977,ojjes
6718929304,afniw
8584693391,ouxdw
5440046315,ahcpm
7162924929,dnrky
3055437965,islyf
6031384948,bdcci
2637698109,nlojr
1105549803,kzwic
3514315554,ompoy
6845826485,ssdfh
8870214673,yvxxh
2353559192,kuhuh
6794390741,egfjo
2340909053,trwyn
5373081979,kofsv
2359033599,hffoi
6394227466,bmjac
9489968208,ovljy
1837702312,jguil
2243004039,snufh
7031128549,gkqwy
4185061443,ejnxk
6392466583,cbegi
4919933082,ygfym
1425273714,jlayj
8067996241,bkvla
9396545344,efuyp
4774519325,ogzpn
5086505546,lbwjw
4927294118,edslr
4672281829,bsamw
9076352798,csruy
4546921948,xhjcm
3521500334,pnhfj
1071616121,duhlt
7412388319,nibrm
4625312151,chvrk
8535257800,pvrjr
6173822401,fqctn
5363967153,aqcjg
9601007788,ovpug
1702914543,keeip
8310662891,keimc
1669808936,pqdce
2767876998,euahp
1411700313,ovnof
9537764339,mhman
9936156277,faufq
9196361465,zokvr
5243911112,gbmjl
5891612443,xgbul
2743798314,uwpil
5992923439,zqvfi
3484086154,ddqbw
7079242453,hfwrx
6002672206,cltsm
5392631045,wtmak
9977718850,ugmvg
2368652647,hknfb
5639522747,kqpkp
1291194047,tlxrk
7941663747,ilhiy
4292169398,uthyl
5539889177,gcxua
6033350821,ukyuq
4124328286,crpbn
4131407609,oygke
7348378948,uppzj
5648361601,defyb
6934811520,jdbiy
4546802288,dvqwx
5081198241,ksxgy
9213366879,nrhoj
8708920971,vkehp
1611595768,mpjwo
5839719312,juxrf
7777324666,zkird
1925202212,wfsbo
9951766299,makxi
9297088449,ufkxl
9041199942,vhsgi
6935861403,mbqut
8597213347,aklrx
5788680682,wflcw
6081649097,qxkxn
9337889347,djjei
9699397833,qnhfb
8070942194,pzksc
9851059702,tqfgp
3712648565,ntfel
6185953633,viblf
2726323312,ukwdh
3653379893,ifrpj
9564115847,psohj
5660048290,wthnd
9860814514,zdchv
7467368572,vhsut
6050918851,uavgx
9098983789,fcutt
4719201666,nojmu
6243752247,ralfo
8123179222,zdnlt
2422758428,sptrp
8035793710,izrlh
7246542282,iepvs
4326601428,glkva
2088206968,rwmrx
5967537729,ziyoc
3388217302,tlgfg
9551745860,uuith
4321852491,zukxl
2192847526,sizdr
6932076899,dbezq
1912251532,eeyqb
4256611990,tinqm
8264029561,dkdhk
2427936966,hqhlk
8632931549,rzpbv
9473997114,turzf
8933142417,crmqh
5768944245,dkkov
2922989569,dfkcw
1500837741,zcayu
5863282819,exsvs
6649514906,jraaj
2818666334,kmppy
6987012283,vzyfs
1713253086,gqlij
8791702961,gsani
2232021128,hhafr
9189814623,osscm
7254211553,vsabz
8692778121,hizvz
8422341744,imbkj
6130291757,gsdpo
7159174045,jvfwy
1714882639,gajul
7414132151,vexik
4647807046,rfxep
1960042630,hjmhk
7238832340,hewpg
3947526904,ptqdn
5276107657,frtpf
8367402285,wjyfy
6700105584,hbrge
6579683336,drrlj
1222972857,mkxsx
7845716943,dwjqc
8247600034,lbhnx
8430067144,kdlxl
8945883174,iauha
4638488443,ydqqa
8757860409,bhtkh
2034805363,agetm
7163619345,bfead
5003049321,mkmyc
7129767312,qzomi
4934659227,cijvs
1823889152,yijtg
5924041051,awsxe
9749963652,zhdbg
7577513946,lpddh
6521712752,nqect
2508731701,ddphz
7975379769,rrvhw
9471151528,gprue
7097496055,ofclg
8750467629,unsbp
7188867504,tjdyr
6347185518,qievn
2515793096,wfxpv
7541483231,ziroj
2882446665,oouui
7784385236,fxpfx
1996112243,ktohb
6979642918,jsojx
7009068752,rcfuk
3155139952,gdsxa
2499589341,dyspz
4429709064,pxwyj
1495542711,czvrz
3439124000,jqijb
3834654807,wqorw
8680683146,scnij
8912770029,lswss
7455510372,onfed
8086367830,cruii
6826115959,zhncp
4799885754,xarnk
5117828813,ffxgi
6824217775,kwwdh
5336467152,lbvid
5672068270,mapok
5946697498,stoma
7708930145,iovcb
7256305989,gjuio
2860902492,yiaqt
5035217485,xcqzu
2080351180,xsavm
3138426252,tmdkh
1355867232,sclne
2993443843,qkgsw
3239343874,qrvae
3189911666,cqiqt
7329305110,fbhwh
9969191218,rcevz
6262527189,dnrxz
6622835940,ajvtr
9697435900,pmzoc
9375995442,hvkeb
4072054587,usclk
9849396337,xbxqx
6650093703,fqojf
3694163888,ptlzr
3607579032,behyu
3373954983,czylx
9489841959,zyjqt
7620041569,lqiwz
6234863353,nmcfn
1410841232,twsjt
4323253541,jjhyk
2206079428,phnlz
1400540539,pfpkh
3333796302,btuwy
2917357357,olpjr
6628440901,dzjed
3852927540,rvfkg
5663103809,fnmpl
1243328424,jkgif
7102553048,nqpeq
1679750902,rkxed
6968892716,pgyis
4369368362,dyfwb
3186169165,ccyzf
5723662744,zmohm
9372944491,qtbab
1424417852,puclm
3190594873,pzghb
4377978993,vurgp
8236624885,vontx
3876399860,xivgk
8004495841,msadi
6863105904,zajyo
8504730743,bdfzw
3794449372,qdumd
7200894352,ebxcl
2152893847,pssch
9792624447,qcmgl
6197148321,bvkcx
5213796355,jplrb
7604105126,fjjog
3788232757,tcbsg
9920966264,zqklg
9553791728,txujh
8511021087,bhyor
4009707004,hdxjd
3309350329,duuqh
9704042588,qsaeh
8641347976,sgkkw
2537582414,yhrww
6894834391,kmsty
5248287450,vnlqt
5800471338,mhjlx
8477849328,tydjk
6829311294,nqmmu
8647660848,wkhyc
9170926253,qckkg
8555173110,esibs
4910724223,lkpqf
7758507416,ryjkx
5966833462,etqqr
2669166955,tqafb
6905463273,ordrx
5212714378,ffpbf
9155309620,qqoll
3046641505,qiwsh
4107405929,fpajc
6653237804,tysig
4674049538,rqjcr
5677773108,almup
3484516509,mvact
3472411416,shgpx
7820785735,vduwo
4258276920,wfoam
1175291686,ikpzu
5624675986,gkjzk
1743325069,ckixi
2385889807,udnme
2332210784,lishb
2861739327,cuuqd
9846623102,xhwpq
1368389603,snduw
3685871712,klpmr
7486450742,avvme
3398212531,lldjw
5006202611,tzyxw
2214667689,nklgr
7036100489,mqdpt
9974537847,gqwnl
2940200117,nyljo
6939104508,lohpd
6493339485,gwwvj
2270546219,wscuq
9723282240,fqcdd
9949565304,lupnj
6004559568,szctg
7151766609,klskj
8854880628,nldoj
7351210752,riych
8321719940,meggg
8221793540,xwfym
1931100512,bqjps
9909776649,yzqdv
9148522481,zyavd
2408371320,gnoft
5648658646,nbxgq
2683691095,ddhyp
9949533721,oteeu
6380652710,lpmaj
2524348640,exgpv
9681098721,xhenw
6183083811,mtsht
4953963183,qxkjr
7082721328,txvdb
1448101284,tdqfe
9686278882,fkuml
1473403236,yebxh
1016927491,ztxcq
2970971913,hmtpd
3902797864,lqgmk
2597057702,qmzpg
7025860131,fnvor
9493315998,omorm
7037300712,glfpk
8728656598,ozcds
3745765237,wxvym
4250802057,ujxtp
6781772678,aupza
7647008051,sybkq
6360706478,qonra
2189579943,wbmae
6314243832,natfc
7879526775,bslgn
5208120878,kqkre
4201574863,idtal
1888846224,jltpu
7059289826,nuxvr
9103201709,mmsgo
3199705454,ynnqt
1933933592,nnkky
4998051379,tgndt
2919324431,xejni
7576936329,paqry
3628395351,vicpl
2354866312,pupzw
9824612224,jcgpm
6667942906,eqeeb
3112658598,irumy
3379939886,zaoaw
6019907740,widjy
8456703863,uiuaq
3968039784,bchuf
1563810390,sxble
6581403658,hyqwr
5755370042,wrrrs
6731507552,zsczn
7844818947,widac
8065269048,qjtfc
1013461167,kkwfp
4300698427,nbcbq
3097849038,vnfjh
2544177587,yrohq
5920743633,jaxlo
4713411781,pscso
4111308778,gghnq
7031720715,dlhvu
4921458092,ybqxh
1105426735,tvpfj
9893480464,gymgr
8997969782,eudsy
2545095285,osttf
9393913522,euroj
9372309120,yvahj
6521414688,ienwo
9120507567,rbzpm
4414656213,srfvm
1763150754,cliic
7702750498,hcobd
5889565626,sjihz
2859707214,xblor
9917457633,zvcqv
1642735309,cbypi
3006448642,ztwsf
2110555477,lzsgp
2318346108,zwuvv
9473364749,xqywz
5673915221,fwzwz
2157113904,pruxl
6761185659,hgxww
1601417183,nyphd
1165114287,nmqhz
8487517516,fjejw
7988234428,zizfb
9763771283,lrhil
7356253134,zgfqv
6725878807,dqaes
9538879192,bdowz
8718146993,ppadw
6594742768,byrvv
9776382463,yzgif
5648489864,mqkpe
4659478730,ujttn
1423822571,puuyd
8992884483,lhwwn
4102272131,iivhl
6221242838,kvopk
7326864472,aarlu
1564220531,zrydl
3016171850,zbbgr
2384302985,jostp
7569692481,kqrke
9807954256,dxhdp
8367642488,txdwa
7605771696,vpjka
8687084025,cqasm
8821771436,cazpx
5111552559,rmvnt
5910240341,owyzh
2029007792,kmsec
3831855293,baqve
4962711014,kjudm
5059278309,wksao
6923741662,exdzo
3799151734,qfcbq
3838644608,eoask
6158715856,xflpu
3760200217,cfdxc
8394613079,dhhay
9141804866,nopsd
2008958603,bsvea
1506345624,hunrh
9860454261,beuoa
3167298276,ndrcf
1988931975,suoph
4381485585,dnoqf
8759701114,gnezl
9061827022,yxihe
4748828182,sceqc
3284858131,qrmhj
4994330886,wzzhn
2128285602,wmnzb
6390156749,bufua
5503388320,wncfo
7027909918,znowx
3332680732,nqfwc
4083583832,ffygc
3663403871,gwrme
9998308394,pirux
6363474152,hkirb
3132978430,buotd
8026216708,topwq
5101538540,gnyad
8685626040,toflp
6715995491,tvepe
4932498334,hapor
8742211255,gguwr
8689153551,vpyeb
6595176652,rfnml
2020823285,zjzqi
1996141969,uiejd
9418987900,sntjj
5148906571,btkvr
3410774499,sdyav
4056781959,snboz
7913646807,ucufo
2139998892,slhnv
6243639269,fzcmq
6958324254,rktwi
7163663940,imbuh
9764578665,auhet
7834294291,doehj
3649884422,eeohb
9334794287,fqadv
1801719021,csdhr
6403706337,lwcbw
2597361637,ldaoo
3685166983,pizdo
4471182870,xgvxw
4760783713,sjdwa
4592046178,jlogg
4288400937,iceug
6323364565,mchyo
1035873465,ftzmu
8689982437,jtibw
2853127027,phmgl
7139332457,kyrbn
7935417285,boowv
7369183013,insbm
9680589718,sgplz
6634897523,ophiu
9496678194,wgmcy
7317162527,ldwmg
2830845969,xetze
9940394688,llffw
5626690687,zipic
1019308866,aebtq
5334596705,qlkye
5881406698,ykphv
5418335669,skssf
4234615768,lbdde
7481125832,ygwmj
2190456028,qcwga
4739483847,ngajz
6214091127,hczkh
6764562659,ajdxa
8930665022,xpbyi
5740286892,ijlxw
7451590175,nmzfz
2908717743,otacl
8632329651,hivfo
8410883532,edkhg
9448556888,tfiqp
6665168374,codyk
7704022332,wulnj
8292061605,vlgdg
1031823381,zetdz
2103913367,updos
3700799613,kqydy
9869672778,nhdpi
7454073785,ufjfm
5213166460,dtgei
4885156621,pchbx
3045834440,akbmx
2780279795,xffdg
3306779784,przlc
2704196873,hqass
6329447146,ylozj
9825063816,qfgtw
3962115874,imalx
5930031876,hwwqu
9724635143,ohldb
4009395934,vguzl
5919171735,ctdam
7588661773,kjwpp
7170980254,sgweu
1580758460,hpvyu
4359310121,nexbm
9523277746,lbewx
3440013897,dlfrx
3049992728,vkmwd
8631978542,whnjl
3321628020,twdmz
1351576504,gcymx
7906259149,zwuxm
4201044590,tbckt
1739891992,wvqmp
4753559725,cbdcm
9940162597,xyloy
8281997360,ygjlz
1286734476,asqtr
8849434276,xsurx
7734037431,fayrt
7048613540,bxmvt
5808189325,jdmqa
2565572853,vzfag
7904478752,kkhbb
8353774266,oqiiu
4658824472,crwrp
8663452602,tmgkt
3143876301,ezuly
2640567764,cdlzf
6129794317,qfcom
5919729044,xnybe
2194471264,zvvlk
5340707436,ogqxb
7496837375,nghqa
2392859429,mdwqp
5045501073,toiwx
9890063138,udinl
1917577239,tacpz
9089339618,wloqk
7578883138,ubtlo
2153222682,idfsa
4951054321,ngltw
6638829939,uovdn
6739631457,upgoa
3651495288,ojalp
3642486086,wyguq
8488633588,wmvks
6070616793,zzfdq
9205753208,gsjta
7245420462,uxiss
6334626505,yteny
8119306440,ehjzy
8567860055,aokkq
5643343016,hzrqz
4563349625,rvqoy
8711597466,jbljd
5272192772,zfhii
7069088708,mzbdx
5348669819,fduql
9611658875,pzgut
7232534599,mgvtt
4908286549,adadr
3479438190,zrtlv
8984126582,ithwt
7543142598,yuvcs
9740347630,skbdj
4584348401,kmrlr
6599390783,folpd
8154019454,hfbge
9407301859,byyes
2031113617,oqmsj
5555980661,cgcpd
7388701128,jikvn
2860711762,ogrpi
3457644553,miqcn
6401944927,negmj
5665280379,cdbes
3157833523,loenb
6177688809,ulzjf
9063402188,qgzmu
5501606686,mbpwr
9156545050,gjemu
2338238557,knoaq
3909390563,btgaa
8163283903,fretj
4529851913,qphfi
4358769466,bzctd
2547492623,xmuvv
5789872699,ollms
7636464936,sysbs
3626755765,zefdt
4512925565,udzoh
8301372364,qgwpt
9819879184,ufcub
4516894430,jbegj
5350307686,gvzyq
8155990197,fahzr
8266513129,lciys
1568822948,trrix
9738835501,ltpks
8693196249,ncfcj
3486940637,zsiwe
9174484280,hlenp
1017146523,fbxph
3054177054,zvezq
4842966856,sxfna
8578694438,lhmit
9034936699,sjznq
4103722678,bzgmd
3741362390,pjpxd
5722201477,bbenj
2145245659,ztcdx
4185550616,uojva
2217486568,erffe
7414075923,gnusc
8024833785,yxfnt
5262024525,ezrdl
5654752545,bdfte
7682972862,ybulk
1366321971,ibztp
1013327472,miypn
6485500232,hihlr
5971417266,gokgk
7210141844,gkuye
6750000040,zoect
9565099315,tirex
5238672097,kloqy
3697707040,osrxc
1423684374,dpkpj
1737707603,phupm
6794005354,uvnis
8301703617,wvzjf
9038546076,lvvrt
5354360481,uenoo
3289193944,qetgj
8742468279,mcvhj
8517444952,ttvnc
9047904664,pedmb
3719200566,kmemu
3522596142,yaytt
1382007070,npqah
3738083744,rrzzc
9796303873,tmgtv
3057676528,loyon
7399487595,uueee
6663861589,hwsxo
2542774593,hqear
6371857571,hlmxp
8164079662,lhuwd
3428954208,bontd
9079541978,xrvza
7281769716,aewrv
3753753731,vusvy
7913362826,ppvma
1515561693,tibnz
5355471118,vdran
4552740735,egbyv
6591321169,ynkwv
5342775881,umjpe
7336475775,yrgfu
3612505226,qsdux
6230575688,pudas
4968848024,jdmom
1325066644,nqhro
7403364643,rhwiy
3976586763,oojnf
9641616025,xscjs
4265126007,xgkip
6695181656,wcdyo
8758293005,fvfci
2466144626,orrzo
6935081722,ihgmk
2594078957,sjtgo
3543893536,tulgy
7438778491,fhsku
8535154289,ihhyh
8138276721,iszpx
8064426519,wozjp
4731593492,hsavk
3358504379,jdspk
8821214680,uexpg
6630909316,ebwgo
4635903167,kqwgu
7356583274,uaawv
8471672596,ztkbo
8515017743,xospe
3395423044,lolpp
7689712858,sukkh
6901124187,pvygh
7536170898,gfcyk
8943786458,pxecd
4189519580,totty
4804843604,mogfz
3916562972,jpblm
1513701434,wnoxg
2276694816,gxmdt
5513170648,wjwwe
6147468482,sxhyn
3215038616,txtni
3034506586,titzi
9305522489,cyifr
4005473524,wqldh
5905771771,xbmal
1946380350,fhsag
3860627111,zzxeg
9312612732,gcjbe
6178178668,vnmeq
3712814984,yjtxi
9689733110,qpybm
2671991089,diepj
6295642803,glfap
6274417707,aabyz
7991749543,osgez
2216445568,pkmys
3921594454,abvsw
1654647289,jmvst
1938773742,lffks
7061723667,swixq
2581077969,gfvmm
6617720453,amosv
3777758921,acjhe
9999156944,kysjb
2375706914,ialsg
7286438230,tigov
6379703473,djvdr
2183896595,vcndm
9094126602,wphgl
5676092772,xuyeb
4175199122,pjptu
8100638531,rdlge
2899073804,ilslr
3266701067,qowmo
5830677449,pvvmw
4873341015,blgbr
2440493373,oelfb
8023669954,bzohm
8516646917,jxgzv
2874493672,rudgu
2752889002,ezten
3685974931,kkuuw
8683752107,dplbj
1529610569,nzzav
9734290024,yplff
4730284760,cpldm
1111162521,qdmkf
2422207814,kuhkc
2348541375,unvzt
3019908334,krwkp
4016159661,hklri
3986656016,qdafd
6264756617,lotfq
4454171415,rlbog
6187839534,gjzgn
4203667532,kdtuc
8662752366,brdfa
1444170529,bowly
9511531103,fyivg
8996664190,chzmp
2502681916,kwkpb
6089831228,cwrrz
8549995128,tkehw
4437949647,fbkzw
7706760249,qhnbb
4644643407,qjxtz
4181494708,slxxr
8822223087,tsuyl
3021179314,ylepa
8540230942,kbxyr
6557509310,ygxoa
5431789059,eppqs
9000190366,zofwj
3860506385,mlpov
8592093801,muyjo
3033007606,jzwph
4858215606,lnrwb
8423640694,qznvp
9772811772,icygv
2995784551,nkdbv
4578769829,ygzwy
7925007265,avpap
1882016309,llsyq
9708392836,ehfjn
1369477841,pdmgn
6114177652,mmvuo
4793727840,hgdqd
3813210879,mdjgg
9257072363,jxwlh
7470883728,bvvbx
2941371805,hrbsl
2737770121,ewvrv
4357865629,qjlsp
5121100215,aegtw
4162278298,vfmln
6019990940,giuxr
6603407207,skclw
9487507699,wcltq
8407533831,gtgij
7859810879,vrqys
7552153772,xcjlx
5370345867,fsgtl
4492572930,mgwjd
5991366551,uatkn
9271300258,ljzlb
4564708041,bcfpy
3335417521,qqcic
3591281072,mgfba
5435002138,betso
9238567033,rcaao
7438076312,gcyoc
3684727693,nqcmu
4339704811,mmwoi
7521018029,odlci
9198042339,bwzgh
7976828375,tqjvz
5911759473,jiqem
4572730412,sbbqd
2955917855,djddn
2769705824,obqjj
6956185220,zirau
1005500389,nzjuw
5806073024,muwre
9685946632,sedcg
7643975206,knydk
1351864612,dfeox
3648933933,pusqk
2584040018,geocb
8185684121,ucpzy
1311484244,ytzyg
3009560776,medwe
9437612901,nlrir
2819179311,hilyg
9759246845,rkcow
4500727568,jmsyk
5372969675,mwvlj
8201712493,fxtzp
3603220299,eapwj
7663991038,frujm
5827586024,zvvnf
4606028934,wbipt
2655756110,rpjfq
6199353076,qxtoa
6892329209,znkyi
2269361760,uzdxx
7579500597,tjwkp
3648056540,pyjme
3940565290,yzpdx
9441706089,mzxbb
9557744475,hbtzc
8514459525,gfsfe
9801314838,lecge
3609638015,ozfid
7551022840,evxyc
5720524409,ledbl
5637674786,brsug
8816596999,vsqbf
5639644262,cptcb
6814550630,klqza
2868758408,nsnjb
6073529670,hkmbw
1150735841,rroyw
5764516729,igmon
8146075100,hndon
8570960499,iwfvm
7379130717,sxrem
7345300478,vfpxs
3783185017,cixyu
1129017645,ismgf
9322853352,kjdhh
7979695303,hrsyb
2810326258,vwvod
2141333554,czrbo
9812747781,tnrrh
8137973081,eajmh
5047858992,zxnbq
5043436303,jhspr
3931486506,zxxsy
1494773767,jigjk
9740875480,ecrwe
3280503242,uzppo
5598238477,nnclr
9165954278,jhhdq
3094329242,jrrob
1742910411,rvmmb
7166919555,mkngm
9961001563,xmsyf
1308270624,btljf
6282328813,xwrwj
2535109252,nbbei
3354511410,zelgh
9911489476,nlmvz
3836568129,ngtxh
2509497234,qdfpf
4428015545,uytop
9185260574,apkrs
3605996071,tjxpc
9607714663,nogms
2382522436,xqqgv
3030436925,zzsex
6676087255,qmqqg
6611734195,ajwof
1517083608,wbxme
6804420872,otftd
2516488835,anqke
7072584156,seytv
2782530949,xdmrz
7456809351,hukmq
3137954140,zfytd
1898220656,xfhgm
8136201884,ofjpi
8722159125,vxpxj
2126452122,eqzop
4540625502,qarww
6085514453,ibdyq
4061438835,rfwnt
9351261822,mtiyk
6239355254,zzpnq
2291113047,rxacs
4747660224,qtlsp
4702907138,xvzqc
9890095716,eaonv
8470765262,jquev
2412049932,jijrq
2515044764,wjfdd
7696617673,brhph
4642873562,vuimy
1008490829,zlzjz
6722294993,ufrla
4452937907,jqkbc
7061695739,tbscv
5265660864,vaxgx
8134367157,mfari
4404465071,hmnrh
4977579350,fcmwc
5957010747,hvhto
4652518646,vftue
1360300986,znxhp
7813245726,keqxl
3747019159,hyhtm
2726236906,kstdc
6601020400,ufqib
6121355401,kmtxx
2139798057,ddksm
8819679137,ikamw
4378524994,lzkhv
1835064510,ewsxb
2073337227,bvozy
8263835470,lzhtu
3807226860,xyhcm
2228268582,mgjzx
7343006371,osnxo
7133547816,sobdu
1721748901,ojugv
7626090347,qffpv
3745639072,gkshf
1193880944,ggfoq
4889256130,ruaty
1961132162,hbyfo
5765343318,miqpx
1813008751,ijodc
6087817287,yyvzt
7474380393,epssh
2643813243,yhusn
1293325038,mhlde
5616171213,kdiom
7227890906,xkunr
1988681528,zgdrr
5810963156,jbxue
2793946775,celqj
9743030479,lumfi
2454682022,xmcwl
9886723565,vgfim
3492136095,johjn
2044911659,wrgxc
8554514455,xxlqp
1588036759,zpniy
8388360827,wzjhz
3927965055,nvxgb
8614708804,cuxjx
5801315631,uwlqi
1944111759,yrinw
5490061577,atwya
3020091632,czjct
8771785160,krbpa
1201730871,rtzeq
5483018819,qbvbm
1879892594,tjdkc
5654954632,tktbc
7615175917,gtueb
5045879368,jeugm
9168490366,ydjbp
4216061882,grhxs
3127068572,yyeno
3801329997,awasf
3423325000,iruhi
5529161784,jveey
9948860871,cwgml
3314534302,lkyfh
4811815963,tvugp
3743868487,slkxc
2713193817,vkzgd
9916228882,usnmb
3560645036,ygtvv
7644212595,zwuez
7570814134,rvdud
2253379777,cxmew
8801575636,fqxlh
8650270523,uixvn
1866316558,didvh
9233389936,mhwqk
9771786500,rdfpc
5693432663,xvfue
2174808049,ndzxe
7509445759,xjcgk
7255071987,bgbje
3102394601,gfuzi
1843937165,nejto
4291723224,upezl
5733880973,rifaz
4941352331,jqsds
9897546347,ruayz
3812001036,bqaos
9614686153,nsoet
7756476736,ictvj
2852058129,gsvgm
7948143704,hgfli
3085138203,wesqz
8627952557,mpauh
7688039033,bkbsx
5226219768,fkydb
9031147594,viksg
2319618666,gcmmt
1193043279,xyest
8521219805,pmukh
8920527350,wzcmz
1131682860,eigav
7108430247,guhsq
8980400856,jqrdz
2760365752,bweuz
7390069716,nlnib
6616741600,tycjv
9591252746,ripfl
7174236524,utxev
3402067433,qnyen
5877283519,lxyse
2403561243,ctmvn
6641120655,gtoue
6887303212,uwqvf
9637369237,pnsqx
7938956644,jjrsp
4106077633,ettwq
4309359075,wbwoo
4341614213,dldps
7870743531,mjbwk
7059759210,dqtwy
7493283384,peits
4075361543,bhejv
2857561239,anrpf
6125738902,crbzv
4159762737,fdelf
4028381564,icpsd
5126351633,qjuek
6319094706,noymw
2290037561,tvvxs
8799558106,rvmym
1002649840,jlfus
7985204038,roerx
2718019351,koxyo
1206815103,sjphg
6431822820,gyope
4748235299,hqfsj
2691905537,mqrbn
6734652581,yqyig
1654402179,mvcwu
4833463848,hujfa
4690062825,itvtp
8897793921,kedfp
4320991039,oysia
9591867358,rfqye
1640114252,gcgxs
5396147174,ofmzo
9792936198,uhiql
1001852902,ebpgj
4212914606,wnpdz
3168169875,bdzjz
3537438668,bolxz
1073170083,cwtuf
7484780957,qrelv
7238685692,yywfc
8763981898,zvrbh
5102648142,otyzh
3700815876,skgyk
7906866189,rqdhx
7520304025,vpeuk
1234064038,nqgkf
7685851500,bbezp
5670875840,mavvq
6411420174,jbutp
5945170135,eyguv
7831065470,clxsf
3061046954,ifawc
8682190180,ebdar
6576444378,xhbta
7066217931,oaxyn
2358077924,uedtv
4954068967,deejq
2655644420,eyfzz
1233197336,uvlzz
5341252526,tqflm
9600037502,hpvzq
1282228670,dlnyi
7852152345,tjbgx
6942620436,ascky
6780409980,ryosi
5062233023,dkynp
7012225369,tquil
3256885182,iczdl
3017386174,xvxjs
5350992223,pkpzh
4521053283,itbes
7548630223,lajlh
9592983162,rmixu
4911477200,ibcdq
6020949201,baojb
8244170701,rmzer
7356397384,pvjqr
8034086503,cdcgs
5410451170,wpkvx
5679066981,cpavi
3468554220,meryq
7570904391,dzzgb
5935703361,twzsr
9047146616,sefxk
2440676956,kgamz
7131015784,cntcf
3333047232,uszwz
9507565049,lptog
9225800674,tauhz
2620378236,bvzfz
2866552127,jovas
6034922956,hefgs
3265352093,ynpeu
4565325878,elicc
6007879007,qsdrw
1213750078,wdeus
5021570541,yccbk
9046748903,lcqcf
7038361889,yomym
5994914192,hspch
8296824636,qwodb
1579350951,tzdtd
9968483293,yller
3849299871,ywzmo
3747362077,tifjv
6084009437,kvgym
7075207609,djtnu
9193591565,unzhn
3611638397,fpodj
1432106819,yxxtg
7657860345,tvemk
4456866381,xldlx
2250671100,hergy
2998364603,rozhu
2357770839,pwgxm
8626951825,xyyqg
2965594607,kvlex
8858584429,qlrlr
6325271816,gefuq
8133873441,ufrou
5097328355,oemho
8992320809,lelew
6553584117,xmybh
3715400148,wvdsp
8815226300,udqpp
2499195819,yzvfk
5768495860,gzgmy
1002303830,dmvtb
4676278586,mzqzn
2988901984,gfzaa
5821368154,rfsip
4752238837,rxlqk
6273995700,fyqyk
9688982014,pctye
3004275673,tylnx
6636984544,mniyb
4230970180,qbjni
7813442681,bszqm
7972630944,yqhbe
9360759794,pjsya
8937253839,okvzr
9468948306,lhjpp
1275777886,twdal
7430667617,vpdhl
2763222115,uligk
6938426542,fbqde
6429325239,nzoqh
3903091089,mvuff
9473731914,jlgxg
8938479485,fvler
1508639644,gxnsk
8404654175,ooues
8145480420,xzzyu
6960136368,qqcmb
6884455860,rbgvb
8403084327,mqrwb
5798916839,wqlqp
7298720169,izsyv
9075102309,gpxva
1534124449,gslrr
2142880447,nbvcw
3330360777,hicxy
3931661685,pzzvv
6831509064,fhcva
8456189975,rehah
6717775937,hucgm
5384286743,vilei
3643676393,szvyt
7444884095,xdtmc
6092783533,txaxf
7969653300,rmxqe
2921493534,jtovv
9564365949,wtzjd
9213038965,shskr
7637227063,nujdq
2040324474,egzij
2475126277,sppcc
3459566298,csxyv
6571373231,ddrse
5556655788,bwckp
8231557800,hujgc
9197771545,pzhwd
5640485281,smmgy
8045627302,pycdc
3889374812,drfvq
3547190118,rcihx
4327094529,swruz
8080106058,muyea
3621500770,ylwes
5463888126,nbtom
2446710876,sztzd
3921268054,irvtg
9777211166,pawzk
5956326963,duagj
4342379425,bsqxq
9762499931,wtgkj
2966047120,fhgqr
7985475754,gfmsa
6934362203,jpssx
7370020687,vuhoz
9690315109,bshad
8110950222,euqtl
6701044311,afzxm
6733975210,ksenv
6875766285,hvvmn
1651241701,xfnki
4660440078,deipd
5899033157,vhsis
2190579214,frvqs
2288153995,lxddf
8782321150,xuwvr
3686860659,adoms
4905237054,johge
6176845235,zeeet
6150411582,ovikz
5888322582,gejah
8678919115,hdkxz
1144132710,znekj
2291491371,mikvn
7776601807,pnkqy
7023098548,fyvlx
8673094400,fxjpx
9555483738,gsigq
8382741380,vpxff
5317614828,rbazq
6104958760,zeoxn
2178107701,ziezz
3985102877,hoonn
1773260869,cryxi
3211254560,ynprv
8000864059,jafaf
2795955362,lbtnm
7058638876,fqhiz
4822420169,pljjp
8838342100,zijlo
5200585461,ibyvb
4636436408,itqjb
6947628591,ndyun
2184414576,qzhbd
8860283543,xeimq
1490373266,ubogq
4170257788,fzukj
5746853863,otsif
4750738840,vggav
1914442355,mjuvf
3848138868,wvuks
1342362973,lxtov
2338693813,ipagf
8334223454,lyork
7554638437,zjlfn
1385958543,soced
7191420466,rcgov
9175732899,furyu
2423079381,lcswz
8746172124,jkurt
7434409218,qfvba
1652509737,rbwty
5979305526,qnlpf
5257430981,tgbpr
1572759432,gguwa
7132874378,zxukv
2724887282,rnjio
7300927505,wzqhp
4782407934,ccsdp
2748609688,djjwt
9950249950,hnnfo
3419430407,evhai
9382757645,bsavc
8490667971,ouwqa
2285309377,jqfqv
9176458785,pcwgk
9946752204,pdnzz
6061188923,riool
8038436686,xxsbv
3380199650,ernmx
9247399190,zilep
4455933150,fnfcn
7054336339,uqtih
3347900968,znuqn
7922852744,lfudm
2736091572,wkwxa
9804054111,bzidh
7643934165,ggrrj
5219105890,jzlye
4368247309,svcdi
8093916133,gnium
9038765297,txvad
8019045722,ufutf
4957853414,ltvsy
6826833441,rehhp
3388076949,xcshf
9989901228,baiza
4410911780,yvlue
3398541220,pjiir
7997234200,lvcae
4013170848,qpxxn
7282994023,oxans
6397478539,qnvsd
9809554991,ekfyt
8661294397,hpysy
9069386373,udlyr
7991928409,nhdzo
7500244161,ylnsa
1520093339,jnpor
8309980317,yhlwx
2106889101,vwsuw
6387997083,infgh
3193935164,gkvbc
9588297704,hozwl
7145641738,lkush
8113259591,cghop
5530302926,opkdy
8133717110,ldggl
2689803804,suclp
6874585295,uvmve
3532975404,upkpu
4510971264,tcpmt
3611692364,mgkpw
9917780149,mzdae
3085211899,shvjq
4626693439,qtroy
4451138182,dfmmb
1565858006,yliqz
8208710331,ucpxs
4829372931,vthyc
7655328989,lwtqk
3049547641,cuvyh
7776160631,sggqx
8689149077,ezuco
9119582197,jldyp
9785929156,rdqyt
9913255274,tmlos
9966645633,ixabv
8060474961,emxed
7441632576,bawoq
4709732621,zsjfo
1263560853,ckfnp
8481743895,wltmm
9901581999,vwhtv
8962572142,oxmdm
7898632882,oqpek
2571302909,vymwa
8987320875,tubin
8548270991,bmqkt
9515740034,efvdv
6017761546,wjune
6111487764,ihkzy
2998667771,smgaw
3893107922,swhvt
4616481195,qbnbg
1035654223,ofoht
4318049858,smgyx
4309606121,ffjco
6160383849,xbfmh
5907636789,rfmfl
3844460233,rsmwc
3694045985,rwtga
7744747200,acgso
5536808262,epwxg
8133234989,nubkt
1178752282,hvaee
8584345087,hwakf
5540621275,ifmnz
4261310655,jqjvm
2586367418,fdnft
1822909038,tmzdb
1211300147,zfwem
8173772481,prhmw
5356188107,heeey
5690234792,lghyj
7880545091,qhgib
2349653834,ayiqh
9095619556,houhc
6225377387,fbqso
3262110606,ahfez
6227139684,ufcij
3070707971,sckjl
2527650314,nsnbo
5926290938,mpjli
7686809264,nnqvi
1894163194,casnq
6174194384,iouuh
2966973719,lyjqx
5529362136,woany
4012774428,diynd
2508435838,rnqxs
3975190316,uzhia
6014326043,hjfes
7760782247,umsbw
2645082814,xygye
6951332991,gyxcb
3700373216,locvb
9676022330,ocjzv
1429829971,tglnl
3377853643,vpqfl
5530897495,krazp
4157748818,drvwe
4285597650,gcsso
7931575093,widoo
3376678819,gfwsp
7408566097,bwvpc
6296207356,ormif
2989412382,hycgu
2583764817,blwpi
2788856874,jmsxy
6342300443,trhxp
3468346405,pbktx
1701582535,sgfki
6252227987,glppz
1025848243,tthut
4746538848,esyhv
5912177692,phykh
2151083320,kmmcr
5098576763,qeswa
8848860839,wwhdg
5609351503,dbyor
4575689489,elpes
4055794195,vzqus
7149748591,wbbtq
4369745812,ubnig
3806508103,ktmzk
9774809314,nkzyy
4705143279,uccwr
1947888468,exden
5361441601,slehu
7820603038,mfnei
3433932229,rsoli
1122961181,fiaof
8429031122,vfutd
6386899811,pqgbj
3596317008,hoofg
5642669594,rqmog
3683320332,pmmoi
7971606506,cfttc
2379045527,lloob
9124554179,dfkqj
8786790878,vaffk
7851083255,itdgz
9269553199,dftje
1010357290,dzeqz
8097515591,ttbhb
1970008526,vddag
3298629581,cvysl
4378932947,lcuhy
7361488255,sofxx
4442507316,gmzxj
9467304205,byhko
6816042368,yliwb
9025786927,vnbig
4724493381,zsbjt
5900979925,ijyxm
8417314461,azkpi
8077541000,eedgm
5045273764,iihzh
8369119014,supfw
2630309429,ndxzb
6378253465,xhffj
9174393958,mmuxg
2523666107,ahilp
2957006539,frzol
1707282976,tbncu
5275270632,wlgdp
2899480565,niyuh
6494513263,igmnd
1147945961,isiyo
5497626125,swiqj
7147224710,yknmt
2224365804,xhyyv
4006401153,clqsa
1025802315,ctxid
3431291221,eoqfv
4230832714,jcqxm
7778162878,wgnrc
9210729246,vbqxo
9604223639,ywlab
5521041882,hwgtr
6375058006,bbini
8232413233,thvan
6778846942,prsyb
9036624891,mfsnn
9506723971,dcziw
9497136976,zkeql
4851448374,zbcbe
5451036055,paeno
5735809293,lbnlw
4612136087,unwhc
8236282195,itevb
4508933574,ihghd
4592118783,yseai
3051343787,ladjs
5010362888,oppev
5190618466,yzkco
2899274948,rdinn
4032128333,vmczw
8069851646,wkdse
5075354363,drvds
9893469326,soldn
2420930117,slcek
8044040014,epblu
9054448601,mzhfs
4072366772,izbac
1014230971,ythzs
7273837292,ctnjb
4450366565,roihy
8544841176,dxezr
1617975921,zqrxu
5188523247,xebhu
1309640520,uleqe
8930629799,wdbsk
3990356873,pxalg
8653083620,apuxt
5875843259,amjex
8144711780,hyqgo
3346529162,bycks
6526797103,gbovm
2677453823,rgiaw
5209760770,mxbxn
9331280122,aljiy
7173732679,oewkw
3010780579,yvieb
4961279011,patex
5891771043,qzvxe
5028994654,lxqmz
9091645363,lrixs
9176993946,truey
8868122749,kcrvp
7536464895,aylhe
6583154507,owbny
8296565285,sxbhk
6992866269,oqfhi
3945778687,akyph
2886615677,zpcea
5152216998,dlpgs
4129634973,aitml
7338955407,icima
3643836170,lhrbp
2097870206,pjfqz
9226943696,gzlox
4765766484,lfwmv
8973149516,oityv
6388361369,knkyk
8091552077,dufko
2712899357,ptkqn
7443047686,xxvxg
6245998742,caktf
2971442750,wgbdb
4871410425,gfsze
9279169550,zgifm
9092128890,hrksc
2673937188,ngcyu
3844528294,vznie
5228866782,chavf
5871551686,fcdie
4599732662,gmcdt
1222983379,zjepb
8674378749,piptr
5226541238,dilpn
2591964438,imjto
1294228555,xthpl
9843455084,sgsut
6570747165,pehjj
9095350470,irchr
5451582634,amcis
9171575212,vcznb
8546027514,bzcnd
5968125208,igabe
9417802738,dvrau
1183339220,frolt
4268996434,tfxie
1750573372,eoqga
3280286781,ojuta
8983628639,maczj
2356138020,zhpex
1863563238,bqwrq
7511618881,alpoh
2622052551,ptwez
6378923438,ilypv
6491473967,rgjvi
8749236074,lckba
8261127312,rqanu
7503712873,vicnt
5440232403,xtvni
4163596824,jgnds
1298130845,dqkwy
7564061836,ixllt
9829098251,kixso
4915397828,ayzbo
1467342081,rhhso
7638941805,jcupt
8255375625,noczk
2075214892,qzuxy
8697174901,mimug
2276564688,xbgqi
2486132049,rlmjj
4734349266,bzvzs
9639328490,eihlb
6232533167,pcrsp
5086954750,ruace
3684506220,tiwtt
8606781879,dkmzz
7696053932,ypxzj
2728911029,nppqt
7806697502,jisbf
2172027270,nxcmm
1867399184,linen
2310311259,kigkw
5217288922,kublj
8216793401,pqygi
1682455971,bbqav
7071444734,jpwhk
3708608439,uowaf
2482042591,kojdh
6892759522,iwcmi
5201297942,qqnam
7419610087,ywsce
1093174909,ohxuh
8591018067,ftnms
4385946367,bzonx
2828521231,wzcdm
6245823358,lourp
4188221618,vntdu
7224393595,jhebq
6447416721,xrcnm
3985114543,ebpxx
5419154776,wrang
5636052112,evszt
4328237945,fbczm
6280639747,qzsbe
2433233380,jlgyv
1940498907,gbdwy
8017983064,hycik
3447053147,ksgpx
7795866265,kpcvl
7379430442,humpa
8818329057,ixbzk
8405384878,lzxyo
3031718623,kowrr
2618575091,cxnot
1867227358,nybok
3508135524,cpzlj
9891124399,vevoc
1875224284,fxrhh
1014000285,mocdc
2420099195,emael
9003862052,ogjwj
8043590927,qtogd
2252518428,kvpku
3639294256,yqbvy
3009055313,olkcq
4951831785,uhuvj
5600511913,qskfx
2365194372,farwh
9568920558,fsonm
2315229576,mjuuv
3487412151,rckru
6606103035,pdmrx
6434252669,moibm
1017387731,zzajp
7130802658,gvqgi
8715232838,mjusa
2497872657,swjml
8966967817,dfhmn
2460021949,jpfcu
3301670191,qohhs
8367317825,ptotk
5003854210,rfhir
7327443005,bzpgk
1024553617,kuojm
5445331268,pdhmn
1947432083,rqhxq
9328030654,kiixw
1658901252,ecukx
2321810318,xhpov
6609618387,rvuln
7967346338,dsyew
1156468857,oecjt
5354281629,tcgfk
4005454789,qjlfy
4253018821,sznri
9756944699,awrkg
7606673072,ngmqp
7250117214,ruqqz
6769245241,izyzu
8457778486,tlspd
2702063427,wzjxo
2831180966,xrcie
6453132676,tlcob
4341594820,kghcv
2553528686,zjaxg
3975493151,gqoce
7343981427,gjesq
9732573950,dgyaw
7446403065,npktu
6999345044,vwadz
5234291718,wmedj
8807318367,gjeqw
1068857949,irpxi
6488513777,aiqfk
2901388553,rdseh
3306155517,xqmou
9411414153,rlkcs
9274317196,wvbbv
4391630664,hdtys
6350500293,amizq
4306774107,skakm
9237200968,wtiry
3920500465,geksi
5938688527,sbzzz
6916249213,chjgm
7707162561,nofde
1524899521,dwjub
5817427045,oktlc
5487828587,rrxfg
1014623799,ilxot
9670928315,shkdv
5038973094,qhcns
1857606523,bjswy
2654215704,dhxbb
8571284701,vbdma
6513523807,wbbox
7293615498,fizlx
3483679527,dnsiv
7156609725,yucqf
1838000662,opdca
9373039964,xhejb
3843795102,kckav
7887013775,rysfd
1057113941,fjyzn
6110713191,tjioh
7517122475,kqdmh
4093796329,joxez
8681071197,uhmxj
1732685991,cifiy
6413728980,eqlko
6115006170,hjslo
8544891756,ttynj
6668773082,oemnt
7897161278,rcpof
2455636245,suwqq
5955473819,ctrpu
6935087548,waqcl
4643637183,hcsec
2147710443,xcobu
9862246280,tijsb
6656617409,beydm
9014190405,mdzmk
1626488461,grxmj
6796215547,vekpv
9497327764,vbxmm
4848014803,vigvp
4623186113,usgqs
7403053672,djepg
1439505236,nagxk
3669920560,yfefz
6591407240,xxhbo
9317094105,bmltv
9899727932,zpybo
1696013796,ajhwj
7557341021,vbbwr
6806621114,ocgac
3785617677,ildtd
9175683424,lkucr
6185766623,aymjz
4371805241,pchoi
7246378406,axklt
9158453918,vhsfw
2499991823,pghwn
9455829393,xtdvm
1222742798,zmkyy
5996446615,qlrdx
9482434093,phtpc
1387205681,oqscs
4162407854,vmain
2149009178,xuatt
8213429810,lcxbf
6271169033,kfcof
3316732371,okesx
8304575554,ytidf
2511255496,iegez
1130286101,lurfo
7671380272,qhtht
8800863824,jjuvu
9390980588,wqpgm
9003942492,oqozq
8507562294,oehrm
5138751973,tgrki
9139044273,jgxgk
3919916401,thaid
1299116307,nfzmu
5114793221,zgdyd
8341037257,dldqr
2372150012,ccuuv
7390261308,hhove
8867747290,hgciu
5628906265,lqyoe
7777228642,cftnb
8733651768,agusl
7820347261,mzjtw
6679036956,fofme
8397937540,uafxw
9622655391,neayb
5050028081,qhklz
5150124688,dhogu
9897859483,sqiqg
1730857021,lazze
9463101818,pxjam
7677270442,lvbzj
9507195307,nwaou
2920616820,oyxgt
7753109091,rpysm
5419120754,fqnir
1954407800,cnueo
7171507899,gvnwj
8637290460,lrhpl
7689461336,mhatd
7051829017,xpvwf
5909324261,uddgy
7068207969,joaaw
2846677923,zkokb
3148765822,puysv
7658601310,vmxjs
1266525787,lvrxj
7536664368,hzqst
4662266583,aevrd
2491136698,jzuar
8284770929,zkuba
1873382176,zyoib
9877810728,eudra
3770364114,szgfg
6032050638,ppqrk
3293700202,xwvqv
2387441018,borij
6352296418,cfrpz
1047744950,zzxvw
9545120542,onygv
3816892536,xstmi
1302193373,zyvwx
4844659141,hoxzd
5426721091,mfmby
7227053272,zptsq
2297180526,etapk
3343741982,kuqqp
2796614850,ulvdd
5231329138,bzkgf
6609248164,rfjjg
7596332071,wxmby
4961351789,umdxn
9668621675,feyva
3813934017,hrqts
9656888541,wtfsd
6896257757,xxzjv
7730088450,rkaug
8142362614,dihjl
5789535648,ehfjh
6608040711,alxek
7226636574,qdjci
8135675461,egsdm
5623101551,tzupv
7663257886,boeyu
5188504522,puuyb
1851330444,lvldn
8191440504,yzcol
3024326502,mwdjd
1751216489,hfwvt
5618527065,bctmu
8666543329,ioaij
5365636864,jbwro
8795083168,jonkx
8813424089,dgbpm
7543648200,yxvcu
2573947432,qjqtq
2294184026,hnian
1106603104,gbagb
3217597825,pqlfv
1887365405,ecqqm
7058202603,bfgaz
6286551392,cwola
4241656317,fbrqt
2863178225,psnqq
6842997819,pqwta
9666012522,dbefr
4959517101,xawpt
2794476432,urexr
9660913864,reknm
8695506388,frvge
9069186691,njfja
8609043127,iihit
8182528637,kfuug
6603935524,rsebl
8477238667,cfpof
5612596734,gjjwq
3084420548,vrydc
1192606730,vkvuk
4276841105,vrtcw
3315801365,fyujn
3140138530,rdbff
7462015595,tmlxx
2361897060,ydoss
7378146006,jsxvy
5290698008,bxggm
3654969691,ikhco
4525160475,qjkon
3625431325,kpena
6170997929,feaiv
9401820601,lqesk
7076328036,orrys
5672239894,jziru
7263518718,rdftv
3359164420,vgbgs
3658813352,npygs
5241609401,dlrfv
4920600712,trytw
9401104999,ktiwz
3946266058,lnbro
2925866707,jqlpb
3678362080,guxgz
3157290978,lxcot
4520525365,icrnw
8546390940,fxvph
6465576503,xqbaf
2694042019,faevg
4547137521,gyuno
8863517312,dbuhy
6104140266,mbsin
9402715600,xoflh
9229054716,sdabh
6521341936,mptwb
8967258212,vrrhz
4693741521,xghwz
6501689566,hcsii
2794111116,gwtqo
5936980869,jyfrn
9509651067,fnoaw
2495585100,ccgoz
4824556286,smyhg
4574668192,mvspc
7281076691,ytofr
7163603375,jnejc
1701746966,fuvog
5022255338,osqri
3413198330,jpese
4511095440,eciae
1292055100,ahuef
2180745707,dxodt
5817090800,vrayb
5403653416,lksmp
7187228836,hvrmi
4003228275,dggqe
8016006136,vfljg
6002324123,vynfl
4351913791,jmfzo
8473939487,gjrnn
3896615068,eqsas
1941879944,uovmy
3855905288,lqivs
4475888454,uxato
7016357902,poerx
5419635826,vomol
7722950476,zrzfn
2469028274,zpypp
3888680409,xnube
9774326085,qfklg
2704923280,zplpz
7098149967,lkijy
1793362040,okoud
2680654411,cyvkc
1759157905,wadub
5364032401,zmdat
1652515984,jwedy
3276534381,osypc
6840618668,kuccy
3911535075,nlyyy
8490057649,iwcgu
6850955809,zilsn
6050256502,kvsqp
4860894199,phwqi
6693659660,esndc
6587736443,juknt
2204363983,dvbhz
1933008775,snplj
3810683211,smfsu
9801499669,raotx
4770381931,chfce
1566296549,suxav
9307825089,opmgy
5578835050,wpduy
8535663343,deerv
9667857066,pcuuv
7141342017,gwvok
3253045891,fihxq
9310703600,jnyxo
1113536857,hcwxr
3915865557,ncosq
2074403617,qysrd
6330394495,keutl
4844731455,easce
2804046246,adkkc
6725024209,awjct
5772724667,cbckc
9360616951,ncqwt
7930927320,xdmrz
3179165470,bsyho
4609785010,yakmf
4671155983,gwbiy
7250329498,izrxr
2824084056,kogcx
8802525808,lypxu
3984969037,eplpl
5583864409,iqxqf
9200901702,heqgx
6840685818,voybp
1869737040,wkonp
4958033572,jante
7254581748,vngtq
8676381665,trkva
4866314827,cfoib
4196486629,njgzm
3438170977,mjopx
9397590102,advvi
2849763887,gjkmk
8654825316,pyhsl
3725333371,jacew
5165036313,mkeau
4987492879,rjyjk
6244769028,lvrpf
9429414543,tsqdi
2649031680,jpaco
1522661815,cgsmv
1149463492,jzfyt
4309852222,yfoyz
5039348868,nbdmr
4897879745,lrfrd
3104365316,llflw
8185261940,lxlxt
6516199305,tegaf
2363340284,fcanu
8028811836,pahqk
3065813702,tjwfi
9282596044,gptek
5830049862,daplk
5508148131,xknhi
6610675613,rbcjh
6809746600,neprp
6274091477,jdgmn
5431459794,braeu
3219527308,hwqqd
9994993920,dgpvv
7368956654,vhomy
3545876176,nwzuc
5857129450,sixbc
8633138217,rqrfp
9223675617,uuyvc
2183338686,uxzrv
2668009694,bfrwq
4932541252,mpbbq
7873392582,nkvif
8261970682,wlbpr
7290431559,wdoaf
7242803018,poihv
2026637566,duwtz
5416073854,tnctz
2185054807,xkvez
4983228131,rtkek
4604626913,wpqpz
8805891332,yabds
2514418143,eqcwg
8781325283,iupmj
6542098409,ckwtc
5346996880,fcxsw
5850887528,theli
1873519584,pskbc
2909965939,anxzs
1252730337,qlyri
1443861556,feyms
5138290883,ucqml
9243115153,cwfax
3281558919,lxwia
1792537206,dtixj
4408750954,xnuge
9439088411,uhgmp
9831396922,vxlgp
6993279721,umqsk
3874694727,oxalp
4117608847,zxxbb
2487209705,ibeim
1502817302,vyody
8700216198,avwfc
3855707812,zknud
1886708329,wunak
6915039253,zclje
3232014941,ittjw
1000864156,yngcx
3936831870,mdclu
2882897987,qlugd
6737847604,pocph
6853918909,kndsx
6250813157,ieytt
2102181318,bxsxp
4371330145,vhsah
3181312872,nsiaj
1645163864,bebgl
2334394053,jtopb
5857504398,lbrny
5714496622,mwaso
9403265691,iawsf
3977715238,lidyy
1465023932,iiepw
6320006949,eqohh
1544102083,minhv
2893659953,yveuz
5310685074,sqefw
7661597544,uqfhz
3892390882,ktewr
3539844429,bpykf
1312654404,ylmzo
9560553857,rppjw
4560079824,zskdt
4051151926,cffue
4054398603,txutv
3519283537,grzrw
3054461088,ifjob
9381657380,nphol
8073313559,adxuy
1007159750,uzmzq
3059004827,ispsq
6650261207,qfimk
9629326691,vowxa
4497330324,xjouf
3648169652,tkokv
1865763941,dyrlz
7864727794,ccram
1706994717,cbnpt
6190198221,pzstw
5600321763,rmfzl
9814388348,sgneg
4243458131,wbtyn
7913828853,wnhwy
1119789026,yidlp
2371732550,fvfss
1047325338,ycztn
9418081602,qorja
2014252415,bcttp
7531103351,xhqrx
8672217299,pttgz
4491720374,mfwug
2596723168,hmuwc
4740835121,emvqi
8845948828,qjsjf
4721063430,ffsog
7143049989,ppxez
6311974297,mlikj
5561549805,ucnrp
3097299098,dxcwq
8110937914,tdbcr
1169148345,bzgzy
6308428869,twuvb
7320168077,jbork
1519880297,bnlre
3628148491,cxhji
5140395745,zzkae
8390862425,qvrfx
6972644070,gppmj
5798057132,zztck
3066354930,lfzvv
1648381979,axxui
3168590705,htbio
1543362108,iwitl
6387627402,xvote
6224873890,qhbav
6113742805,qehvq
7134353081,lseqx
9392795339,gyxam
8941374522,jvgdu
7103584997,cfilu
5018114123,ntwbk
4833300870,npnil
9077003085,wjbwd
3963328770,oijgi
4161480000,hvvpi
7079463026,aptbx
6919126809,tnmxs
9171682844,uptsh
9001588060,hfhob
6341373437,mczly
9694555130,ximsm
5369918240,ijgcs
1993282209,znzij
3431162961,hkafu
3162694656,ngmzj
5569595957,dyzqb
1399195374,qazed
9697514441,klyvy
5951225644,ecjbi
2230494778,oynzc
8811855680,bpnaj
8823146032,movkh
6877046885,jjadt
3241878070,hxftg
3176352868,cxghx
5103904760,qddoi
2267987647,dwkdd
8853033409,islat
1059500169,fsgps
2601088183,szwtr
4110386005,gwuly
3550291890,syqqg
5698503039,calyo
5369326373,sybkg
5153979634,axnen
7591694038,cnoca
6942087622,rzoyn
1621194343,edsuh
2926990975,okdzz
8409093399,dvdvv
1144838776,myofy
7256141344,alktv
5175258177,njdjr
2307106786,aqapx
5630088427,seftl
5971508823,ublbq
4303246008,pqldk
7265342642,ssyaw
9295420505,nemtc
7639138108,ltadk
5484295556,kbunu
8837319695,cgnkj
1826129629,pziav
2827472139,djevw
2654351586,sncfh
5945690878,qvwdr
2059472627,bkcbs
4655135228,cczdc
9290575194,rlael
9422532655,bbkru
7233437568,syvdg
6601068358,vsbdy
3095461151,dgakr
3484449637,rjmld
5726323332,jhowr
4614513374,qsdwz
5311458183,lzhns
3668637567,xcoaj
3873946421,clffv
2441605490,ecnjl
2153321845,phlnk
6266707679,essdg
6133627160,xzuck
1356998492,izuds
4028017400,rhxuv
6417619108,onfeg
7244257352,cdyrr
4122242950,wdkox
6188388608,odfny
1151670833,frvib
4289054258,ywcdz
1866426306,vtghv
2179316338,ogony
3904199061,zlqmr
5237860415,azkkg
4799857250,abqzk
9901434271,lyuci
6164147915,qaxup
7230775921,onzwx
8969598676,cyres
9576355146,bvolp
2237934911,szdib
8438868242,gjool
3554338105,wlklv
4558599275,xfnub
4352690957,jddfq
7882798830,qafcc
4889397973,hykvv
7427576227,fvjxv
1984081127,kgqjs
6237143741,dslix
1864340789,vseuq
2404001147,mcejx
5998634394,yixys
3249971491,raqor
8279126877,xglsd
5657969395,uconf
1748603075,jkkux
2063261805,csyuj
8195389535,tfvuc
1101218744,djnju
8305185110,fktdn
9257934848,ykovr
8372223195,vunqg
3186895572,dancl
2432952993,uyzpl
8122300175,twbat
6359116735,psurx
3021377859,zitej
1190505909,emwwc
6982528513,wunyq
2695203688,gppou
5659910583,esdbl
5397877019,nezzt
7705527601,jibdl
4359700329,ebmny
5470954950,pgeve
2931160490,sysaa
6136544170,dgzjw
1885704610,klxya
7979976183,uoaaf
5089916575,dqhqu
6155376620,rfyja
4278781944,rvmeq
8854919182,hfkke
9821221065,wvdoi
8129279327,yyesq
8415418182,tmjil
5107849951,dbwwu
7400720644,nbfje
8494279497,yudys
8486711657,sdexm
8323226604,fauhp
8289078736,odhto
1744637500,firop
1820369299,spafd
8284588908,hywwj
1140165110,snjgc
7252557092,fimyk
6434921238,jjkui
9757716215,hwetz
3931682628,ebdzl
9628592540,nnjct
2076451845,deiqf
2380548864,ksvfx
8084933242,eeaka
1236808247,zfsbk
6949375506,fitbs
3062567903,rrieo
1284970699,aldpg
5411815042,xyckq
1262993657,rnjeo
1370881987,rlggp
5849782671,ymyek
5218152382,wazqr
9842352424,jsiun
2174094755,ymuir
3219076127,gkayk
1051252825,schcj
9333747186,gwohi
4887134674,qzkyg
8703416630,cdznn
4530687627,bejro
4585840956,ocgwx
3630120414,jziev
2303877064,vdmfm
3867269834,hctjy
7447249069,aihio
1109303126,fogpd
6494138684,vjoaw
8374785043,jwxhq
2300478160,dbwva
6636416643,pxvwh
1556971908,tonvw
9252131743,qhigc
3393378285,calsp
9352788949,hfbwl
2148924129,cbwlv
2309393279,qgqqp
6304357529,bocdy
1754276149,ixlfz
8059121028,wnzng
4406566713,mzecn
4087045588,kcktr
4946654869,oxlnz
7648133583,kxzgc
5582722761,lrszg
5016544253,eqdie
1359611709,qzsxh
3444980883,cawih
1901385333,lprav
1457945673,cjwbj
5529532120,ztpyk
9436496182,rbuoa
1372494324,rxtry
8269963672,zfpxy
6168782118,lyuqw
7154536267,iszlj
3817069903,cbqbm
8634802880,lxqka
9424661234,fyuph
4039261195,phwrw
1506784827,qmktl
2159937388,jzzdz
1800948632,epptx
7879927534,qmudd
1525701690,urasc
9136911108,qywyt
2262022413,svzpa
3523511062,dsnur
6079158860,albpn
5312793354,ekhrf
1029880002,fzxsh
8409977178,pdtsa
2084752438,ghjzl
8709935870,uyfpq
7372002054,kwrfu
7295462037,uydsj
8947189909,ioaky
1600313174,vptku
2875406981,mwqsn
4070569163,iqner
6346076386,dkwux
4755300042,cprmm
6916237914,oqznd
8189359808,wovui
9553152395,xvhdu
4246186790,nlzib
9840066325,whjbh
6647374101,ofzxy
2827129398,nfjdu
8901539011,kvnsk
5703425120,saeml
6249686127,lrupm
8774099779,kiqvp
7967769626,omycs
6747879634,glwok
4457977062,ubmeb
3297304632,almsk
8563424935,ezloh
4838304025,mntma
8345705954,osldp
6810722068,tahog
7159467893,xlkee
7570866818,abuzn
3668523403,uygby
3244282721,lzzqo
2020052677,xvbxp
3559712533,puhdp
3050461982,ykmvh
8710906101,ywxri
2087537172,zzdwb
7841787072,zplpw
7434204876,zwzdl
7953006464,dhiaf
4937382418,gkwuz
7799133714,zqikb
8857618829,toysl
7454362922,zvngl
2962936560,snbuz
6754275613,qzxmu
1391511945,hshor
3427942797,hhrnf
5276057718,zocum
1253512217,qqioi
5318827141,ddrhq
6813174029,vetrf
7196056841,tmxxe
6608268522,bzwrl
4083713376,zjiwn
2645212865,ayzmg
4253412299,oarjo
7760064566,rgbkb
1269497845,vjkdm
8276236051,tlkgh
2613195814,sszvb
9120310266,lwbsx
8910106280,hfzys
3566413553,rictm
1022223043,swxwf
5147890381,mmspm
1915543033,ozwkk
6880194197,jeqne
9275638824,jhpzd
5139416676,natqs
1916389793,chblq
9405383156,hsqdw
9308546066,xayym
1736659620,pmiit
9378681373,yihvg
3625252997,fpstv
6647067603,wrjcp
1876062854,abmmp
1207200589,ubhat
2822681950,vgelw
9626814488,atyka
4936317641,ollct
9547087610,kdbri
9436995066,alnvr
2887633406,gqito
5080990461,iprgb
7626238063,usbuv
8786910815,euaol
9334082654,mxwdj
8051557663,yexrp
2751600368,bpikl
4754614520,ijiuj
8095800163,bgpiy
5425261291,ztbpl
3258783403,hyxky
2195901389,qrdoa
3442977080,tsxcd
2136063704,mwkow
3480836225,abcmz
2895234069,jdehv
1772063659,jhjaa
8766168265,iaegl
6132807185,pxtrw
4434371499,jyzce
1062608347,huits
2635944293,jjkut
8844477605,vnfkh
9931676248,bxqkp
7744616876,itglf
9409423346,fcaoy
7521196074,vmsqy
9028588617,aukpy
2841030208,sbevg
1697091852,epkde
8362144319,xuytj
3816716420,adwxf
1510727823,vbsju
8575223402,cllib
1275932868,xpvhe
6715417417,txjjy
2342180375,kxqzm
2370202698,qkeww
5126354097,bmxlv
4411619213,jjryz
9276831104,lhyiu
5491587631,oacxb
6338479809,mgycl
3078889186,kdemj
9333374254,deqee
3835270748,jhsoj
7442810828,ydfjc
4965396170,bsama
5161800043,shhju
2242295624,qmhjo
9256854435,xdhjj
3512975144,gjbfe
2711056630,togey
2641912487,mfxvq
4943636285,wlufd
6987789693,drbti
9361431378,nbsqn
6405624184,jobun
9731874131,izuqt
8512865486,pbdqz
1275986614,lmhri
9529256544,nokic
1924715958,bekac
8658583210,eofxw
9808773540,hfjbk
8220638495,duccc
7693796559,xkxnw
3671316361,ywnar
7218718477,qdppe
1661050986,fdtht
5205837669,ypawh
3085762286,ddant
2117921489,bfaiw
2202386507,xovgj
3697841840,ckvwu
9573184528,faieo
4284738736,ecqvw
2389776579,lnuwq
8737996715,sxyqx
9439984915,gkyza
9706268725,wjbgk
2637605145,huisn
9779710582,gtznj
8828701594,somel
1539961336,zstel
8894609226,slibu
1007548377,zlkjh
6128109235,nhdjk
1669425728,joraq
9640323500,airnf
1837728992,hmarb
6908011522,welcc
8746807096,ybyyh
5903615896,uqory
4213149947,aqnnw
8472354196,qgoob
1234144563,qbgbq
4214959538,zdjbl
2144612605,dommi
6376133884,ezoyd
5696782025,weyfs
9325538733,atvcv
8213835440,nehln
3400822796,onbhh
8403971600,ojbhq
8269154159,ceqnq
8296397189,tpzdp
6066928384,wieoj
5049441922,ehocu
3381367158,kbazf
1791473044,hibcs
2201413094,etegs
2302011329,jnadb
4658499145,jhmqs
4904688285,jfthw
7771565329,tusck
2411000807,dbfzi
5021269350,erypx
8986866329,xhbzt
3078013088,cokdh
3708189452,snnpt
3114647308,kicvz
6372934066,hqwti
5655202537,ukips
7994887022,aufiw
9324208121,eihxf
3618430138,yszkf
5869074271,ouryx
7478516416,cinoi
3467160113,devca
7532622001,pvztv
4644357656,ougoo
1527741595,foscu
4528670141,kebev
9060863538,wmdbk
8533521154,zcvvm
7646893283,ksxow
4152855891,ukxuf
2841189059,ttkbn
5318191640,glbel
2746758252,jexwu
3302090482,ntjgh
5981049571,mdshv
3240987447,nlwcp
7053214900,omoxr
2011825037,gjczl
1070104053,fnrms
9704154986,jzyhn
8304565420,hxihj
2175132011,knojw
6054268071,ycuse
4700166306,bxwlr
8417349765,yhrjj
3072884807,xsjao
6566163704,niphx
9689060543,khbpd
9914743648,iflcg
1719327542,zhyob
1308910802,cjuoo
8852452193,ccfkr
9123010896,mkzsl
5966950077,nmfkf
9380517316,pchlu
4621834455,cscif
8808663767,bmhgl
2138250147,fuabk
2625934967,sscya
8106942640,sxqll
1206417582,jsqsp
4838910256,clsjd
4064793570,zxsph
9559705275,yjdxi
7019774168,xocxl
9813439744,tujkd
7429484650,urpvp
4418208008,dfmgb
3226332318,higrc
6796094630,tmrtr
9836323374,zqtxw
9961730386,yguiw
3769495819,zmujo
6932837856,eawnv
8532113479,buywj
3372491718,qnstu
8141005817,ffhdq
6382237966,gwgfy
2056132232,etcfu
4846203825,pzuqm
4070753393,garty
5686638997,lekjf
4029613145,pidgi
6937616306,yanqr
3177595906,skzpm
8004743109,wxacs
3411262041,rqzjp
4740228743,ffdcn
9834265316,xidco
7390555761,jmohd
5186557603,grkkj
5237683869,azxru
4731419174,skqit
5329784728,txhxz
8019240801,ihteq
4137653203,dxpxe
9071067584,ffolr
3687853691,pgaih
9314433662,srvyy
9591657990,ghnzn
5148715835,kndcy
5454516179,bijgl
2235128582,dlthv
7908138281,fchka
2187614684,slqos
4988848125,ritzk
7648594685,mchbb
8180403751,joxyp
2846793581,rpcsw
9086959914,qqtkg
7352193588,roaup
7786643234,hoinc
5999393203,cyfsw
2467529076,wcblh
3100787658,hnupa
7862709146,tknec
8368572531,dvfir
5338632837,tfwpv
5719784021,jxupb
2960909401,fakui
3627954393,oojfu
6759561459,lxdxk
8430896180,irarf
8682123444,etwbf
5547845405,cqlwj
8838696507,bvpab
8433227974,gadol
5219594284,hgtge
2943391695,mqqzh
2553592964,spqgd
4393340503,rjdaf
8112087859,mlevw
8769823436,xdamv
4787677866,cquts
3106137939,iobjm
9622929081,vdnxl
8658505878,vifbb
6218551379,kuzhs
2589052412,fgswm
1566717166,cwocc
5253906655,hvpde
4990839229,hrqhp
7527409149,twnux
4264666366,xzaon
6427918157,gveeu
5258002392,ejxvj
4375372557,eecxd
7211766054,wbayw
6644066276,kpict
1478055946,zgupe
1025656266,tbyhu
4957573357,xsnxi
7399433587,nvnio
6962327998,baoer
3671184583,slaze
6333307241,plpdv
3629873926,tbtkf
6751803695,zduhd
3024661230,sraru
3402874409,jfslr
8762344092,jwjdo
9153572809,xcjtu
8422954562,icjoq
1668481483,prsux
5553936554,liywf
9039833117,katqh
6752765097,xhppb
3113365904,ltjpu
1937348365,uccey
8982370324,jyiiw
8945385978,kiect
1066105275,znwcz
4103974311,wdjyw
6900636703,rrsii
5224123260,vcypf
5761169590,oxrrw
5023356828,ugusx
1036611113,jadjc
8731242935,pbxds
5617844621,wdqrl
8241369074,cmpfj
9857127733,jqppv
8748364742,awncp
9362899236,athyx
9553371507,bwwwy
1420217653,fpcss
6575309081,oohtc
9636753810,jgugx
8382164845,egwzn
3275994099,gkloy
6457650266,qcpbo
7192877211,oihfr
2901157964,kmlec
8211901235,cdien
8346532424,urbxh
9046150953,kodnm
4234900624,rhdls
8207722027,wcgyl
4738083512,lkuea
8709050828,qlbgr
5728484526,kbrcn
9812596600,bkncn
1331966327,krvxe
6329021123,acgkt
9351752104,ifzsg
1271843070,hzlvb
7914435750,mrhyf
4166057670,ktfis
6040683477,ygubt
8921850749,clxkw
2658666190,stlkw
3032168138,pnmbx
3350641266,hocgt
2833837703,srhir
2562129302,apzkf
7288537708,gmycl
9961924097,njthm
4040510575,ykwdp
8349934371,mbkbh
5184806119,bthvt
5078109487,qiaxd
6152930334,ftyvw
1921890708,imyxn
8925614978,zihos
9414775381,dakzy
4567007265,frwgt
9550368963,ukrpz
5962981267,ysjgh
8581792259,gsxtw
1760545107,masqr
5263412390,zsgbu
9154168101,oagqm
8666192705,fknjg
9567915128,ieduu
2167804978,yoqzy
4835507493,hcfry
8451994341,jblag
1327948866,eyjpj
4900295779,gbjvp
7196975856,dzqbc
7648993528,xwocj
4986839876,eqwxz
5744603941,awjsk
7532445096,dhamo
6218312644,ehhhi
2423969922,zzqob
1180999491,cbusj
2620919829,ytxtc
1097751427,sllhp
1740537346,undwv
9256079584,gburr
9891149036,arkem
6038031295,sbyub
7916431276,tlzpm
1417157514,ufrxp
8459429248,ehmiq
6070199017,hqggd
7230585179,xnwcy
1756866617,xvrhk
9534087648,gabiy
8780408798,lgdqb
6668090311,ffjar
8193414453,eivln
1116662785,laihu
9312976815,emlqp
2209451652,lmuux
4286826935,nglvs
3581313312,mlxvp
3875442474,tszph
1781273719,pklty
1062057720,foycb
1437906602,rsgwp
5482564024,stedr
7640799956,kejgk
6308164243,ctswd
1301615886,hyiuo
7218595378,dtgly
6209371796,jtpxt
2006875881,yelre
4865381535,yzmou
7983599002,ylykg
9145314643,zhbkk
1022903086,cqanp
4882240475,mpbgh
6600637909,kynju
9924802168,cbaom
6783637112,krlhy
8241654953,mtsvx
2433008425,nmpzj
1781111651,xcjvf
5103275449,kvojm
2090730183,caigo
3865262518,cmekr
9757395767,sitom
6804552198,pqvqw
7803430100,npkmw
6318309804,qiiqt
5299658999,wiiev
7123405271,fnesc
2028361066,remsa
9030959719,pmekm
3234598855,tdtgk
4533763086,qkixq
4272167503,oxqse
2303383269,ywair
4044179217,drcly
5090208797,tgnle
8779698983,jbohc
3421367998,sxbbv
7989918343,wmbyq
7542410588,fgwid
1282356055,ohlem
3588875297,kwhmz
9375179335,uyzwi
2180708103,qtmly
9718672049,ikxaq
1215371360,zbqpm
6200140615,wgyxn
5554173850,szizh
5620019779,ivzqu
9738640991,cahpx
3097598868,zkqfr
1939196101,drhgd
1259920424,rducq
4418999348,wnqke
6507041251,zartn
1554597621,pwafk
8266874097,neqcc
7564871643,gcvmt
9708989142,zmzac
8339332233,aiggt
8705324122,qxrif
2687047008,gqspl
2476036574,fidlo
1497706773,efxbo
5093886334,alapt
4326204962,jmaab
4499059855,upbeo
4231715231,syfoh
1447180645,iemaj
4095179056,ktofo
6025613176,tlrrg
4935151864,omaed
8542801637,qlxtk
7447595735,cbucu
8909273508,aifzt
5128392162,hrujq
8903855792,zsaez
3203183389,itpgu
1640078514,xhjts
5426697593,grgsh
7544763065,aignw
1536601152,fqqol
8073159281,ibdud
2257440713,fwmts
7783940595,nfzvg
1031393963,rmbvo
8757857376,vgnal
7754655907,quihg
9733673028,flqxx
2368377401,sbxho
6266356091,ruifw
6568508988,phxgv
7702316495,rkokh
5275524675,dfhqu
2449314775,gsefu
6836470566,upflv
8683686634,eparq
5413932104,ulwxm
2942236154,ndwxu
5642702057,lrewm
8071904039,taqrq
8283718274,cztut
8924789420,cnqbj
2162596329,ugnfc
9416374143,aykzt
3021811731,jsyah
6398989410,ovanq
2221599450,gwphf
7275514662,nrmdc
2773642932,yhsmk
5538034436,hncsg
4961572979,yhwar
7927860519,kpvvh
9723365497,iyqdr
9156474574,nknrc
6513444119,zxnkl
5342308985,texlw
7975033419,binba
6534252453,fzdqx
1911333615,dxjyl
1309869753,lnunm
5118196147,csoll
6820388149,fkckb
3313781403,fukke
4021792135,shysb
7721594204,mxpuo
6481353115,rrtny
1443358498,joqwu
9535423681,oarcj
2084616462,nugkv
5036470174,eaqrc
3272048049,ixvcg
3705495714,igilq
5051365769,shndx
9869824264,lrbfi
9721980095,bendj
6640874012,lzfuv
9849008623,wvbox
9411565435,hnxlw
4051231867,gxpdm
2715368989,mmtco
8540391033,ilmoa
8058134591,zfmeb
8641602912,kxbcm
6057921770,mvnif
8629871626,docoh
9905155121,qasdm
4928324997,itshw
9734246266,obnza
3047325483,augzo
5445899804,lusoh
6573169405,nwswf
5008853002,ehzgb
5560901936,mzgfb
7162590723,gdzkg
2066164566,jpffd
3156511802,hpcki
6569219505,vpncg
8924877145,aqwry
9366532476,yzfde
7869215630,bnovo
5829647817,cssnz
6655466491,inyjh
4674912728,einie
1853203875,qowiv
6124437085,yoswa
9575592336,uwlra
1019746934,nvjyk
2822425196,joqvq
6458632306,dkqef
7220853817,rxqwd
9815277935,fruol
8332871344,rpydl
9165916424,xtbip
5205591353,xvdzr
8773488575,qbyqp
3763079979,patgn
4168074705,iqzhn
9548523051,rkcbp
9313684514,kpyil
6439473183,ughuh
5119910414,kwttk
3182158044,tgrhw
4462154204,tpmno
4733303525,ucxbc
5685905085,ciwxf
2044912102,edsjb
8947529888,xbvye
4919666982,eoizn
3673755492,vkpxl
5821869650,odyom
1130868132,xulrm
2393814141,kgygt
6500972273,ekpry
5799435306,edmat
7745958080,peobf
5386210053,mgayd
1683343016,lazoz
6975815007,mpell
9969010991,dtqdc
7142764834,ypxte
5288350913,wtvbc
9839502823,keytj
7218579088,vsqfp
6946163136,mpfos
4847252844,fgdwp
7002217818,hwega
6879574168,numxl
6086592611,fscmn
3091640249,gsadw
1575785363,zfrym
3567866577,lmqke
1915996035,ehemr
7592909002,fpcyr
8955123945,fveeo
3327737182,ajeia
6037533219,hjcwp
7311287292,czujt
7390296554,bksez
1154046684,wwrsp
7195319425,tfrtk
9914281162,fbjdt
1010389556,etqxt
4145689253,nywtg
4479324581,lbeqj
2506746701,vzpmt
2014475124,kaqis
6694622897,vqoiq
7668060729,uewbe
7419826102,mlieq
4910896043,yevko
1758023743,auokz
1545647290,kgvmv
7617100507,clfwh
6994230310,utona
6938024313,iyoqj
5798628667,qdrzx
9486553492,pmvdq
7965081793,lryts
4862698592,togwm
5875420261,rhvfq
7003725263,jvaof
9612991250,cippp
3372390958,umchu
2586601411,nptqc
2866818327,sdddt
1512452752,tunbz
9342705936,oxisa
9642275916,hzyub
9948610550,dmuse
5314209187,tisdd
4521687751,mdnxh
2462767914,usgsy
6028069008,seobq
3635483238,zbwjj
2282686537,tykik
4507620561,hpvbm
4865385338,rtvuu
9740570296,jnmde
2507035636,ywzli
3359177341,tbxcy
4862140450,iqmex
7430085157,icapw
6073636577,ukhfx
2544108810,jwnac
3691547043,aitat
9460950815,nskdw
9527415938,gmqmw
1293986764,hsscx
7688803901,ghzwr
9635069464,qgawd
1491393312,pwiar
7721173128,gbnnc
6372094068,payuv
9920670722,faoxt
9039464759,acgqd
2519245664,lyqhb
7951450113,lqbfi
2345801267,wxinl
4020629678,pewek
5363598101,cdrss
6041549887,nebla
9511966458,lbenr
3064554276,jotdh
4715866632,oaytd
9393665059,ireuy
7443041830,wxqzb
1856754537,bxyhf
6910394843,eukic
1959875008,gyrde
6278699804,dnnoh
6747012595,zulif
7390504874,vqqyp
1129375029,xefvy
9962902153,cnbxv
8974958612,xyaie
8686054589,bkoyb
7116091893,pjsku
8143311499,ekuxf
7781834735,arbvo
7070100918,sfewv
4011933130,jvvgu
4207986404,izjph
3586338098,kyqcy
1265037454,nreeq
7401169585,fqxhd
6407377475,tgloa
9963069609,zvgla
7331680576,wnwlj
9779450331,hpmfl
8186476405,uvqna
4853576043,wpzhz
9406560129,cdepc
7341092542,fsxxs
1642361335,mlxdp
3498096453,hlexl
7338111938,rvvjc
1478699084,pymag
1580450366,avvso
7180355728,uwhan
9044003304,yuolo
7872305143,vsben
9052823510,yxfih
7855498279,sixoz
3905106304,unlye
5332921966,dvatg
8933214575,aurhe
1872363886,royps
3509083026,cspoz
1828874161,imfar
1922825704,cmdvg
5789480304,omgak
6443837277,gtmud
2912916598,tiqld
4096802053,wytyu
5311459964,bqtnj
2550962201,oybvo
9048258331,papkf
5041051268,yarsq
3106684989,mwrkh
7037743035,rmrob
9292711907,uigyz
6480155773,cjmnu
3192386602,qnpng
3568026748,uztyd
3993554415,wvear
1754778411,fzuic
4091517716,noons
3496198927,bhuge
5243009424,ytdrw
1764161122,cxanl
6557839056,qsnqm
8476940332,reqdc
5250636540,lhaip
5298681797,fvpdt
4743370235,ihsfn
6281514616,wxetw
8162835574,uvxxi
2135249463,wkifu
7069947287,kjatl
6388677113,jderv
4966593058,smzxd
1503052131,ysmmr
5673070403,jczzo
2534387892,upbuh
3187550244,byzlq
4243017432,viciq
4220676679,hacni
3896112631,rsfoe
4252544832,hfxgp
7101395787,ncmla
9468076528,rgjmf
7417430795,mhbex
9827142436,pgbgf
2459310045,xdqmp
7122475512,nbfot
1896593178,nbjcv
7716871316,usbxz
2932110812,ucsoi
2563600864,anvyv
3645143635,iazcl
8624356804,dzthr
5864441230,npdbz
7528312126,qwupt
2823764362,jevtm
2574558077,sfsgk
1696749899,gfoya
2311654319,xvrxq
8179116636,ncigw
9436970391,yjrjz
7658234421,wxupd
2417993878,ipuju
5460116439,duqpa
7119680324,fyfhf
5787617431,uvntt
3166875930,ywvhu
7436717097,ksttp
7931673080,dawdx
4245380707,wkjxt
2948274011,ngasq
3125139526,bytsj
9829115549,arxhm
1349524603,nnpmy
2595995745,leiqq
7257008605,gedde
2045763344,wvjki
7704772636,wfraq
5176231989,hpexb
6403438005,ljjdt
4543289533,bhbdn
6682329498,kmiuc
3480581829,pullr
4767136761,cjdqj
3937546019,jbows
3639138520,utuap
8242535567,esmdg
2179227267,zztcc
8957342684,hgdqs
7163997329,mqoxq
3290392860,ttimh
7643526518,rabgy
5768579858,vnpey
6025089495,byksq
2457017627,uyepj
6623691072,zvewn
6152771463,jfdnd
6123554660,kpsup
3406446115,rkvkf
3914886213,seogz
9866725494,drakn
1319570291,nffmb
6544616203,pyjws
9737944405,bxaqx
4321085327,yefxr
9604585735,aobbp
4414516403,dqild
6913546579,lecrc
1065035075,gkzph
2335741404,dhojg
6945113537,yduuj
8290062349,lzwpw
2328035786,ihvgk
4477240015,enxvx
7094483197,efysw
5209878981,jmiao
7479853110,achzo
8968689629,nfqnf
6320496946,asugo
7563664227,khkkp
7780254461,ouisl
5362625118,knqun
3743757107,oovdi
7037993059,ljxty
2730946093,fcmri
2107095744,jjqpo
2205837128,nqwik
9660520727,vzspw
7046675136,qkbvq
7477932214,svgik
9268781106,usrhw
7134883753,lfqyi
3951658364,mypbb
7324564531,jecuq
6598197466,jzhsy
1401574856,cxucz
2858272981,pfagr
9402134742,yddxh
2475860283,lvznd
8051956879,wxowt
9716662720,avajz
7120598073,bawyg
6326461778,gsbia
9261025204,glcbl
2660391168,vyqdq
7460736863,fbwei
6229269729,wptaj
5857696936,ezktl
9461272680,faybx
3131899393,kxdvv
7271711126,kwmig
3947351706,lalqs
4444908958,kirkh
7591096068,mflfb
4929455863,gmugn
1208579683,qhzov
9241767336,lmnqa
3730668903,fveoq
1946370894,bvawg
5283837798,bstju
1382533554,mdzdq
1296789055,caaoo
6735846472,qhdef
6590681085,qkxgl
4436988704,vkkgr
7379299251,kxpss
4359960894,lcrak
9075105372,shfut
3688566546,kdymo
6589520120,ptoag
4019457641,jctav
7612110231,fvwek
7897338275,klhxv
4857507719,nuxht
3797624644,zzasr
4638497053,xqcng
1908747130,obnaw
2873426815,uezju
2441842230,bkhxz
2070636038,wtehp
8018853224,lhbfd
4492998173,dedad
4109718031,cyiuw
6300643470,wzcpy
5348463965,axcgk
5147848003,hkguv
9508282990,ahllk
1144649757,biynb
9023124764,vmhvh
1069822308,tirde
7376452170,pmzte
6954395894,kpays
6798178312,tfzip
3441206452,izfad
3648875139,rfard
7049872214,dhqct
5997796627,eegol
8898307073,dotvh
5006299424,ptiuz
6085524901,qfuuy
7119984634,hdiuy
2468275380,gqhpx
9996275906,vehyi
4745370487,pvqey
4589202162,zilrw
4479438996,unqfz
5219230734,dgayt
8963724904,wgcga
1809056452,foruu
3444836247,eliap
9421144242,ngaez
2855834298,sejki
6994570940,qlgzx
6358185780,hnxze
2879239214,miqfu
9202966141,lquav
9607749067,azkwa
4065628331,ordqq
9363394565,ztfak
9284760696,ihmjz
6650413125,ixysc
5214857920,mircx
7672201238,pcqxj
1202078331,nioqz
1061911697,xbekz
8891177552,oqcph
5743946722,njpfb
2713734484,vglnf
5848344996,qnbgq
3847179231,xqoyj
7522268142,eiknt
3943027699,sdfdh
1769582575,plytv
1375411253,rowjg
3203245644,rjuxw
3832369121,bvxkt
5003001774,bvetv
1344804874,chocv
9359864414,osvyc
6113768833,zlbya
7922500805,cgbwg
1389128152,eiriz
5441272327,ovrvc
6653044097,qhfgi
6135008028,pseep
2359778029,cvmnw
1750990972,hgjmx
4660709868,ieqid
3284614941,dhrtf
7650245775,pnkyr
8477630743,wzrog
9989081980,lwpis
2274531343,vpllt
7512880171,qwjxp
9342014294,fzfdz
2176550484,qiabr
9287525259,dvdpe
5837547228,wjatw
8849905399,jdzmx
4117921659,jxcus
8436997841,qlcup
4085889282,tnpfr
1054885632,jvfpl
5599170923,xnyvf
9675978798,sueka
1771915044,cxayj
6692301462,fwuip
9491827354,sbvur
2257828047,xumej
2549763262,qtvlv
9438477975,zssqx
7093566018,ziyfj
6803600891,qanrj
5542115586,vyhbw
2610016496,teczi
8968516981,dothu
6945052071,arbgw
6731452749,nrjcg
6300790732,arxah
5485478652,mhhut
8039325964,nxkoa
1636193394,kipby
4904471726,qqsfg
6089500565,dvndq
5440431808,tfhmo
7504798811,eagfi
9998049300,nlapu
3792724893,ynlwj
5636973618,woysp
2087355788,vlsyt
3037141129,jbsjd
6887952894,aucws
8688311789,jupzx
8042254481,jfdrr
4541323638,dnhvy
9757681710,khfkg
3181851690,pmbpa
5826399534,grjgn
5346753830,bwoxj
8795295819,kfzap
6079369907,hmvls
2450841930,jjhvm
5468418662,powgg
5763183598,uznec
5192195324,apcsd
9555359504,jfnoo
3569851111,rbdke
2395025863,nfcgr
3913177812,amckd
3694703385,igcmk
4937015068,tozlu
9311904474,lyqhl
4997976032,nkhjx
9717762846,qbguu
7826184823,lqzef
4075696722,ifvng
7015575785,hdimu
8731748047,nqcno
7024024919,aakic
5809993448,fanpv
8212849479,tmtbr
5630805736,vhsnc
9433016406,dixug
9386388869,agjpt
5637508592,fketl
5627372315,cgmhi
3919939326,dmfpg
5536372995,cjcps
3376093897,ycaiv
2672956180,txzvi
7195755022,vmwho
8376889389,rihwb
9160340128,obrbz
7523916991,vodce
4492109511,olkst
9421075025,zxpjc
6924213216,igbyl
8269122286,aijxy
2627786134,juvkl
8951464452,scrcm
6866324486,iuvml
8876288826,fjsjd
9028835148,ypegz
5668711256,vgjbq
6344077936,ulbgj
7638903943,dmovc
5192195002,sdtbw
6994981516,qdata
9844585013,bkihm
6497362424,qitwd
9214498052,ynmje
6468569459,rcmal
8117812192,qpjnd
6686947279,qmkxe
1144735964,hhfpz
1207125081,maofz
6313506739,veohk
6857100427,obhtz
3121420273,yonyu
8370759066,nvcrz
7173203078,gcshy
8326446331,wfysc
9571982648,bcdlw
5505101772,larby
4136893596,fuxvm
7587882330,rcnbw
1649188684,mlvge
9640485989,bsrid
4468563475,vdihb
2035833468,jhqmq
9806331397,pwlvp
3823699100,aukjz
5770543382,ibmqu
9648854214,lghjc
7094881152,nwuzd
6399374391,hzemz
5776790627,rjwql
4640232403,xybes
1406826702,fhubh
6228612645,beois
4765120622,wygke
2949855248,kmcgm
3964152248,ksved
6899905695,nlfhl
4405439507,ognwk
1098026384,xrcqo
5619648203,qoztf
6888721271,otiuz
1260840191,fipbs
3073125333,jblhj
1286369171,sidlt
9771495351,xnuhs
4378862210,pzcyq
2324448440,ffttf
7450368380,fcciv
8987440428,vqfnq
6788918760,eibij
3558316128,qhypf
8386732055,jljfi
4115876054,ixbbe
4673265548,nzuwh
5477017265,cyiee
5211280438,njhag
8436407499,vlvio
6865559197,lawpq
4928856493,fcneu
4980469824,dunzm
9314730620,bquky
8146610697,fqcpy
2995618499,fulja
2303655398,fbyic
3556811080,mqipt
2060397025,ksgic
5464952898,tfkvl
1186282888,joymd
1641799911,xokbr
1098194636,kyeyg
6906145764,rdmrx
7829182525,oxqtu
9038088983,hsqiq
1710508237,vulic
6929971500,fxekc
2797826599,tatld
4168654809,hsbnm
3888529715,xwxjp
7144486892,lalaz
8703517271,ogdha
1554367303,iaymi
7735923587,zfsie
3127459614,jchku
6665132848,tsqrn
5119870541,irljv
3079293911,zdifp
6458513869,zjlda
6180151296,kuqbz
1890779769,ihefs
5016878118,bfkfb
8123013837,yhlan
3594520839,rgmri
8033887424,edgrl
7464539703,tbfsq
1596405321,hldjp
1860223305,jrjbd
3426632151,xfoiv
8965778314,hecyi
2909352397,xxxbm
1959616428,vbaxg
5463105023,thyhb
1261300931,jrapi
5696434699,rirqh
9442169018,uibae
4624563562,ogoee
2036331744,rgwcc
3733656967,dfzxp
8584367690,zusdh
2967765024,zhwjc
9283227671,vgyqo
8758776461,rnvcg
6470351749,maxoa
3207735602,gjwft
2085740513,gvhdh
9167075287,uskyn
5512205942,fvvbs
1003488649,ppjnn
1220252717,oqnhm
4411033160,mhhgd
8719981686,nfmuh
7181014686,oelko
9234029214,aqmng
9798892584,mhdxs
7273469093,gmofr
6399880452,lvkrq
6372211363,jaaob
6065509806,tjmlg
5851345833,wmory
1093725569,jfrkc
9610953147,drexb
3587690573,bbxum
3690870851,utcrp
8294696932,lwscs
6564772933,ozzuv
2342247786,hxbpk
3109656135,wpvns
5943997576,wdvcn
9740025912,olcdl
9860436983,ngdmn
8714697145,wfzcq
2796445931,quwpz
8045152598,fqtlm
3415206441,lidte
7070023069,mktmy
6638786646,izgot
1218330757,dxizh
8728218413,cwncm
7312246290,pxuqu
9045689494,cavrp
8355867330,acsmc
2256023173,nnerd
9118045062,prhrb
3865371964,uyppk
8941054600,rnmxb
3146051794,hmutt
1590553912,pcldc
6114318672,revem
8415936144,uroat
1495206840,bhnkg
1605069928,gxfjg
3423164152,ltctm
5747330051,ccjoh
5868024114,vreyi
5457847024,uyofb
2990033395,lziyk
1664728396,stbfk
8582765375,ucwei
6339430482,ihciz
4762996964,ijhhn
3753302163,lkvzr
9401116622,kyqef
5523699754,hmpgl
9515830253,mwimh
2088070123,bafca
7637784636,aqsqv
6285790887,zseni
4279177664,ibctn
4588327052,syzik
3914983452,klcyn
4673490739,zswni
9464044446,xotsw
4921405422,xaxln
3792741308,vcilq
9791708618,msbgh
9296533623,fwokf
4908753572,exzab
1701207601,kyrxj
2060781893,ywtgt
3237881229,lywln
6951936936,uiyki
4976514600,ypdwt
2123758429,skdpc
1752969213,qefod
4646767585,fdzkd
3285743302,ugcyb
9681399831,ycvaq
8509064402,lxsmn
3457281388,zpllc
5693264856,ymsfu
1446868672,yxusn
3637953037,laqbs
9746646307,hwwkm
7444839902,kfsne
8633328529,vpkqd
7297928292,jlqqp
5529249226,ghacq
2500736511,nkwfa
3227916891,uotqn
4733092906,hjkfd
9126614061,sobds
8413564177,gwqyw
6238260350,fxmpq
3519277386,iwafs
4318836679,icpab
3940631677,exdqd
8744342731,xrbct
1497302229,dahht
2116522623,cexol
1545525870,pqgsk
1306329457,gawfn
2742278462,oorwz
8689906569,khmlk
5113016560,ztdsh
2196883795,fviih
5350080521,dkjog
9020308844,zxino
5304237279,nlloa
2012278664,lando
4564635797,gdozh
3583385179,pntse
2027622739,rwtgi
2317747306,ewrsv
2326570071,cabmo
9327831804,dginh
8632828746,uvkxa
8971366149,qfzrq
7518723554,xggev
6438337653,ymure
7390614945,jbbxq
3322567897,hqlko
9459985325,igdsr
6765541242,lbhsl
7904908946,iezfk
4513967058,xjabt
6102034372,vrvvr
6111991298,yojgq
8175791043,hrutc
2309465365,keeml
4233371454,ulpgc
1404580310,zumfb
4457960060,snaza
5154800584,xaejb
9863154566,dufaz
4327547121,xzcib
2180332080,fbvwd
4857195252,uzvwg
7993453245,jtmbh
7838608602,xmmgp
9164605397,ntbvc
3031191411,uegyw
6237250204,dtswi
6292375209,qhysx
2974382722,wmrcl
8798028263,xwaly
3393408529,lcpjw
8488319848,omrum
8818683257,lmlcv
7429231767,itqkm
3182342888,pkeyy
6873800206,zxmlb
6219284229,pufuh
7310075855,ovcpe
9007221144,fvyjz
6032254984,erflz
6110830580,kyerd
6503241019,iyako
1828255009,cvkiv
3865884587,tqavp
3928500893,miffv
6939413320,iapbm
6305020603,dliuf
4376081244,cjdkb
1304974237,bucjr
7701636899,oahse
9444653505,yyeuj
2353015183,mtnmp
7277358636,vgqor
2702735696,dceeo
3457910768,qcfuj
8669067987,flgrs
9260447859,cmcva
4777522167,vyawx
7876075294,rszrd
9432558186,vhpsp
9951337873,skrbw
3212800171,ypwqh
1301196581,noacd
4165406175,dsvup
4598667609,qgoly
8361762508,vzlog
8612807908,ykdzu
7873018501,drlfa
1543667770,rsdon
3151092525,gxrog
7034143611,jpcyl
8783043175,spimp
9847074122,rvayq
9260874617,byiru
9361999812,ckilh
7549634541,ukkxf
5812134615,mlfxa
8853449166,wehuh
7207936697,jfaop
2838972124,sygln
9264541675,srxnv
5080135383,bhajb
4597186238,ollmv
1750432026,billx
9621887067,yyazv
4355908563,bqfpd
4301287931,fyuax
3416667930,ewlgm
5154922596,zfcqx
5508291121,tfecu
5387644585,fdgyg
5235252387,iwzws
5037567995,drvcr
9535889172,omiwq
3515056813,iyivq
6684277382,kyzdd
7058268175,wgtsy
7253022967,xbfhg
1426531206,ywalv
2041385461,wdlfr
8178004361,odnvn
6417319064,kdcrg
5676162321,cmojc
9222202367,ihsbz
4958435081,uhrfn
7290314035,pnmib
5732857733,jzwbl
5423861251,hwiyl
3206415525,eqbqi
7883768701,kgugt
1863184056,vwtkf
7716380400,yhxqk
6754541604,spgbk
8051571363,gujjb
7376843074,yrumr
5335040353,wkwfl
9348490131,mybny
7381180602,dnmum
9150477813,ungiw
7879329986,qxmsy
7716450214,aijnd
7059724415,pmbse
7483469479,qrmem
2624833943,pyoxo
5303455487,syevw
3404629979,tmrog
8799231281,ninpm
5371710154,ioknh
9965451490,qonks
9305460540,uydcj
3038723896,ntret
2464208248,kufjc
4500063765,fqone
6821341548,uytyy
6868750076,ehenm
9365329882,sabyh
8444466282,rkqnd
2596924897,urmkm
4504968719,lttum
6085578892,grsfd
9538396964,dooln
9332207713,nrofz
8046408202,olrjl
1810505264,kfsfz
1724175579,kmenh
2976170616,hzguv
7927021748,vpguq
4780207627,hhciv
5585811247,iluge
2766949732,yvmib
7786323707,mcfzv
1102005317,kvwuu
9058702587,owztv
7271343987,tvwce
8339447962,wthxv
3994072729,ltanu
7098238594,gfzey
6281764997,lsjkv
8738230933,oczxr
2675810071,elvkt
9123931748,yiysv
5832921023,elswf
5850406365,ngtot
5045857393,fzcye
2936400757,palqf
1949046723,tbxgq
3339224287,yfdrr
3694656660,diybl
1769550727,urbsv
9438251904,myomk
6942424714,zfmxm
1212309343,ypdcy
8227656473,rmhev
8353975433,bqsgs
8737903872,oiggi
8008580937,mnjwz
2145066186,yxnpu
3158024793,ipkio
2361118015,xvrwi
5180799304,niuzy
3536585660,ujkjw
4518621809,bxvbb
9767950975,obckr
2444763539,wduek
4332827605,ttrpb
9350034753,aqpvg
5112625020,qfdei
7204342735,fpxvm
9052311136,dtlvg
9642662122,dromb
1093949013,btgzk
9660014978,bauqe
6308895196,ditjz
1956111081,mwqdy
7768135845,kbqls
4145878205,kkrfs
7563772850,sopww
8209872729,znkpl
7467127687,ocqpg
9057563591,inllo
8962027615,seyfc
8683749103,uacbo
4840890988,lband
3450165390,ynuni
7077326236,gjazu
8356284690,bbrwi
5564103740,qioww
4630516460,wwkfy
8960617296,agpnl
2165450828,xoauz
8355737834,ggfwm
4992627260,qbvho
4165713310,yxzrv
1320941182,umgev
2516881785,ouejp
3254014735,gruhe
6296830302,wqegt
9260044917,ophfv
9886641671,gflar
2338189925,dzjae
7141804410,anyaa
4532112688,bkulf
3801411918,ahwni
8032324778,wizto
7167547852,ieole
4260509440,clqfs
7817210333,amsbe
3147596967,xsqhn
6396879892,okikw
8962116942,irkyf
6323167983,tbwgt
2417542431,bnqut
4593091908,xoofe
9221634819,yuvhg
8515449667,csbak
3707245252,xpqcc
7277929906,pusux
8459695318,zpjje
9056325685,avdoo
9735266306,ulcog
6856472352,woesg
7720708691,spyeg
5396124795,gpbua
5490414034,onefe
9159691634,yqsxj
8328249739,wjcja
2426374274,ydjcj
5783807255,qddty
4091955863,kqzlh
3237321728,wjqyk
3338575705,aivqx
6144471990,itewu
4044253874,vmvcx
5480881770,ipeux
9585115877,adgpz
2954569626,fsufv
4211142793,amxrk
9737046575,urepr
4667461588,czuuf
9853040515,lecjz
7235604413,pabpw
1399139626,xfngo
9467863955,hrthu
2378722419,poevv
2201392447,zapzf
8492015804,zfxxw
7929811578,bzaor
8215234671,coway
8951664926,eaxyw
5127625906,rsiop
7296745898,cqsqr
1159121327,yoatf
4079105538,lzejx
6726297841,yytcy
5465996338,qrkev
3600439406,fvbhy
8327293845,fpkhw
7352666036,ipxto
8816385470,rbxey
4012970195,yrnin
8266106893,lxsfh
4900829428,qphvt
9867169496,yydgt
2892854131,uuysa
5585718137,bdfmm
6914243471,shevd
6980639523,fcbzn
2353657148,wsfwk
5837224354,jyhxj
1517749361,kbtqy
5201566759,icgkt
3310084679,cqlth
5795875095,phmhc
7605531779,smwge
1492421718,xtgxn
8400183504,xpxtt
3896658406,hxyvg
5811978441,mlavm
6573118688,ebhgj
3778407101,zucxd
7480033049,eeqth
3189126601,zbwvv
3331889309,aqdct
5535581503,qxwyb
8990430121,ootsh
2898175671,nvioy
4805355502,bibno
6382826361,pnnnh
1176761289,qovxq
7690315062,fmsbl
7152469108,oxmdb
6841639641,ltlpr
8725945138,ifyak
3998832971,padhf
7848104922,kyywh
3913923090,psivn
5972927890,loqut
1192398149,fdvmz
2803900717,dxlco
7335255377,ydcyc
4341959094,eoahy
5265799253,qbspo
4574032408,ogyjh
5321247132,hizee
6245359451,chkaj
7960207806,xgogh
1772309925,icggf
4020388765,ubsap
1632519896,kbzuo
8985031302,uuyrx
9473291574,mnjug
4048499275,numvg
6860357522,imwho
4790720163,fpbcc
1575958788,gbdbd
8885654713,qbcpj
6027500644,mrtyp
7699017708,fnlcg
1156811952,dcika
6364246012,royng
1096473218,drqpm
7496607514,cqbyu
7708076729,gsubn
9239922874,lxqfe
2310842519,aphck
1796116063,ahzur
6917599018,ruxsd
9801433637,mrzei
1599268663,oepeh
9436813217,zwaqh
9844521131,dfrcu
1517541983,rhtnl
1440457494,nlzjf
2815310021,ehkoz
6999848767,jhdqj
2989555263,dalda
2462775040,clcts
9269161637,pdahh
9494602956,ivnmk
4844895985,njmlp
4500850441,kpcym
9897602703,bquzg
6576263947,ftjes
1887192775,ykdhs
9342319621,gzamd
7766037151,vnoyw
8503555060,joprd
7100182837,kuegm
3189346967,rpnpd
2838423456,oprfe
8555360812,jddcu
1664010723,ueiqo
7954971598,hsooi
8795515823,qtwvu
1103394957,gzqar
8336516773,qchjk
3343042180,vjvjo
6827797380,vibxc
3940938748,fnxyc
7291101739,uecxs
5752460242,xxjmr
9916485505,rmcrn
2922544929,iducz
3074547417,tzbtk
3471950339,yjnbw
2538217939,leqrb
1432044990,kpdtv
5054198252,wbwgh
9637543170,zrblk
7230381076,dylko
7634525833,jsdig
7949883895,qmbeu
1553346307,mtyue
7785667678,afclx
1635905155,pvroy
7517534990,zhajn
4162099041,pwomv
2826792402,fcgwe
2400263712,oujlr
1337363306,ecqnm
2669601116,cznnq
8186789064,godcp
1066478782,dbbvl
8186472370,jfrgd
1039499757,vohpb
9420302962,zgpxv
4591579492,qvlnh
5662075582,qfvuy
1646987523,kdely
2999264288,ppnbb
2274001553,ynxyp
6804415265,ezfrs
2825794686,yphfv
6108453970,rloqu
9754135751,grsdn
4666810254,owkyg
7568505922,ffqwf
6666652925,lhlvk
5507033006,ufsez
9007747440,lvcpe
1100801102,gynhf
5139227089,tnvzg
7296529713,ztepz
8804560744,agyyn
9105022303,ulupt
7183502876,ngjwf
3296117883,onoiy
5571294866,iijxg
8634998523,ykgjf
1873838696,sirhj
6619984373,batgv
9562229854,zhjgu
2007140262,yliuw
8595834530,ciycd
8599355700,ptolk
7935848570,pnuxl
8588848107,louhe
1390171737,ewytv
4108910002,wyrls
4695969968,etzke
7870234745,nmwdq
3887057912,ztzgj
5428078887,deufs
2686182551,vwyxj
9770026570,onwmu
1167910380,kpjjw
9191909776,pxydu
5434649498,llpqq
7731383801,dmzbt
1831356121,lfhtj
9490143773,qsllk
6526378762,glxhg
2653282401,wulbj
3593922590,hkhwy
6259265622,iwzoi
9067054946,losog
8236594890,lqrdf
2223570162,kkvye
3304831119,zdnqq
8523319514,kxpcr
4635054497,dwasd
2081621271,njqxq
7334012074,adtdc
7263666455,yxelb
2509257415,niyhz
7320343366,wmfyn
6294330630,imucm
6335285266,acdmp
9549380579,embjq
1202929375,torjp
2801977943,edibv
2635037097,gwjul
1753399312,unbgu
2868220207,vlbkq
1907469410,sugma
3777460586,nrgnx
1568092320,mxoeq
3079377779,riymy
8732824076,nmuka
8396202963,yvbpk
9149077401,oiyca
3322552718,igmbh
4335830813,xpxbx
3972453830,frnvu
1569064174,weqix
8612215684,zzbvy
8559416056,zunqf
8500890382,kutjv
6970423814,ehyvy
9652422913,yplmq
7650598064,sfira
4042898297,lnsiu
3589189206,camhs
5572909043,ptvek
5461260504,dxzfl
2330635148,ogpyx
7797088998,dqzrb
9401520198,fwzrk
7528764455,wvsaz
3261739392,dznlq
8197660008,wahhf
8727715409,zqcfu
5105780629,ttqyd
9201926688,kvqww
1297598301,ixkic
8956279007,jfknf
9454871540,gjqcg
7771442620,ifdaj
4334455231,pkxhr
4474472241,lgrqj
2758390628,etsmn
2963073854,lsgcm
7554176903,qooas
8706534217,bqgiu
1472425658,ayxog
4433778445,vsfqt
6546276950,uikcz
2655024259,sizre
8775687580,urzng
9130189037,nafgj
9009235266,gzwns
8516339149,lodac
8010304025,gmcir
9179997612,xgmaz
1689860283,vdaqo
5242315211,ebmtq
6963493800,sxhge
6595752402,gmyme
1965513170,jvqow
3445183521,mjgxj
2431720496,wlgbe
7249820075,vockk
6998759870,qmuva
4811950548,gmssf
7008337643,kynim
8281843850,hhryg
3423542325,keylu
1123324921,sdehn
7417918864,agolc
2532594497,siwsb
1763511632,arlqq
5099329345,ncgbm
2983977492,jbajf
8007246888,dcjoj
8198395105,qhmue
2851389067,hripj
6161661418,xuikd
5331867897,rzkpb
3687145640,xvreb
5507804378,bpoyf
1306015875,ipgwq
5681519852,bfgcm
1297944689,yohjp
3596887527,aozbh
4576035496,atklp
2401808262,jkzxi
6364164662,klalq
1656874733,abhvj
8080530863,wrggi
4976911428,sqdth
3454766597,uzvuv
7343136359,isekl
6167336832,plhtk
4581685305,pbwnj
4547247621,vixvb
1645561892,esofj
2984975850,lxifu
3793995608,dwgrr
6764721919,ucqpc
7426164134,ssazc
5776493064,ysyon
1871854970,khuik
1138990176,ppcux
1893669166,iqddz
7654790371,uvdnf
1850155217,gilvq
6095780683,ylbyw
6862324677,awjtx
3395259380,uguug
8453898112,ckwrb
4938248440,duusx
5761649148,zdysj
7827306364,fbegv
6793020276,nrdmd
4835144089,ucrdx
9902475723,ywlsa
5689396430,oekto
8084742341,gemdr
5645462731,gbgbu
5583867360,bingm
9172931772,nmhag
8507197741,nbqar
8611585597,lcqse
6936843038,kvyvb
6767330153,inrtz
2338541087,lugdm
2549775750,mrtnx
8355718332,nsbvd
7934193698,qeahm
4472168832,bcckl
2389248757,ubuwf
5272031642,zvqlm
8245468699,onvzh
7802450423,txpfn
1496918581,zfdau
6990179082,jeiau
2628269343,cgdqg
8612743684,yroys
9463172084,oruox
1692360379,kdmov
4854949766,gyvrs
6979522090,fbpqb
3884111830,vetri
4102428235,cjzss
6995904219,qxjsy
2215847548,aaaer
5285710193,grfgb
1908955456,ysrgy
2386028271,tgika
5371458985,qvsgq
7951439418,oebtu
3984096001,bzueq
1529076679,oxwcl
5464227057,wkdgq
3913403129,hhvhk
6099286273,hsfxn
3976121127,toufz
6064170096,ijixe
5495682125,sudjy
1025180662,bxega
8300858643,awegi
2346192948,uagfv
6225162399,sdqrd
5649876291,lolzn
2417217987,kfyjp
6317932685,cnvgr
2385457477,mguwg
3721787635,bmpjc
5238929358,vlziq
9714072817,cbtrt
2241497133,cwtux
7178774302,pscqy
2529698180,nybgz
6657140804,ouldn
7535429459,ofywj
6477199112,msxzf
7525780237,eaqhl
2113648161,ecuns
2867925169,rovxk
5720937528,zaput
3616256063,qxfpd
5967771205,bkyrc
9654681044,mmbka
9638772563,typzc
9021622421,dgxhr
1287557069,xllcw
5545793352,cubdx
7853918512,kjwsn
8057874237,didqx
4649000203,rgfjg
1699209748,gjzbt
8337619417,rwjgu
2092310987,xclli
9102320230,phaxf
9285957561,ikaef
4872725805,vfiwh
5273671354,jcthr
3924760212,eqztz
3395501311,gxchl
7793397481,xtlmb
5721954346,dwqlm
9094666182,eujat
9552455724,ftkyf
9381776385,uoykn
6161544466,pleci
6185424174,jcmbc
2516763923,ijzay
1498922158,ayvru
5782602725,kbrpg
7351679610,uizdc
3736723023,gkeho
5771673788,okimv
9112162311,skopf
4597179078,mdpnu
9659061862,ryirr
3063924129,unyaz
6939529188,kfgnm
3293343741,gwfsw
1899255205,kuuby
6909421423,wamvo
8187002224,tzeez
1615437136,niywd
3177273420,anize
1204783807,crggi
8079002007,oopwu
8452927489,zcwst
5112515261,nrmmi
7882635237,atebn
4943458848,wadmv
8234594812,ujhly
8574829262,hjhiy
7973870034,gpccs
4483284965,fsjrx
6222134437,abnnp
4758626616,ukhux
6679682590,lqnqk
9757136525,ymgea
1564170499,tgpee
5628291077,hzvwj
7212426028,jtzeg
4226892341,nzvuk
4686387025,wwklw
7512252709,oqcml
4897274581,ccrjz
8799700533,jgaaw
2115318378,wmkum
2203545162,qnayf
7724311217,kbtjq
7286438328,pkivh
1837327959,etaiv
2386716362,rzwxt
3121112428,lxbau
7370352219,jivkc
1008186361,tlysf
8485695871,voeci
6789164170,laaty
3722407865,dfvby
7545416167,umeqk
1735358138,mmqtt
5464923219,bugyh
3333679892,llxme
5265775632,dllql
3661484138,yvmxh
3380214077,owclp
9026148562,kbxsk
5331088042,odfos
5529318874,hjsva
6298430139,gctqv
3354091817,hobel
3241088549,nrhfj
5097011106,negsw
1750680445,malwb
9364847172,ioobo
3432354757,uypse
6449562421,ujvte
5805615151,toqhd
5894001540,rvnek
5428375411,suogp
7254523379,qkywp
5608395526,xhcem
9288354173,oiwno
8926628300,knrtx
2100121045,qgdpn
1321716953,gzuse
4316500717,yrvue
2641299887,cgprf
7388056016,egtcc
3539143883,mxmcw
2062546318,hbtfm
6858126755,lruhw
2001191937,kqpjj
3931821542,ktxjr
2115470411,xlufr
2399489182,wvmrg
2619809159,xuqmd
7524763853,jqlki
1640150979,cyexm
5104025679,rjvsb
6484600753,ukwhg
1404446729,zfuaz
4256384557,snrbi
2442942797,yuuqj
2992485133,uuoij
3372771596,zvrbj
4030465843,czeaw
3329946242,qkvxh
3381080671,qglay
2826145238,smpgl
5578967754,xrnnu
6878027876,touxg
3137332524,rwooe
8077120020,vydvu
8788998535,jbfrx
9153795116,vkuhz
6855215528,hqbsz
5778987976,szwau
3982243825,fcmpk
6173054786,eyano
6254714380,kufsw
7198033888,qvenw
2112822186,xkbri
1302325654,etjre
1834569006,bvdqu
1628244629,pydbh
7053462663,lxdwt
8640945547,zbmft
9535381500,qgcfc
8864078990,bkyky
9166285443,pbved
3913331637,yjzlf
2010752703,vdylx
7613116379,fhtvn
6494198212,fkheg
7248719720,zegbv
7703388567,idjad
8030552281,dwifs
7103093373,bncdh
5265498943,pyzyx
2892499794,bijhi
4704300118,klidl
5561472057,ucsxz
4268293034,ozxob
9243351208,xxnqz
5242047322,vjbsd
8491631773,waosb
3635775337,heias
9390228184,qqngf
5188065530,fkfxg
9701635769,evyyi
1867585646,skysc
8398150124,oqufj
5321512032,jsokk
1580526422,hzwfq
4685882800,sxrmr
5365827987,ptwes
9325483187,tcstl
7583556362,bigng
3089247397,gpfku
1396516618,ydcki
3547204070,vaalq
7364169938,usyko
3554456365,wcoly
4222519599,ydxwt
9452730656,lrnrx
2039583746,zmofp
8483397432,pucoe
2101913680,tqjlz
5539838555,ejexs
3107236874,elbnt
3042389537,dwepg
5699381780,ptcni
7953732014,fqdpg
7559551791,normp
7139700047,acavp
3583576784,lwsmn
4930722406,zoaws
8791723455,xzfty
7881365626,qjooj
2347648695,twqzi
5437848530,toxva
6240731226,ufxii
3288695262,axjxi
9054257258,upjbw
4017966341,qdycl
9316519422,oyadu
2535148619,pvajn
9334797208,bepju
4630013918,tdtwj
4869869203,uqirm
9032307286,tpngf
7387736290,jikdq
1938141454,bbhas
8174907505,qrmys
1305766573,roquo
1259592961,zyecd
3902920959,rxnem
5203012552,zgvwy
6619386178,xyxdk
6883864380,ihytj
9939271110,eyjwp
5923085028,tynvf
2863297604,xbmdl
2096402304,wdmay
5128544755,ctuyb
7591755200,lavlh
7653825355,tucow
6750103514,qooai
1017732732,avmiu
7846039081,pyavn
4932901388,lnzxg
7906310958,pqhvo
1148707193,daibz
6500787828,eplub
8366630133,mgcdc
3854658582,fzagm
8367578036,ekqel
6920927552,divxq
1369735080,cocmg
8081461713,pggjk
8484075706,kcakx
3571646178,frhwi
3258259951,mhfwg
6808381082,wlfwv
9284606583,evpnm
5785586688,thbrn
9525037906,tpake
1147295430,fgamo
7087109749,lefmp
3981495050,lcqjz
1588184146,igvkv
8881223639,misjk
8014725895,mgmpz
9923562695,qebmk
4314233428,idgri
8464639964,yyqdc
8436762419,imoee
5526526012,bpfvl
7645644560,ymvru
8840562017,clvpn
5650793692,aomhj
5231833441,colnh
9575152378,kwohb
8580680465,jcdge
8215208317,fotej
6711824444,qlifn
8018634386,gasvc
1692749497,rzeka
5617186597,kdfwh
3050791984,qayea
2792484274,sjrdf
2412087829,bbvgo
4098028816,kyzsm
7815703093,ysedo
3096071642,jgibm
9147781694,msqrd
9848203441,ysgmp
5563374827,zqwwo
7666813286,tjynv
5210592944,dohbm
6737098464,mwdfe
7410117645,pdesx
1145587207,yllil
8906462248,lrmto
6554545503,xunft
2662167724,ionxl
8827990525,mayxh
2554821204,fgvvt
7295017682,czket
2977122114,vgfki
3176395159,gygdx
6136606147,fbqrp
6721347333,lnnvr
8125707716,guszn
5792722279,eynoz
1665394308,snjsx
9534299136,ruxmf
7395681295,osiax
6517082134,vxrbv
2771346276,apzqz
5639024911,jcyrj
8833391938,hotde
5213201011,oemga
8184329518,ulheo
3942529796,ucrkl
9921628769,xoxyw
9330036640,iltdw
2735432822,jeidf
4242612002,pzjrh
9332665560,ylivh
1428264393,icurp
4974332689,vdtvf
4484149867,ajnbs
5646568502,rkwjl
8730932355,szago
2007174215,dxuzt
4515409892,wdkuh
1528823700,gtzyg
8713470548,jtybb
5963585448,fxery
4314452184,gffah
8731636769,kjnvn
8720101305,kgsfu
9640755326,ebieq
6613881557,ttjgk
1051724538,cxfsj
9122202006,nikpo
8117392360,dhhod
8286865361,niley
7509309522,dfzvw
4278753525,jfqao
3900338486,odjkk
4774409523,jzvnx
3603363053,lnwqt
8274854213,subxk
5399080604,oziye
1060429057,mxqyp
8215725289,xfhdb
5316984101,jrucq
3744995240,ywgri
5045516320,zkndp
8120380652,urnmp
4958509999,agyam
6301485088,wwagh
1057171564,lacdl
1097153560,syegd
1041028787,datpj
6025121025,cggjf
9814988096,mtgxk
1406765709,qstuh
2047219422,rwsly
8917007415,sjxnv
8250189158,upnto
2002640025,jcued
9651498809,elixh
8333547782,zewtg
9472065057,twkmi
6093031544,ltnrw
5289716599,okhga
5435888575,ujaet
4263206195,viljb
1384328906,oxqbv
8492813228,mdgag
3527755574,ktdxd
5001690052,pjhto
7328669244,spatb
7849627032,pbmtr
6689124738,musxf
7005469221,ghamg
5540455521,mwtvi
4315998984,yppjf
5429637514,mpivv
4718002217,ulqzj
3128495089,acdgc
6183958775,vxjrs
2898381880,tsvdf
4534687393,bidvl
1564055445,cqenp
9595398756,xetkq
5745750558,ioqoi
9903188417,bjjfu
5278137803,tklmw
3100869197,xmgiy
7413336237,gvxii
8362347447,oirvb
4856759070,muwkh
3049121693,wpxpc
8472126606,izueb
5346630534,kwgmo
9207061804,zxgtb
6476254290,bfrxb
9597235991,ciwom
7058022560,fcacs
3898211527,gctvs
8139398404,civtp
8126781595,fgsdo
6516410528,bycmt
7292875188,lmovk
7975876255,sfiah
1251137351,njyob
7120907581,tfikr
2577228774,udsyi
5774909786,jngme
9938492736,orrnb
6836086449,rezpn
6806737258,nkrnb
7128107192,pykrt
6531412383,colkd
9795309950,tuikz
7781701960,wcdex
1018692100,fxvyi
2004475336,zfucd
7370270664,iymxj
5072228655,nlmpn
7441716927,jpafy
1779278603,buqcr
1501832648,vtjab
9416734135,wtbwp
3860508609,mclmq
6318362079,bnznq
5764421469,jcbzu
1691329106,pilqa
1739046736,vvafl
6345870693,qtpga
8261344689,zsflg
7654918268,sgdxi
7937013995,wznvj
4083249791,nrtfy
3492759781,qcvnb
3552118130,efmhk
4648891359,wbrrv
7688350413,epdev
2841289491,xocew
8634237980,fwdfn
6556720729,xtxzb
1180304391,qkwlg
6396821709,adjmz
5380140948,urgbm
3445638413,vrqyq
6653403067,jxumj
4484185902,ifznw
5231912440,jacil
8300805965,nxeib
8220032563,zklbh
2680564732,otslf
4404908317,raauk
4287402146,pejmc
3975176484,xlulz
8102078687,hnqrc
6983536495,yswri
8410012396,tpcwj
2740871646,vpvic
3856671678,gzdmr
7782152947,cvwpl
7089826288,buqyi
6525337912,jkjdm
3293652688,wdoid
4964279924,nkacs
1134153560,wsirq
5630882262,txqie
3468104696,sgwmc
7824772029,haaey
2127166066,swxjd
1923972277,jdqwe
9271377988,veztg
5822661350,anave
3689603028,obgkw
7931800137,djben
7092923724,sqcwh
1095789300,qxggc
2070308211,opwgx
6851682291,fweva
9996571102,kjevv
5973467083,zcqpn
1297026474,tzqxz
2326088525,vvkkw
4845193990,ztteo
6979755734,fgxwg
8734814654,zykgu
1579551584,sqces
7507369196,sgmav
6794732960,raodm
2250180319,mppfq
7536942116,yorkr
4211676522,xniem
8956815408,qsudn
3755923797,zkthc
2299364895,fpejs
3419302790,hpcuq
3444624257,dgzjd
9939701711,sealp
3114546627,ldjng
8748397421,vxwcz
1485018408,zddxl
6057953198,byugl
8349334306,iwnmh
7075963829,mwyqe
6966627122,qjfhk
8985018006,ppvjy
3681418121,rpvfs
1424778947,acsag
4941568041,owauu
3185161018,ldvdh
3271712861,zhffs
2726994931,ejfak
2647576764,unnpc
8547092891,dtddm
1701318267,jbbkm
8829120514,ejprw
8537021411,swxlk
5754448192,gkfkh
1647559329,iloot
7039204157,mpfkc
8898086871,ttynh
7219820489,ckcsw
7516265687,ssofd
9225008947,nylwb
7916114280,bgawt
9386025240,ljsfd
4915567592,uxtzz
6628523913,bccef
2919209246,haefy
3068880474,yizqk
3525396822,yarrz
2560950046,rgxpo
4203245087,ginvn
8933431534,cpsbb
9901675616,wsnfi
5522053203,gnbkd
9250426654,ukqyh
4166795506,bdvqr
5878784740,jrhqu
5090889657,voqqi
1888222709,poqor
8024302168,uonij
5835836530,sylvj
9143988140,yrpqy
6582664577,ostfc
5249232054,bokyw
2670672499,ixoum
2471184403,mawhw
5796996204,gtwkh
7223447390,eghzv
6501530021,qrxwy
9649445329,zlfev
9925081054,dewsi
8095225813,hobau
5098805477,dvxfy
8192076230,ptarb
3270377114,ftijm
3304501870,jfahi
4848634310,jlpan
6509914309,iqqyj
3911832285,tznkl
6426686313,dhxdo
8854916691,lljrl
7178094605,hbjyb
7982871432,mpsma
3151049950,mqusc
4927499486,dzpkk
3166735979,dmhyu
6483877436,tplmo
8762084563,vtssv
6430439883,hsdfj
5667802242,knajt
5052465649,tneto
2872773964,sffnl
8901782375,chgez
5541937413,hztvb
8579367373,sjypl
3408264469,cmcmu
6571396018,ffshv
5387760871,poswn
5955044163,upowu
5334919379,ommnw
3628367228,qhamy
7925447319,jyzqk
1111363505,djjjd
1296325729,fgfzr
8862574028,audkz
7322042689,bimfm
2182191029,snoni
1507370329,opvac
8918782292,rivtx
7351538831,taylc
8971806474,cvuoj
6788397390,icmmn
4126874272,bkltu
1529729610,qbspz
7572938939,pddhx
4422236050,fccti
8989136557,lbrbu
5632896934,ynpkb
8418380593,hglao
1535117628,zusax
8548569946,hbllb
2524970897,chipv
3418969836,qmydj
2148437118,uazsp
6630166692,rqlmc
3584729938,kiaoq
3338527715,vuipx
6365874234,puspo
4043027404,missg
1827153245,vrlye
2272862543,afpok
4972641966,piftp
4333442137,rckbz
2088328539,lnosv
7615383064,nkwcq
8437417923,tcckb
9722068160,pbbql
6373927843,hhuue
8568860879,qdcan
5432551546,zwvng
8706045407,wkcks
5838507798,zoktd
1110908699,crdya
3478681491,yepvj
7260528456,pyvyt
3202611312,zkapp
8722190398,vueye
4093929910,fdfof
4001422935,vxmin
9780550891,wpzic
2977870203,wlmiw
4599368741,qefdd
3381551979,xgmyj
9904263428,pcnvp
6342392478,taywo
2752765039,sgras
3607053662,smrby
4721475956,fledm
4155109416,tuxdo
1350683992,szlik
1335926627,iiigt
7712333023,tigjc
6123570839,jkhso
7435848324,fcwcc
3646846918,qekye
8906887939,lcajr
8529852820,ltrvn
3795056488,yharn
5557634643,rpszq
1315147693,jnhhd
1997753678,gqugw
8531446159,dqzah
9099158395,vmtkb
1621369443,rsinf
8443242871,idymn
2630032773,ycndz
6978239263,eursz
6507442867,wamyg
9459408232,hbmyg
9256341800,sochh
6346891756,spgno
1489824878,vtyzy
9249480930,ltqff
9703539199,ueade
6956860530,bczax
4443098466,rxlef
6200529384,bfheb
9083139852,mjlvt
6206683610,yfxow
6655956472,ltftz
2199897870,ssccd
5396931076,sugzr
2316820675,vpwaz
5528533675,qiwdh
1799277561,pbjdu
8461797084,ffrqo
3275770249,uvvhx
7048632741,gbqan
1699773546,fvhua
1040203985,kbyju
2489739722,vgzey
9056862793,lvibd
5388573314,ghxen
9811440194,lxplq
5234439165,zqppv
6145025922,bzkdx
2158083871,dnidt
3791816390,wlvtj
7131963461,llgye
2172041986,tbkjm
7076911628,ckakf
1904936190,lholk
7431694119,ylqgl
7694685947,iiuuh
4946961971,dwhhr
4668564723,glxlm
6063757069,ixfem
1052564017,yihgs
5612849771,pxmpn
4540998176,lgqby
1922723559,qxgyo
1841976874,lozhn
2428174011,vsvpf
9404879871,qdsif
1912085635,vmcid
7220971544,qgihx
8319216017,tfusd
8106421067,rwaqg
9085224400,qfprt
5523304378,jmxaw
6254288655,upfey
9030746343,oveuj
8500991198,jsomh
8166051234,hgpbb
2246499190,otfbx
1370686955,xshkc
5604312998,uhnuo
4740891986,yescs
8950631623,ngnht
9206087078,senbv
3966398197,yjbxi
4695040527,qoyak
4643159930,nvdut
5225382676,dvsyo
7136365336,clefz
2959115642,kseem
5751649792,pjjms
5872830324,uddqw
4831748180,elmvy
8135546149,duhpo
5428609077,ahdtx
5550947367,sbemi
2083844940,kgmfg
2931747246,sxkhi
1704268243,indla
7099934665,dvmxe
5438046195,ktncz
9151289897,fcjee
3302133420,pkddc
6155205033,iyzfk
2014881325,croym
9437754887,brkxw
5158677142,fqkrw
1877475377,utprf
1223401366,xavto
2803695280,dtmod
5934387219,vbrxe
7118877020,rwjtz
6094366733,vbzwo
4876279034,qfjpu
7881406630,zqczh
4718622324,lqhbk
8702165073,cckzy
9534254523,ovobz
8637095868,nxxzn
1103187433,ioczj
1962038052,vfgkn
3150948874,qvnfw
5083651695,gwbka
8834021207,mojjd
8614792958,yrsbl
8766333144,yqwvd
8926217974,oxvsg
2978148220,jtqwo
2215868904,vwplh
6916089596,owzqx
9379341472,wmygp
1540873483,ycoon
2203174827,meeng
9621836253,gscey
8372489421,cjfop
2434507257,hbfqm
2742862558,iohqj
7641551604,elnpa
8639911453,bzlsx
2049851314,auirw
3928217744,podde
9214444633,axnng
8456772699,avkmg
2133029932,gjijs
8634459334,zaxco
7186342362,sqbxm
1021970360,kndny
5211351469,sjldt
3155763721,tkuhs
8491393255,euwlh
5087233181,cjgzh
1074765002,lzjyt
2439643073,oinjf
7349576915,beztl
7342979396,arxxq
7993381757,qurje
3667480568,gatob
8100925515,uraww
9282841316,ytnno
1223311250,jrlbt
8423987224,lcyrc
1172695167,dpzzq
7898637555,viusy
9477465880,zmmrk
7213666248,yndfw
4642257889,gwfwh
9223920958,psybn
8975409434,ekgyb
2809752258,mxhgz
3270663912,kbsro
7767715520,wxmrn
4272120690,irbsl
3505787094,wwick
9596854659,spjzf
9170983667,vvlpi
5055782107,pgtws
9150951423,ovnob
7315451814,ntfbo
2156022732,fwaxy
4193220233,kcotn
9183569328,lrehj
2468122762,xchqf
7924673608,whmvl
7179146988,uuymv
6247471833,lwkqw
5177673216,wxbfy
6871337155,caoxe
9784204458,rgzrp
7016112645,qyhok
9348340353,drlwm
7082872974,gihbg
4329562405,bhkzc
2035505251,mpwaq
9602782230,vtcxi
4523783403,wfkxn
8476426217,vdehu
6847904180,vpfxa
7262873144,oqyup
1060893277,nfmrr
2251849048,nxtsj
3058721492,ulekk
3754120995,xqcsq
7641792765,uujlk
9803362012,eoohm
5884041594,grcbi
2823800820,shbli
2464825876,drqsu
8321467610,vpzpj
1907992272,scqjx
7100748794,aqmce
4045981954,fltlk
9791218357,dtysq
8989346578,ocvqa
6541023158,ihkyy
8944400618,budgp
1070866750,huaba
1217363569,rsvzh
8121353901,ehpki
9032399384,tlhsb
6537577753,gqkks
6305400228,tlhdi
5812046107,ocogo
6858142987,ciloq
5541048320,ruunc
7359279101,xfgdp
3118064117,subnm
4546857559,smcom
5328039229,byfuc
2382852393,dghjh
4975125070,rfbce
2681886596,hzdcy
2184082352,mbozb
8139894320,ftanw
7884102475,jauvw
2862639108,jfeqb
7471180617,dcani
7645914236,indei
7010836612,krfoi
5665713797,qxjee
4035260437,mkfvo
6500024414,tdllp
7474875881,zkezi
6871642809,qkcsv
8483167893,zrboh
7308758029,wklzu
6053299158,tcqzv
7416401269,ojwox
2954508397,slvln
9976405253,bbzib
5210260611,lbacl
1269642770,llwpi
9586296331,mdjrq
4973868251,lpgpv
2286862321,bpbmw
5413467023,xbrwf
6745353824,ywoab
3600778366,lmojr
5703565292,bupen
2068937968,oiqmv
9051819927,kkzzt
7302914310,wxgoa
1069952725,ebgxe
1421110007,fsbwm
6329070681,rgsjw
8509301922,ugvzo
2748132040,ihetk
6783175721,ufyie
4507058280,bygsz
1762370716,iiwkh
8081359144,tgnhc
7516293013,mxtju
8474991667,oiffi
7275121631,hlgtx
2122455665,zhjuv
3064168022,yzelc
8718134582,asywm
5866782990,tgngp
9482764608,yurlg
1381692640,uetbm
9655261041,eptau
5228988331,apail
8065740892,bsxng
3771225419,sxlaj
5873998811,iythu
9393966629,vyfds
3313779377,rfnzm
1950755134,oqunk
9677501368,chpbr
7586622774,gqvkr
4024231976,himzp
6997038974,rrpom
4849619052,mdzjs
8920318937,dpuqk
3642246014,sayny
7254957998,hoflc
7169815894,endxf
2306496500,afxdx
6506081041,jiqht
1207802039,atkuy
7228444736,zljkk
1426190052,snaih
1791944843,crkny
6187411411,futcp
8810731710,evvoo
4101137544,jskpy
1321947638,tjmti
6206012247,nlcxs
6588317548,ytibr
6968105685,fitze
9323425972,rxila
9706413773,agllj
3069522571,xfdxi
8252875028,hiztv
5316824779,mozkl
3099117457,wfbpw
8561934051,gjtfo
7786455944,kkmby
3007523374,qnllu
9986903231,xzpuj
5105998180,ohymm
5584948475,cgrdf
8881794620,mofli
6320336867,rqnnp
4075399195,zxlrp
6526639287,baoga
7189686415,dgocc
1696533869,mboyx
8404930230,wfjin
9555690990,jnmki
2853992761,mmqru
1755130476,cdfeb
2260336453,okdrk
3096831444,pbush
5205542812,cftmp
1104119766,wrnhc
7551993686,mpcwr
9137710395,efzfs
1336983329,gyrxj
7525424353,ijzur
2954927498,lpwkb
9551378523,evxlq
4416052431,vfzlb
3205824537,rmsnw
3574564410,quguc
9415224129,qjfnb
6902185991,wopmy
5308339283,iylmp
6839692929,hriib
5827564318,bahvi
6493752316,jzbtw
8621248498,omroy
8796230142,zpiou
7000073961,dyyve
6376658974,pjyzc
7668917559,tpxkn
2490187632,szrgo
9093992380,bdchf
7906519355,dtnqj
2974139614,inoqq
8624238856,rxllo
6046328153,iovsm
7179243189,ogrii
1427651491,wjpgd
9264375046,rcoeu
6773180824,duvhu
3393688187,fqfje
2015105986,gnvox
1577761246,anvfw
5249825574,mpcth
9743638138,agdna
1056838489,ahgac
5054496821,nfbwj
9724975707,zfvpr
5450807084,rgiol
3213650690,hlhwc
8770937969,hexpo
2905185252,pbyxm
2182538590,gvwrg
2451874517,naeqb
5240383637,tfggk
9697048393,kztap
1982338884,ngzay
7200303187,dvygq
9160323694,ffxws
9053810188,nwmac
9262939199,pswec
1592477662,mzkro
1614601001,vbqmk
5852284350,olebp
3973928886,mmhxs
7030291673,yodmb
1680245170,nbnhz
2438162145,ogmxi
9395308699,xadsq
3527523040,orqta
6627726612,cxklg
5233096961,eqdcb
1194754237,urkmm
7150344786,sjyka
9469282074,qinkj
9609863780,jovvh
5829330719,bgwdo
7769616381,albur
7092761105,dikrb
7230395196,tyrfj
5873533159,llmbw
6925020532,puxdy
9504146634,phfdb
9168677915,fcdyp
1675197233,dbgpx
3278027196,haocb
4059927876,osdhg
9439684845,smwqh
4464420698,cldks
2216786628,ajehq
1471900934,rfvem
6545522550,mmrtu
3391719538,ssdyi
2947139442,fknkc
6481505753,xmvnb
2206864318,yopsv
9957190626,zxvjg
3030183772,hflgf
4961694848,pfxwq
8920344591,yoltm
4631950300,ojjbo
3983964214,vvzfe
7964796161,lrxjj
4657221678,blkmd
4336813228,kzrmg
7123261788,kqacb
6935648192,yahdg
8827761481,nyhwi
4772476214,pvclw
8954279998,nvrhm
4540992122,fwdtr
9419711013,lqcat
7398592610,enizv
3100846272,bmqhn
1249926208,vxydw
4771671093,yrxvp
8830076164,xzokl
9571954985,vqwkp
2265030660,qcgdl
3115352119,pdzpc
1001870479,mydgr
3888870062,kubqe
8336567988,rabts
7150211266,yjtgr
5261520341,obfku
5705933561,oygpd
1761810984,cxyvj
6869556127,endof
4361289018,hjsvf
1710502545,yyixm
3190914750,hewna
9300992877,emawf
1969718076,rbwod
2829995042,rxesi
8490740359,wdjbx
1047856197,wrfgw
7990880412,fpift
1209874977,zfamj
2391843101,tezxs
7422068942,lxjkk
5272848330,wogoj
5622708771,pexjg
6627290989,lxsji
1143524604,jsxvp
2078056174,atdao
2190626113,omivc
7771291565,ukulj
3491215359,jkutw
1665017613,rqdvv
5614980345,bauob
2675359882,ouchr
2630086656,vkoxa
6656772453,tuzie
6709245974,pvaax
7785792660,xxoks
1193692394,gatij
7928612090,yijul
2922379910,fqydn
3508686665,sukvt
9887590717,ccdwb
4366262541,gdodg
7694358010,xmqom
4223263001,koxal
2881907327,dnbyz
7900142041,rqaxs
1665661996,niogd
1369617734,asifz
4260674665,yfmrr
8778814753,cxiyw
6760146539,jhgqt
3000089088,jdolk
7835949348,nhdjo
7256914152,snpmg
7723988846,pjott
4743303672,exuet
6208387460,kjenc
7738670945,rqlfi
1668103956,ljebg
5319688505,lkshq
8986032950,thvxd
8302185745,afmhn
6194789262,qpccu
3999043779,wcrmb
1569534078,wnlmr
3735180310,nuwko
8390730694,eygle
6957537691,otnsq
3813108562,zucqm
3543569504,ixzlx
5212324728,lfjfi
2393740887,tczit
2384340984,gcdzz
9766608144,gcsqi
2157431375,qxbwb
9184561785,tvuuo
8695281352,iktpx
1568482157,ralxx
2780530945,fwncn
5735418806,rbjqc
8895269651,tvdhz
6576896102,fybze
6627628924,dpehf
5310990911,stimd
9934643431,hsuud
8465429233,rmdgm
5786712557,mokgx
5974594805,dxuik
1410020661,yuihr
3103973979,jnjii
2298368543,nlzow
5930636542,uexfb
9325102304,qyehv
8855379058,knxfd
8884058282,wwzyl
1992069679,bsusg
1955521154,sppac
7290295657,wnxln
8018265840,swfbx
6340715338,wbyve
5792950449,wadff
3628252438,rwvlg
8637558547,lzbnf
5151746768,bnfqs
2328560798,fchxt
4262549320,ghgls
9937466382,tvzva
7571255504,vomfh
1288535594,ghdrc
3890462235,sbwkq
7239508722,wbbwa
2907988906,xfueo
5037390945,dhqjd
5674744198,chpmn
3955949295,welwq
7935307411,yfgqo
8013134250,pwnag
7385283836,ykrru
7894139337,wlgua
4481641715,byuqt
9177575196,btguj
2312031506,yqegs
6706220001,sjbal
2152578321,ecdju
3873518295,essxi
8492829981,sgtmv
2061036725,jdpcn
4294850430,hyqln
5114365155,jyzpg
8778897080,echpe
2619563306,rcayk
5873162041,fcwpo
2445597296,lbmci
9940794590,gdoqo
9888724713,rnqpd
1204112118,cjwji
2411023588,cnkaj
5420484428,smtun
2828750721,lnybs
3202111926,hljln
9925569384,pdqfu
3349815614,fibil
6153083058,oprks
8627633591,xijvt
7727736834,xdyyi
3105631693,ilyub
2688077953,aqbbc
7890350835,uazsl
2698707164,vuiqg
7136304249,adplz
3566403395,hzpwb
9519626361,teqxy
7518711165,omqsk
3129456369,kskkh
9564342232,aobiz
2990883883,buezu
9758027936,lmpzk
4893472717,uabxr
3673134094,zoydt
7774204094,wffpz
2357333498,wviuu
5125745268,uxemv
6438066573,dgsam
4135514397,asevv
5820420263,woeuy
3710387139,cmktu
9174945369,llzbp
5249500749,nscan
8750012844,vaoft
1670365058,senxv
8093298888,ukwzk
3800999947,xzfdp
7619110027,qepie
6060742207,mbmri
4285050884,jolmi
8368531369,chile
6171275177,xhbdw
9871237660,spfso
4753788334,ngylh
1669324228,knbiq
7789570153,vnmog
6061332288,aobnm
3620969289,tejcd
8886406996,jqknd
2737549450,cncku
7690747235,vluyc
3006207577,nuduy
3388946411,tldqc
9535501504,qwuzb
8085538148,ftywj
8705664418,ybumc
4128829750,kngiw
6273613930,auflh
1826244976,asrxc
8233839823,dplrv
9453895470,rgtww
9413446366,fskmh
8028097993,rdimm
1154458056,xmsvg
6943731904,aefvt
5527280818,lybpd
2930291882,yllgo
2275720774,glstq
2415041289,exwob
3721795044,pqczr
7363681172,zyskg
2579613647,fgine
3950963378,hglxh
8143426124,ycnic
2002329416,desnk
3747772075,fdmsm
3588836551,uxfkq
5343374615,qolgf
5086390703,tdxws
7122632508,xnqwx
9665736024,mtxzb
3585966487,wuadl
7247692597,bebrq
1848569080,bnvbq
4968729115,ocnme
6467524799,weawi
5624897626,bssms
2807890238,yugvh
3160673176,thjtj
6759981624,cxbvv
4147555311,daecd
7132334428,prnoj
6186784150,zqcjh
4838971118,opvav
4498062991,bukwq
9873717130,wxmmv
2361261655,wyoyi
3771328128,vgffq
2153420174,ltjxw
6936397545,digmo
6496008763,gibpy
7878046182,fqulk
2606617585,nvcbq
1905983588,vbyih
9425018687,hrdch
6181013934,owfsl
8336105010,fkvpg
5768823529,tnmst
8492103475,mfxyz
2056531608,gcoec
6853435568,mdaro
8514473233,ciftr
9293553578,lqtxi
3630339195,tsjdy
5659596848,dikvn
7339539767,cuocu
2347970120,kakws
4915472930,arazb
6528860226,zdcov
3100738539,rgjzv
5846099791,sadul
2424457056,pugnh
7970454318,oncxm
7558517691,jthgc
6867741355,vfxjt
6981579738,qniat
6629376783,frbsa
1158266521,ojqwl
5175083397,frihr
5207463328,gudez
5617677242,nuhpi
7475015666,zmakg
9269031159,bubez
2626712121,khrbb
6018750277,hyytx
6968946135,rdwpi
6119465867,cuvrp
6838167624,uewlj
8270452199,cilzz
4608108773,lelrr
3782762881,cszpb
2719563927,bzkdl
4063367820,xprmw
4015431610,phasc
5858901718,ksocm
4862623840,hgphz
1210225252,pkjjr
1899994641,zczxg
1367653070,grnmm
5829337446,imwar
6796396803,tlued
3756723653,jfgwr
2081397040,coewf
6532116767,firie
4466249155,lkqhw
9670452209,alhqp
2249303335,ppnrr
9354855665,xibtd
4512017944,uqlbk
6685036828,oixjc
5159490079,efmou
4909173291,uijcw
7128238833,lccnu
6294385580,nhmxl
9009094174,ouhkh
2356403661,fhspf
8618204641,psgzo
1908330041,hodtd
2399241316,sqyks
4094602682,yqgxk
4707615947,bpwdv
7080475061,grisb
3446898554,htjmg
5786327072,wnobz
2639570263,vrgen
6280844782,bibjd
1819677796,mgymb
8952167206,patwy
3103598554,xchdj
3007837659,xggop
5504789279,xbkqv
6894303875,yqdkf
1037298526,vivjv
5973907460,mwlpu
7182446270,awcrx
9910038366,reqik
1629299764,pwzzt
2753637150,cvcsa
1014622690,bdwkk
4172331992,hjiqj
3285818518,tndnk
6525101673,bcfxq
3952389644,txsrm
6054163584,ofnzz
2865690766,jtlgs
9544979466,phdwv
3837158966,iotom
3608416317,ebzwk
1715549915,olfif
3259124728,zwytc
8542594311,qizsm
4792806760,umhde
5926201447,zymtj
7040042317,ezutf
9677501981,pszoq
3404534800,pcqpf
1765551897,guxjz
9979389363,wdubr
3555748482,gzhwn
3010863117,xhaml
9892234174,ohsgg
7155663156,tfjdu
2345813006,jodst
1557257348,oazkl
6465877349,gxqlz
2458122784,vzoee
7332039282,doowz
4475282806,fkhbo
4397205594,gonua
3598117019,tkbut
4793921593,vqdxd
4089818919,rlxhc
3836303642,zgcgb
1383810462,zohic
9899808626,iqkxf
4632991436,asmst
6805223141,lzlta
3404658645,qfwan
6956088855,oftqu
8829991892,lujuq
5257762804,mrhvc
5349949064,dwnay
4466912361,qiwhb
6316224932,wbcdg
9148268220,uehor
1197489203,oymky
9739437527,svtqm
7441370285,zxupw
4628107958,adotf
5763486114,endxx
2198587399,ksjbg
8125527473,afuwa
6633132500,khwyy
9722844670,wmcmx
7099017010,uzwwr
5568285144,tvkjz
6909165357,jbadz
7290402818,sxgys
6770421156,thwhm
8029125054,fjnsm
1982820100,vkswa
6476679241,bmffi
5262503047,trjej
6963357299,hsrnr
6755256726,wwtuw
1943927551,nvxdi
8405673775,erots
3398017836,eckhy
6650777739,dhojd
4738053191,bmifk
5424687018,orpyc
3422229035,vrdor
5027659633,bnecl
8436240294,bzwrb
9975787906,onjvw
4831751051,jibng
8712630638,hiidm
8365431792,lzysv
5425771585,giuhp
4198015594,xazww
7399448737,pgcyk
2557028615,leosr
6938881261,ilmis
8482845808,cupzs
7917859192,fryig
9812284356,mvydo
9576000265,vlkpw
5943978973,zmphf
9033312602,jqusx
7554788544,dgsmq
1108355447,kqipt
1735053376,sjupc
3035059069,qitnp
7567630222,gnvxg
6751379446,xkfkw
1992210629,nowzn
2467997746,ghgix
7048198425,fnywx
1956554792,pvvtn
8208566192,haysy
5498105433,bbakz
9335122562,qpxbz
4834226495,itjgt
2058426409,moihe
3556207730,stjxr
1914019785,pujgh
5626774014,tqfrb
3487657823,ybdwd
7993318168,stcou
3204471173,aqcfu
3547611135,qgxbe
4360301798,ocuul
7952167518,sfgkn
2099551518,wsygv
4543393925,imoar
1082340810,mlbtx
4577195059,fjhbo
9510101400,aosub
9388334499,edgdv
8980106594,ufgcv
5377497261,ahbio
5488964422,qoids
3932266519,szhhu
3539617659,vctrx
9449170780,uhdoo
6501548673,xyhjv
4301796875,uazzq
7611235510,nmdte
1352184465,lsroz
9175638449,hqagu
1738321229,iyedf
5923997630,gtutp
8600121510,xxhrb
8333533814,jvmbb
7002542216,vniie
1274580458,lneho
6275121035,lsnnp
7669372237,lsbfg
2023727876,pzbzg
3872761776,vgtct
2029602991,gnult
3623402277,xzhnc
7348616273,shzcy
8040952062,fcata
2813050974,zyfen
2099389251,xguyg
8551319470,heaco
7064416286,ojaxu
3010820692,kwqms
5782444601,onexl
1914507515,hhwhb
5785177331,rnvvi
6362177657,xtdas
8801160441,iwctf
3406598635,emaes
5548486125,umldn
2789160853,tcofp
4243546408,rtjka
4011187559,jxsir
4659527860,fgxcc
1641638236,fiapg
9407831896,csahu
9727476772,ldnqb
6783870012,afcws
2522949567,jcnsh
8732812378,qdhzp
4714300938,osawv
1886134247,ltesh
8053116403,mtayf
7765880221,ahdps
2026641446,uktch
4721263786,aizbc
2283116595,wkcbj
9444614220,njbou
5709952668,hrvjy
5965864273,uarft
4224974534,ofnka
1488143757,asfmg
1775714797,mwhae
8060371280,mtfyi
9031096038,yehqq
3532490978,eocno
7735902866,uuixy
8428183846,xmhde
8218568888,rsxyy
3777329789,cgvvj
7923008944,zenii
6715187667,twaxj
7923106648,flwbq
8788327313,blpzc
3278481491,kskax
7717249534,xtyex
6714664162,nmmgm
2703642753,dzeuc
6722670307,wcaqc
8041443975,aidbn
6363639632,opsfg
8044936486,ylaha
4293290845,haxgi
1824483949,gwjel
8559164634,mfmeg
4754422400,alrjl
1528747602,hayja
4664834960,nohzx
2663739347,ucfvw
3510804831,pioil
9786228537,kwbar
9522031274,tdglt
9219648564,lhzoc
8628172985,tnacu
8376498098,hnncy
1180354659,glfib
6976948709,hqwqw
3415012454,dfpmm
5549370952,nbneq
9520104722,csroh
3063591356,zjtbd
4006006123,dqdco
7444652618,ihjvh
3835485399,mjimb
6202592897,btbsl
2460748027,mgdnf
8536224143,lvwju
7526464273,xgoih
2934921544,jnfbl
4965332982,glvka
8301621265,snogp
8486443833,abixt
6006299885,fhwzc
5414450429,bypeu
1797650620,isbfs
2948291766,vbruc
4134257521,hxnto
6483756446,wcgcy
7670124847,ulqsl
5767018785,vfolv
8970095352,vbhql
1718903860,ngfnu
6485929339,rzkou
1737325939,mzaxm
9421131274,mgejv
5457793581,gnaqk
2706215825,hydyz
2496078533,lozyu
5827636138,nssvo
4030261474,wqqfd
5896961084,qblur
4249390659,covrl
9527212641,igpxy
5902333694,mgszf
2027765921,luqak
9971662844,cmjus
8891228178,tnsax
8988274279,mskhk
6875048955,scizq
9454959859,qrgqu
1223558097,vhpth
1789736608,wgnga
6562133524,eulcg
4009663153,smglv
7338169982,axlof
3747182279,briql
3564126879,fbtzc
4318736241,czwws
5502985280,jjgpu
3839096388,mumoi
9081252535,uadbg
8675198246,nbvfa
7876457405,nywqo
1280735600,vxzhx
6226920771,pwcha
2212394345,ppqxl
6166557912,ngspr
9237345560,dlvdg
3794179624,dlhix
7636614295,mozvb
5516744501,kpkoi
4298961727,qyymv
7762923287,izoxf
2062096983,jorbp
6809141242,zcjmt
4155835722,rwnxh
3869431531,uaqoz
1864973486,lncxk
2104189189,ahvkv
4930393513,mlipn
8729823934,mejsp
4804662475,szndg
6650584279,lvqlc
4612341172,uebgz
9083757009,ffwby
4252459470,glpgd
7198573721,ltxve
8012804383,bbhfc
8372738510,umbvc
2863349260,gzzvy
5237963555,pesqq
6422201642,ruakk
9786183091,srpwn
4557177332,feuzu
4285630448,ljwbn
6319359704,sknnp
7252063502,ykhks
9915642725,npiug
8106423686,yjrdr
8086105406,sotfp
6795475644,pdzkd
6187410760,geiox
8417466489,gkwwa
2782536784,txdwz
1696412461,ishqs
4163493719,hkrmb
7569839291,vqgoc
2884377936,oylgx
8180107826,lpbpw
6269952614,xihnr
2905593875,iaqsm
3525584240,wwzxx
5291736196,rbsnu
8774098756,tpkvn
8217135614,zzzfl
9609565856,bxvvk
4928896106,uduqc
4002651945,dredk
9584909744,nlxvz
4833757750,jejua
3796121425,fypuq
7723101945,vkauj
2435217562,fxgje
2894440577,fflfs
4341482717,hxjgr
8314843111,qfojz
8421194816,bxtxw
5961298787,uranb
2517809311,ywikz
2502012377,jtdsw
3795920445,jydgg
2960902304,fnzbz
4643884723,rpibb
3773822298,nggqe
1414395213,lsoca
7698466615,wtffr
5391957473,uzqzr
9336458384,dcftb
8289723006,yhcqh
6270673936,jgfcs
9482835252,flyik
5240953817,ddliv
8832749508,irbml
4627227068,njkar
1917994425,uiaij
2668192603,tknmp
2380824007,eilib
6955969493,wznqb
2940646075,zleph
4045305295,oczxy
8328900065,kibnq
1266132270,wetvg
7822512691,rodln
4994807361,njfko
3968108253,wntkz
8960085874,rnbfj
5189254661,aynjc
3101604320,czjas
6981685239,uqarv
6645684474,crxac
8148190852,xzvsj
7652220038,zhsqb
6754952479,kxten
9726155754,apaiv
4661131443,kqyeu
9099922866,qvfac
7415399299,kfhrz
3880502782,shhpy
4023796886,tjoif
6231475136,iyupa
5619202004,sldvb
1469948484,kstwf
3028986595,kruku
5340085484,xijvw
3856333794,yomyg
3339793676,xbefa
9654715968,pipyh
3211037043,rbuel
9263932100,fazes
1589635596,gfauw
9059894715,myxeg
1925288264,xxyjp
1335290665,etjft
5700583898,vdhkh
9256744640,bohyc
6852180687,leqdp
8138800284,dbneu
3653632383,lplux
5216403862,sobkk
8737466880,rriip
1914032707,fpzxj
5301700790,ppzho
5902273145,mfwho
3521581400,joiic
3571669200,jhjeb
1941174726,snmoh
9705012258,agvzy
2175393819,egirt
1057072582,xvwoh
1202489545,szrno
4709223776,fcjey
6869553156,brnid
2986782677,acmve
7222478049,sbgge
1239584885,zxyfy
9768998048,fnlni
1973557934,dudki
9597312064,fduld
6752023378,bptcg
7266697703,tpqqc
7091828349,rdxmh
9396052760,yuwew
1743937676,laktj
8869666421,gksml
3846607771,ueglv
8751047334,vqffv
9048042207,yhgdn
3547203961,nmmag
5331087635,djznq
2772740336,zqktj
6116079788,kkztd
7271736510,adona
2606739587,rhmfk
9051498281,scygh
8995501142,hgqrp
6240018959,mbcnm
1596469727,djxio
8922639104,ekunu
7218647080,sqbjd
1691532278,ufqlh
9574073245,oovyf
5523174888,ybtye
5000528451,rafvd
9676048959,ggbnj
8611367228,rivml
6771671949,xjbjz
6531830355,zlwzx
1451597237,bmuza
1975886688,grscm
2573115840,awiby
4149135629,pqtbz
9571975807,cgoos
6183275008,xsyhe
6000416476,cmstd
9829837063,xtnab
2417389290,kkdyg
1225164544,vityf
4132302048,cnszz
7051472889,nbzvz
4371621175,qgqfy
9277194712,dbaej
7092516615,amzmg
4566593008,cqind
1951753898,rhfwl
7829470049,sbfkt
3847004779,nosit
4553862788,qmzrj
2334898892,uscdi
6306071606,rsgko
8125641972,bkapl
2819975107,wrryv
5616577514,bvvnt
1508538264,mssza
6922147738,jeaiz
9615063853,vsjvx
4663251151,qjimk
1769654803,fczze
1274067659,vikuz
5746246451,dfijn
1519353044,nrwwf
7610518087,gjrue
1700168339,smkwt
6726629941,pwflt
3665167114,cfgsj
5436740653,psxoi
9723565423,swvye
5457830625,bhosw
7698497266,zqraz
7597928317,jojee
5080665052,mmfkj
7241541434,ofkmm
6223758697,txpzv
3008690573,juqvf
9869197339,hhpzx
7404598432,qawda
7613958578,wvwyk
1846942466,gdqhw
5082509589,lfklf
5716353107,davfp
6114808211,xrfzk
9573399706,ewzuv
6172348347,dtpyd
3553960621,viljb
2158541324,abuks
5571971165,hvdzk
4358467202,jwfja
3898672386,qlvdn
4029360406,jjspl
7078737189,huhna
9479630896,rzgpc
2676458376,hdtaj
9928248241,tesbd
5900403282,nnvex
5402515536,fgtxb
4240744360,alrgt
9632233222,afgim
9655773315,jsanc
3652069523,jpovp
4426159738,rkbvg
9505479399,ydlcw
5525936685,wzaoj
8100874830,fzein
4942678462,htoqg
6082915564,rrqzz
9915900480,cbvmd
3415088872,vgpue
9956193724,fbqia
3914898123,zerqw
1866191952,cnyth
9621075715,lhofk
8860813033,zjmsn
7173923654,qtuyo
3035382981,tmrnc
1188650111,sllqf
3055469510,dhkqx
8797785927,atedb
2354314706,vmgeh
8806459551,qcook
3349071731,cqavg
3489678668,ixhde
9682346745,saosl
7364013205,eznay
8623490416,wsaxk
2290216188,rjdni
7916416684,mqaxc
2587806381,igsry
5006494602,omnmu
5369001987,pnljw
7241760210,psytz
7427148647,tvfkr
8854989677,cvbrm
6453593561,eeeol
2199544055,gwvjp
4151774893,wkbub
2370287988,cvxay
5361072292,bptiy
1645422893,pdzlw
3681336252,kbewx
7614139514,buywj
8003927251,jrqen
8243483933,zexnx
5150815424,bnfkp
8264056680,gicmb
1568354289,hxuxb
1608462374,wxyma
2211531402,oniju
9670369472,lavfi
4359519060,qncfk
3901234889,ipuog
7956044487,plcwe
4589540442,oykki
7430311897,nqgle
2589056684,rkkku
1298410729,dtoup
5933980692,xerxj
4745986902,brckc
3456698244,rpdsv
6732536452,osdjx
1423180796,jhfuh
9710554667,bzypi
7879176999,ltldx
5657758529,filwj
1054075438,xhvfj
2310328677,mjukt
4194579992,wqqgd
1588107340,ohean
4410019532,wwbyt
6069641379,ysrtl
9582504616,cjwok
5023205640,alkzc
8650518320,cwfzu
6203389666,skere
4585191060,qzhui
3598985063,qossv
1197147663,limgu
8984653132,dilld
2943558629,ymqvf
9914137048,mexlm
1657594679,uturo
7879991083,klwni
8422962904,dnxuk
4364151483,qmqkv
1114793652,lugrb
7624870036,mbjfo
1056680143,kkafw
9480053196,mitsv
7120099599,gpaac
1220467128,feikn
8936704523,jnrby
4285114761,pleue
4047159194,fewsl
8830602918,lvzkk
2625649489,adeuq
8720946833,ynwyg
1101878885,vqqoi
5293986196,cwmea
6621634226,ovokh
9706882612,btslq
8557601299,qdxry
3337185341,ydlee
7247611549,pfdpg
1964856514,uegiv
9086905944,lvyrx
1170306472,bayny
2137092412,adwuv
7811199844,sofsz
4333073843,xzdyf
1058383564,fhdjo
9545530044,rzfew
2053755832,hlkmf
8218865028,sqwxp
2447576328,exjrh
3628532768,vbtex
8840148189,pakqc
9625124346,rtzvc
9234497373,tmykr
3651577959,mgano
5050314591,ooeud
6316300086,imwwk
9787415167,hhjll
6120572325,mwghs
5787844917,bngkl
1492845811,didrp
4316281147,zmqog
9887692633,tvzff
8210969598,letwd
9255182758,qlhiv
7358477542,gljce
2101364829,wmmhz
6756396140,rnwzx
3221560263,cilfy
6520281316,qjutu
4077376200,sfmbh
4088794979,oaeho
1970837515,vyecd
2725521384,vkjdb
2660902265,wiuqa
5575740374,kiyzb
1114194560,tpkrx
2950999919,tmpuy
6969775991,tnvjk
1594671110,jvawd
9908294813,bgkza
9442385738,nkthq
5650389635,nntnw
2290356090,eedsk
3628694601,ahirr
6539053567,wrdwj
2792243747,awpjs
5351950597,livkq
7839851721,yhufj
7065269327,vadsx
7479535976,bhwnh
8824179312,nhibb
6435284832,hprcf
1830262373,ijurs
4050561010,glqqb
8243937665,xrwfw
6075904839,xfpyc
5366937708,uicqj
4120219931,xpsru
4964454181,bzunc
4487191220,kwkdp
4855126120,tsvva
8205845227,sjufm
1417442341,mhkme
6589301200,wkgty
3018797156,agabl
5970299928,ywpox
2311358630,rvzmg
1237611938,lpbku
5716164386,twlho
4246247396,rfjqj
3216826593,ouewo
8957437614,pkxzl
2149331080,bbgrx
4061044271,udkrx
9022911489,mopmb
8491020559,bthro
8814408798,ahbxb
3655911023,mqsya
9975806569,rkdpa
4644724342,bgalr
1994888774,ozpaz
1974825797,omqxl
7687619704,thcgw
8900252809,eyhxo
7247123237,apxmw
6926282591,rgaun
6757111776,dxpxt
5160511098,ciebo
6675716925,veypt
8960630890,ugaot
2486734410,mfsjk
4577740901,htfop
5639094502,ooapv
5230175861,evegd
3757869577,ygozh
5071536656,axmmr
6162815190,bnvyt
2071890260,zfzws
6542813694,zioiw
4340786022,mvmwo
8052839225,rvsod
6905594195,iyans
6867358064,pfxld
9495169179,ptmzb
5281694201,rhdis
1545244098,dhmcm
1263838331,iyhav
4899436882,mxbyb
5975396744,ygfxt
8254114820,tdpbq
8684719224,kdanf
2729769717,ckkdq
9697403222,daubj
6849407032,wrbjj
3324394149,micxw
5541372584,jkbjc
8735146923,fgozb
9376857367,redqg
6792697792,dsxcy
5624331101,ksmue
4001341489,qnutq
4645833270,qzmty
9314874877,jokog
6184716087,uqhyh
3095923372,qpfxt
1600541356,ulmbb
7604402367,lwiku
5361608765,ozdlr
5971063050,gvmsk
5697742412,tgamz
5062747916,cbcop
9323767305,leboa
6115536222,fbwbi
1372470681,bbzox
9397467142,fteue
8165962159,wrmyj
3555773651,lmzgb
5147683505,gilng
8327767176,dtrik
9259313244,nyugi
6889380953,ylllr
3618336407,ijkcf
3760484169,inrby
6475244766,vvmwv
6978424779,wjwon
1353531872,hjaqh
9644780223,mhsxm
3825911731,abhsp
8269905547,cwthj
1627198396,rvajl
1881312327,nddkj
7978992532,nhlvi
5718552101,rnhhz
6605804354,cyeog
1231225009,utdae
5292053230,znkvj
5794408544,gqjlo
8262410402,zgslw
2338370569,evyga
9099565292,gordw
4301668738,dcdfe
1941868383,elvaq
8607091808,bontl
5240218546,mhaja
2177481732,jubtu
5096572866,fjnbc
2716142814,hycoo
3545107476,rgtzm
4218643491,vigmu
2084939459,lcacg
8840680784,rrjgu
4464902031,xfngn
2187885661,kezgl
9612985427,gnjql
6401862247,oicgk
5373486234,fbjxl
6571650961,waivl
8094842975,ytmwi
9268023096,xutkg
6863757681,athem
9307996282,ednnn
4740209298,ctkfs
4316350902,chemo
8960670853,svkxb
2189851443,uhsvs
3898758747,qvwse
7052154738,wfjsn
2946327301,tlelb
6238216775,bugap
7124026305,kmkay
3372931364,kpcag
9590556822,gxwnd
4647443095,wpzvc
2555351197,lbssw
3313158362,fgjsx
1459930192,mowyj
6281243768,bhusz
4981943773,svwrb
8522635288,epkhh
3425872922,oldny
3070913722,kwhzl
4634941036,vvzyl
2940932444,vyopm
1566045326,ebvmv
9557298697,caiiv
1815017726,cnfmb
8472158908,dztqa
6617831916,clkph
7762914844,oizgb
2248834192,iojrs
7985948643,lsytu
3396761515,nvqsg
4158577800,golia
5156409635,dcpuc
4483161516,dxezo
8078734371,qppjx
2872346200,gufeh
4962458871,jeaxi
8889752743,tbiol
1071070519,zuvyc
4695363459,lwhpm
2625038983,dzlak
2314271885,uecmx
3197076905,zmcyf
8829000106,lewvv
6619363158,sknvj
9424859163,eomjw
3116177088,xooxb
8910784518,wwyho
3482792949,piqsi
3729998844,alamp
1731764601,zbnbu
9622028939,uznct
4044258765,mxgwp
8179891223,ycksl
9616898306,mdybp
5478851823,txesu
2907952927,rzrhp
7350046989,ffjer
9849167214,fjhhk
3988051977,nmcxd
8029969649,eupig
6302815430,ohcif
7504711960,dhyza
1633497217,jhvnz
3710432339,oupbp
6544323072,zdwas
6979742160,isjgy
3245366737,dzcdd
1336839466,fytos
7596293272,qdmwi
1805073569,umjfh
7890594515,kjiog
9020809175,hfvhs
3871254950,aonmt
2633233889,aschv
2792722335,cwduk
2183458594,bljow
4284166310,rfdrn
3226512226,wrzxc
9894765971,chexv
8354437400,masge
8101506297,kogly
3320316975,iokha
7582111061,lgtoi
4112351878,odxdc
9709483005,istlg
9791881082,gewul
1628797272,ymblo
1843442127,thkud
7960866502,qtlyy
3199804829,zusko
6653379944,zhguu
6265513039,nsbev
8834340547,amygu
4497914820,kktyz
5769910335,agmjb
7192180545,wvima
9903519317,iwsbg
7497637642,yxebv
1859692239,sseqq
1893107452,ssrjy
6065039854,lvbgs
3732206980,gjhql
2196694200,rmyyi
4937139576,iihio
3826907102,rvonu
1732272007,obkrd
8544578391,cexas
5129184477,higpv
2485064214,pnccn
8496155854,wwznq
4347834159,sfcwm
8833179987,eqvvu
3858328015,hbysg
4648648012,qbfdn
9142673119,dadgc
1877785710,gdgrv
3490921043,kahkz
3456440324,epcbp
4274163026,hnyzg
1180064383,mfeag
2127469682,emqwl
9049107146,zxwki
4346904115,dalvo
6135658014,wxejj
7700564241,dkawm
1232849771,hriao
9801977625,dazkr
1172443670,xhrzg
3822094671,tecqp
7141545270,yofvm
8398568255,vmuge
1584966720,xmckb
7549806477,gffze
4364127036,lwqxl
2940357436,xcfmj
5762168381,iyznr
5282254196,dxkfr
9009563245,knwvo
8743935436,vkdoz
2161431074,tgtek
3848609648,pgpbo
7034413108,wscwz
5937892256,bcpyr
3782326362,fauad
1484226285,hdlae
3074151695,otirg
9851278778,ztzwz
9074373845,gczvp
8093587139,brmev
5206461207,lxgvt
1925834028,blosb
8929883341,uepub
2521096495,bapqq
6543346904,nalfw
6879279793,yusns
5322185237,pydcb
5136663280,jbqtl
9606323276,gwboy
6333614624,nizuf
8043445310,sklgl
1123895829,kwily
7856524914,jmfcp
2398614188,ifjax
4124807732,ovpnb
6761752270,lbghn
6165866496,bijpg
8999922522,ebhqh
1932264332,flrpo
3302095517,ruubf
9843231811,rcazd
7712763192,pnhxj
4566384717,qfqja
6311703546,mvakq
2425627276,wxhsf
8667218478,ngjzz
5118823766,eazpl
9047407929,pyckw
3822350583,xwemi
9253495283,iqlul
4994396692,imukz
5874981333,dojyv
2317432306,ryujf
5282026102,rryhd
9491283640,trebg
4728407111,aixys
4642286988,raevh
8536618698,gmeti
1073274793,skrsf
1158753640,ucosl
9294272811,jzrfg
8990277769,dypje
7643907832,rgkyv
3883290720,xekhw
7075097052,fczmi
8987694562,eanmh
8410041365,giern
5582531253,ircdw
3242874071,oyoxb
3944651014,fcfgm
8583730065,zsfwo
1006910321,mwgbs
5278594261,xavfu
5951106139,jpsur
5797587529,fwxqz
5310928320,yhptp
7612340965,bayog
6258982142,eeowv
7855160550,yljyz
6144027319,kgnnp
9912491730,hxexs
2911982573,rotfl
9401600693,dqqzo
3256765260,hmgao
2358967358,dekxp
7755321676,yqejd
1816120266,ewkiy
9401092470,oeuzy
8623530434,jqitp
5918817732,disms
6052798787,eqgcv
1008912928,cstgy
1406162242,dtewg
2103366870,lqxij
7418381061,kcxpm
1447435498,liitb
8957561296,alhlg
6496206736,gcgvg
7907212957,nkade
6890714872,tkzbb
9548655746,njttk
1893875996,iwsnt
6424610830,flbmd
6245504672,msigq
4291346398,enndx
4058062259,zfhgo
1467497856,lecnw
1730817013,eqzpl
5268469668,foovd
2393284179,lncxw
6729401941,eblue
1336010269,ttdod
8272114692,qqlza
6166571177,gkldr
7342172149,vyugz
3803371173,oljvb
5155796503,htqmc
7867705656,qazan
5216661780,dnvcn
7063251700,ymqyk
8313503226,irxol
8203646281,kzrza
4427767243,aggbm
1106916023,klwuv
9446355438,gykqv
1590772302,fgxqk
4675281327,pjzed
7767533058,vyrna
2354128553,dudxw
5845739847,hmuky
2625019972,dqmuh
6173168525,uvemy
4463773206,dsyha
4335524670,ibbkm
5404025271,fetby
2793568806,ihflt
6650592832,gcqjp
9119176881,lsrdg
9263498751,tmngi
8173715131,bmaaz
3830714852,pkdee
1851185574,gephn
9230510371,rsbfu
4836647488,lszxr
6034866744,exlnd
6339914048,cfyuj
7058212700,xzquq
5430754782,dtuux
1286885078,unqsn
3137233671,lvbbm
4377799262,kctsj
6571284349,iwkgy
3740889026,qnprc
1850219897,sqczq
8932792795,rwrly
2918067615,qxzov
4633572842,hcfyx
2580527312,womnl
1264190428,iszeq
4249942364,ggjww
2860961976,sjhev
1504415504,eotud
3075400826,cqpes
8509304899,zqwnz
4841757520,fowvl
3705315433,ptgvm
9007284945,vdgzg
1882628882,locav
2176277260,sedos
4865893332,bryfe
4124786859,wiwfh
4696399814,mddzf
2462500694,kimvm
2880606988,efgmy
2523260770,nqtfp
9410795264,udbfu
5855241002,oqhry
9064949970,oclrk
8828919962,exkke
5527767510,apgwj
4140851834,cgzfk
9486911791,rxfmu
9490010921,nggok
4933857779,lugap
7237583724,qbsay
1042248621,wwyud
3119434174,esnxs
2307048747,sjgrr
8388014009,vcclq
6091485538,pqlud
2651826202,eltgh
6633917981,yvaoc
2933735801,juetk
6874998119,kpuoc
8717914081,vgtbo
9011816237,buwvj
5432165644,mldxr
2205006930,mqqgx
2982867160,lfdbl
9114487157,xuejc
2035358216,rljdg
7486983009,pscxy
5384272201,rwonm
5681311621,isfoo
6432022176,ukjcg
8819006281,obntv
4553175106,jkrxd
6341415629,eqpjl
3501142822,noghi
4585373946,pjgiu
3966235608,fophd
6680959907,rrjlp
1625638333,fhjwg
1511208241,yrhhi
8336039784,dlxuw
5501965720,yrtpz
2014275900,qlytg
9829900455,vsrea
7673668109,gplvw
8238970843,dwcos
2585302672,vuzkr
9419237698,mtjca
4616261497,pvouw
5457994899,patjw
4361341174,ivdxt
9316795829,zpili
2868634047,zvpdr
6289603589,onmix
6308618448,ljsde
2767582634,nkmci
9748505768,jwhnv
8379015804,zxfyb
6943802854,gbybh
9310256870,ioyxq
6425766182,rsrqu
2786628053,gnyjh
3353403792,lnrop
4339084460,rzuii
6386231342,lnizs
1683093641,zxxqs
8099001889,uxreb
1426947020,qxkqq
5612116007,lnkdg
3570184505,quuwd
7319368032,flkya
9905520255,zjdwj
2174293113,jeaxl
9951648566,bhtqh
2888214840,vldhm
9324052417,vcaea
8736748650,vcdzl
1184857384,kawlx
8372936207,jbbfy
3471643697,dhoyq
8300806532,dktif
7221231800,hhnjx
5360899028,uglwp
6161566915,ugarl
7683585968,epepa
2011263523,vpyvd
8823987625,piejo
3133941038,cxngj
4193618119,solbn
2612344360,cwwhy
7893381575,uuhrh
5366145152,lhctl
1521907649,edvnw
7020004733,iqhid
3970641523,cscrq
2470334177,gwurz
5725636233,tvpte
4440635060,gxtdp
5566647839,evlry
7966419410,aqneg
3388483217,rmjuh
2364346256,kdrfn
3813797018,cdxah
9343105000,jmlas
9381859760,uieik
4468344014,eeqqd
7729112594,yexpt
9618413294,bqaht
1573534804,wqtpu
4359082791,nhuft
6362896413,tkrsl
5497264030,besde
2925869009,awzcd
3074069194,qglna
2333171448,lmwjc
4987477594,livjq
5911281417,bevze
5938267350,ppinc
9727227238,tjtof
5707724858,pymdz
9272239748,igyvu
7456806861,guzlm
1556902702,lpvlh
6886703240,rtddy
6048248448,wajmb
3023924635,nmope
5748453714,jaftj
6786497740,loqzm
9451160697,ayakn
6784947099,afskc
2809360752,pyznr
2117150739,hmyil
7808427189,bfsia
1199345492,mvnua
2917770642,qohln
2950256121,jcdnl
8415945569,kymfr
8858479484,vrhkd
6652015875,fikgq
9270665910,nckxa
5326787536,sgfvn
4786051928,wwtzh
5871773852,xwylz
9578040844,mmgcb
9016053356,kgadx
3436667049,hwyef
4955588761,pssrv
1386933945,vgpjw
5652928670,npyam
4108897127,pochw
8370662813,cqtqr
8018731642,ljsmb
9222187042,evkys
3216650216,diibx
9977954693,biime
2356518402,zebgf
3509139712,dxjoo
1053744110,lizxe
2346103376,gtvef
9327574442,lasmd
9963633945,bbebf
5042672522,whsel
3304095261,uboub
9962080308,njsmw
6282894687,ejbvi
7146813223,ihdic
6792456011,wyfmj
3355845741,kmljs
1009533915,skkwl
9815735007,cvsyx
8261517103,ptydm
3244403472,zqggz
8802655917,nllhd
8230534972,vmwjq
6867736198,cgjmg
5875119846,cmgrq
3015624953,krohe
1227391454,trrbr
4995306678,xgnru
5392847789,xcpvq
3917898666,zbjbf
8890569620,jitfl
5334966534,tvxaj
4760301067,bjnwq
2978371500,pnfjn
1377291251,pqxmj
2871377356,hijgj
8802636973,qfhsy
7695821046,evrxs
9220014771,gbfhk
9691705814,whkee
4161686528,appqx
5417732920,letvp
3634364590,cmmyz
2505253587,lcarc
8136057498,yzwnp
2626532419,ugwpr
5184582130,swmic
2649467784,xowdo
4430964015,phbay
4917340684,rpekv
1889445375,bomnh
7910311722,oepbd
8209265048,tsybr
7364883474,tyvgz
2684884750,xdvnp
4515321873,xyecb
5620718945,culok
5079401100,bczcf
1243837050,vdugw
3331569968,yavtd
3645275778,wyeax
5392635113,lxojx
7924841636,zrirv
8958839696,fcbmk
3638810818,dtlkm
7280535738,huvzu
1975102179,whiuy
5033054083,uwxez
8206770097,jqcyf
3308527489,sbvar
3073148724,gzzfm
2723826058,lyxvd
9185410141,mgwfn
6627278336,iwims
2986350363,wpmjo
9475832072,yuuou
9485849253,nxtpi
6452984783,wddph
2327734583,mradk
8109140125,hwzqj
3868877703,wuvfc
9369983610,xdntf
1537375538,suvko
2975557093,rvltx
8135346294,vnrao
8899115990,xxqlc
6411880957,fxjsf
6372993671,utxap
7702909796,awohi
4941815292,ejbxw
2297297383,czjzj
8706091670,whwuh
5238495152,igyyf
5561091518,ruqte
4431111344,nfsfu
1433967064,cwksb
8449554211,okhjk
8362713243,elxtl
5919007840,pheea
9165037326,fnjct
9115411723,yxtmn
8442003621,lofoq
2299941069,gwjnk
8693403475,aiqrz
5731411696,dqyly
7383877269,jdfvw
1032809518,xplcv
4646608891,xfikj
1765267354,ungbr
7623088111,qcawx
9551472329,ttsyz
9472162716,kbxmu
7673699577,cybqd
4394351936,rzekg
7203838655,qbxmq
7153409511,utpix
7475924126,ubxbj
8503934675,obmes
8121882407,vxdih
7935053570,ukiys
9066066910,gshbr
6742528085,gpvpv
4913528997,dpwkv
2779019344,oogrl
4765354823,ntrow
5117143539,xrgoe
3787819756,clann
9093394080,tzykf
3084849683,cdvjl
5811015646,hweem
3682801063,wmwbh
1693423337,fpaxz
7553768325,lzwtd
9028132825,lymlj
1529841342,okkkx
8084786900,sjkxx
8024041750,mrusb
6310394878,fcvhp
9306934280,dqsrv
5341155625,iivgx
5415141913,mnbkf
9936896150,pagji
9341666191,dnczn
5828387972,mozpr
1575959561,xodli
8605982756,yjliq
7842210641,lciok
2911407967,cuybq
9974711505,tpfxu
9608707453,vpdjn
7656604085,xcvym
6366323974,oxapc
3743916552,tpdxs
1553314294,dhzya
4611015436,xuesw
3948522978,znksm
1241425390,cbkqe
1756863633,jovvk
7882986289,bbeum
3674024172,ceqtf
1997764130,fwkvd
5531967341,rrwxc
8451946796,yeqad
3725815873,ugela
7931694096,ygbpp
9283339882,xzsoa
3646875894,tthhl
4073112475,cbgwi
6068847429,qxadq
1479311988,lyrhi
4586756026,ngojt
4934191253,eyudb
2318339716,thype
7286502163,stcgf
9772389316,qyhei
5148944260,rlzmi
6423270018,nddjk
8211439853,rgcqw
1790599289,jqxdd
7425163454,untrj
5457237312,lnlqv
6479251904,itbxy
5461523388,vcowg
9309061805,eqhrx
6479618287,jirsz
9828003994,ndcll
4625041839,kvcjo
5528855655,qygmy
2955164361,rarjg
9492237849,yawfu
1771325277,zsgax
9052970248,pkzko
1572586548,kawxr
4936700081,mwwcg
5781999903,duujk
7080836232,jjyrq
4597239993,zhgua
4172445039,qemex
1554380274,cqvds
5254037418,wmwan
6710045500,ojuyv
7880490422,cykxu
9354489179,lpkdy
7959493481,cjumk
3975724874,hmizj
6568481314,bsmda
1825412027,rnmqr
4356913239,hngqt
4955321062,ydoqh
1906282444,ixpzl
6721534847,aghqn
1362236676,lokeu
9152585636,pysud
7623846924,iahgl
7006356048,pfnmo
3684781997,qohlc
1784749712,gjkfj
4327636965,xyoib
6986887747,shwmq
2822078807,cpjnj
9329665704,veaie
8463989917,zlhqa
3077309076,htaej
1566338571,imrnq
7495525602,usokj
4943231282,nyxlu
2575418055,bqikf
6788982293,dhbes
9196332381,qgxbv
8109880986,mwkhg
5388625045,vsxkd
8470469591,uaxmm
2004374167,luusf
9563753145,vmulk
8951654394,lkvwy
7875056852,jbonr
2789523934,pdeyk
9083159853,ozkem
5624310779,tosfb
4603697597,kpvor
6868747867,tvenq
5877369022,nscgk
8273921398,icnfq
7494014179,lklgn
9173301887,myvid
4108757431,lvqbk
7498049253,jzkdc
6621857034,phyoy
3192430993,smdjd
3599257763,vvxct
1385833634,rbndh
8292415115,zzhhg
5490007128,ajnay
8654917984,qfhqr
4190521139,pkfku
4043945179,yvzel
1612626721,opozy
8494965883,cdlqf
3113648186,zjwih
8932746936,njxgd
4756506986,xsceb
8442351680,hwxyf
2603999958,llwmk
4559666362,fgimm
9460690895,unerw
3041405083,ssndo
8840103175,ywbkz
8328812328,riwyk
4162136743,veufp
1020786310,wuvdt
1860083521,xihdl
5077197263,gwflk
9384983766,qchrz
7331749459,ugjie
2456598574,mnume
5837081013,lfgst
5393929700,keegc
2847102232,cazwn
7312565474,fyorp
3041400049,dwwhq
2695534733,cpruh
1378560057,dzppj
8882337482,oewtw
6521133177,oevmj
2741240615,wzfxv
9034126574,sjlpo
6975955637,ofbhx
8838223272,opbtw
1519754395,ftdej
4394182582,oacqs
4681710008,lukxf
9980011130,szgyh
1769554478,qcwwq
1436298529,sljow
7490780106,qswyo
2731510404,xscvk
5980333383,blakc
7745085171,wvdno
4441700327,mfuku
2215797824,yjyvz
1191253468,gwucm
1534039044,ijlvy
7852799080,unauw
3589204295,ycmwp
5204096985,pbmtt
2835932134,viwfi
5109761047,yxvsi
6978262343,tppxu
5615138729,bbacx
2900021671,ouhle
9818212866,nvybq
5934644631,dwosx
4647174594,arnfu
1522726940,icuhz
2640619057,vkmsi
6206517323,ftnuf
8289154825,dzwao
6949426964,lcxbq
3181133638,qhtou
7118654730,uqcoo
1945632807,xsbir
3459848633,wtcoc
9257862764,plqhq
6347879023,wbsjd
5089203281,lvesq
6436538226,pgjxg
1047440069,tfjrn
6415561214,dpyyg
5480186757,nfnhj
9729159630,tkpdp
2149445977,wqtzj
9377226008,jxgjs
7597760054,avigy
9453290691,atbak
8109430030,rlhfk
2197021464,tzyyp
3069200908,moiat
2065886022,hapao
4377842922,oredt
7833933145,ntybj
5175632701,acohn
5646065036,aykdm
6117265114,fcryq
9777215259,wauxi
3136463403,ldnux
1963719413,yygiu
3786540822,zgtur
7370352135,esgqr
8256336120,ysmtp
1201665445,smctz
4606776192,qnogr
8416737868,wagku
3787758326,uqgqo
1274836695,pzemh
4014665747,svxqi
3129325316,odaio
1608562009,iivdi
4198944841,gcpkt
3593798797,meoyx
9640379205,erdxr
9224181331,afzuo
2616422506,zedgu
7290650973,idyja
8992754505,llxtl
3820905534,tbeuj
9483081776,aatzk
4692547097,rtqmp
3713433436,osfqr
8169494498,isvcv
3157925900,rtonl
7690506376,jxwfs
7370787498,cowtu
5167014988,nzzjp
7999186433,enmrw
8365593887,aqmkm
3577242942,sojzp
8209327168,hufuu
2902948554,pevux
1606103694,hpwde
3380127131,yusyv
2698812976,fakqm
8027151928,fwjst
5065904262,lxwro
6661681151,utiix
6946486810,wokib
5781327778,ehozp
8261103963,kraly
9476141918,tkief
4073951814,gqrbg
4947624963,iwtxi
5247389556,wjdsg
8363185087,icljq
4117492793,zlryk
3487450008,nitgb
3955267583,bxzfb
6950059415,gjiws
7691121957,gykjs
5002132629,snmce
1000659261,uczcy
7793868783,iwfwe
2194023563,iiycx
6013400863,igjrb
6045383057,ycsbi
2118483532,yvuzs
4488595670,rktdp
4473132179,skmgp
4214195871,agcqq
8383009931,bxoys
7835195074,teuhr
2886510986,cykpj
5773352747,brlaq
2186988031,ornff
5770533220,opfjf
6745042626,asrjl
1168154577,rimif
6859353528,qebiv
4549021771,mbobm
7491079807,kbvdn
8243773601,qgymk
6318881118,zhwzq
2243883282,hmojk
6696569690,rfxfc
4478524437,brgmo
7784222163,oosvf
2655509076,zgezr
5013840632,omoml
7449626986,djqen
1255883461,kapfw
9179584709,djvdm
8501510062,kbjbn
5962761638,elddj
8560226641,xcdmi
6249712369,swmlc
8871984486,pdtnl
3654541522,dbmjx
3168280334,onggf
6273869473,lpnqj
8613551917,pbnxj
2762727384,feyxm
8651815249,ppvyr
1744990680,zobmw
5535039281,wyuvw
5129138058,pcadg
2845042899,lpzhv
8511405993,sfonh
8865813187,hsxpq
4700905542,hlfag
5739518974,fuvag
1711456562,oeocv
1851874955,vjtgj
8423323816,huwdh
6799929293,weryl
1398283985,iqcyb
9087135648,qsyvx
5291977928,obuyb
4130563067,vlucv
3272668191,buzyu
7422676308,gbgnv
1841903540,weltb
1233268196,xbztl
2345984047,dljtg
5880001031,fyfym
8247306316,ukkyo
5799913153,urovc
3122721682,iybxx
5039839518,uczer
6578461989,wmsda
6138891334,domgu
8301442178,oztmp
5415615425,cfipo
9869724926,urgng
9120082762,jnaim
6132664436,lfytc
8490074484,bgkby
3389040991,eerhs
8599333900,fteet
6663021633,spynl
5959982427,muvkq
3932223745,jklnj
1972653333,skegc
4716947600,snwkm
1168662667,xlgmv
8497622176,cznot
9272639020,cpxwm
1698353768,frbwa
1547082895,ysxsb
9634296779,pqgyj
5911995080,dcnkf
5512765469,hdiva
7652721233,gbpin
5484625356,luneh
8072618916,fedqa
7640369824,oodlw
9524196444,jhfqz
2752188703,udwlf
9272584520,zmicu
5530797594,nkchw
8499384833,kekhi
3335069436,kibls
4350223161,gbhnl
8698479227,gygir
6993919304,knpzn
1458363414,bpcfc
5276615380,xlook
6234232056,yrxed
5620742610,ysuyc
7505697452,lwtjq
8569612252,aezrb
7754329285,mhrsi
4216117310,hgsxx
7790607394,pbfnf
5345091750,olnpn
1484211910,wigqz
4715856573,mxcnw
3489903462,tmpvm
1799679223,tcqqb
8650486410,xuboe
8723292636,qyfys
5469002797,elxgq
1025889957,insdx
4438315323,xxigi
1372607785,ywopa
6544026726,hyova
6601038509,bztoz
8186042496,bpaei
5010423005,enhrq
4214627711,bwodz
4290307305,itnrz
6299682813,gtdef
3434443653,sktkf
1494171696,yazqq
6251091596,nbukw
1223040927,hksfo
8261691376,ujort
2838443931,igzzc
5785901625,dugxy
7018520705,dffhi
5126626979,rlgew
6231171266,pfuxg
2337084557,nidgz
7720917923,hardi
1750039852,bwcxa
8947216715,ipgfe
3884728457,ooodw
1184457229,mkfmm
2676491007,tuyzz
9022430519,fqrcx
1549671217,joguu
9116909152,puhdr
4747855331,pqekk
9537191441,lkiez
1436339127,vzmhp
7321276398,jocmb
4402763952,mmwvq
8710198597,riysf
5777207605,ilpoh
6508226221,qioyv
8212981864,uzzgz
6317391065,hblyj
7423931458,pnytb
9454901794,movpv
4043294596,dpbbg
5990536571,xofrj
6285844665,pgqvs
8896789722,mjnwu
9996041265,klkvk
3851886455,flwts
5673181800,njkuk
1024990803,iaimd
7592109423,qhaxu
2667298661,bluqx
2377040535,xlsha
9206793992,ncpra
2532015145,sthmm
2223813377,pugxk
8409018661,lnmuc
2927984819,ebtlx
1118517050,jmqmq
4590038618,gocqr
3981463420,rsxqd
6574824985,rvrpp
7782265508,lsxnu
1491136563,gqbps
1971853885,wjobn
1940384429,xsksz
8509387649,grglt
7958839997,ewmne
4512994559,zghgw
1205020350,zpdss
1090354538,jltgs
9158671390,clgsx
5813851615,hrqdd
9078074692,fstsb
5456411707,nnima
7588118666,tkifd
7440294031,ksnsq
4364936670,yqokc
2443939439,gyckj
8065178361,vadha
1450822366,nuxsg
2345243002,dltaw
6448985761,zkhtc
5526643700,ommlj
4676333857,ptuct
4149109775,yxvqv
2932958962,azruc
8897937477,iqgfk
5480151387,pjgxb
5612256103,xalsk
3930970559,bpmhq
8464928256,bfvsn
2234070131,xcnmv
4736635511,mmptu
1322419078,bafgv
7732859350,ubsmm
1372896390,zbtbh
2585998382,fifmx
2801570931,njjhh
7790870547,iwemh
4954997473,qreks
6136600094,bulak
4874452609,enkpb
7799157908,koota
8983868274,sqnrk
5213681472,exqhr
4655412161,jrnxn
7582472336,bzaso
7165935916,qrimb
9554318517,yxkdl
6126497092,rhjxc
7604485269,tkvnv
7124931488,qjtuj
1708152436,skdho
1041188770,sbnyx
5604485957,czxvb
6190533204,jtdwo
6812061777,ccynm
5172690549,yzyet
9489797955,tlccs
9479675898,gnumi
2538704935,revgf
4017393349,qhdkn
3738221224,rhmql
9639042415,fmbdn
9315278903,xmdsr
8232257271,bzpui
1316766803,fadcw
4501058439,wbxtd
3553507483,mkrwx
5781336933,ezkhn
7874800920,kmgrn
5125524499,bqnqq
6272097257,qdhze
9225864238,zlsdk
4669680286,kljmt
3748967177,bbrdr
6540486288,znhbs
9467700826,llswy
4372806627,adkdw
9956038664,yujue
5959605268,eckfo
5846970583,pqntq
8875501044,royis
3681545481,ylcvg
8778307695,bfboc
5290315089,dndin
8815736423,xuspj
7173594194,advne
1459800473,zwufh
8788390113,swwfs
6875040147,khmmt
6387731398,wtsgv
7247662865,fljvz
8594626135,lqwoe
7891982367,plsit
3894722756,jfjoi
2112311184,btjjq
2100569170,vptmx
9512250407,rdcrj
7708861096,flrls
7761354988,iytlw
1104927798,rypfk
9512634143,yqkzu
2977044321,gchzo
7361979203,ozllq
8295903055,hmyfe
4003307267,uipvs
7105805932,kfqmy
3923707270,yandk
5851293793,bgxfu
1074698231,xlgsa
7899892350,jojgp
3354187054,hxpsg
5406363209,rzdrs
3151090434,hqajc
8688701497,teoge
6086628099,pamas
3785311141,anyxa
2612423828,mdylm
5740798230,dnkdp
8379651791,nirnb
6243753040,dvnlc
9375281569,kkrur
5043065815,wlmqj
3550847646,hlchq
4262041841,freqq
4234914837,ttbrd
6455645406,kdjgl
3979414803,njosx
1516213151,sflqs
3632097395,htpwm
8722580240,vrahb
3027784388,dfqha
7306471172,wwiym
5403211319,diucc
3449234637,rymho
5300904123,sbmty
9468129014,eptwy
5314913896,zhuai
5605189354,wcvek
6822291700,exqtf
5379905095,akjsu
8271637938,bdeqj
7481576529,hgxbh
2859793607,zgszy
3978405802,pnynt
2249505833,xpwec
2015266766,efiue
8261670582,ovmrh
7168324293,ehbue
6369013002,jtdhw
1670012789,ooiyp
6740944831,jxmtx
9747170178,uuqlx
1898221436,cgtvg
4609055836,npcfa
4576080148,njxik
1380503683,bjjct
5754214917,clqut
1922542702,vpzxq
2871800537,totgv
1748301490,yuinw
4742455270,namls
3114881038,obmuz
9994679650,jwykb
3605657222,xiout
4857997622,ugnwi
8771951992,iyivo
6795860043,ihmsu
4806795772,sibdl
7932137997,vbynz
2652805187,gfalq
3748880908,fpxox
1093236040,sovan
4547292317,qdgfd
2998215406,xshuc
8625467592,qwkjb
5706270221,xbpqc
6466440220,ndosc
3459732961,zhlga
6930970074,mhary
6384153708,xnxyd
8169300555,surcy
1438517864,mcdjy
6586277380,kttos
1626312859,toelz
6268562015,zofmw
6358749972,wukpj
9119587064,vpzra
3926171794,wmerg
3992720516,qllay
7205869045,reuso
2800648829,nfbip
4901306173,kiszd
7751670544,urxau
3030854043,ujapw
4485088765,ueiqp
1277968982,srgic
9740128956,eutsv
9138612681,lpdkq
7852388198,bkfwg
9010109956,okhdo
9363535315,bupgs
1803768733,mywja
5270924274,pddkv
4389539240,bvywy
2242839775,gslvv
7297535057,gmhdg
5842843939,fgvcx
8232214703,syuyb
1644387468,cuhwi
8917548361,rbycs
5603863294,yfgut
1064390059,arsci
9047388960,bgnco
4534190629,nlqqt
4958114249,xwndu
8391677474,qkwqg
7161699325,rxmqi
7272726878,vwxpq
3399548174,qwzal
1112435163,xxvad
8325962438,zpnmc
8247644385,yczbm
5762255758,wakvf
6301385986,zobue
1286188467,lwwgv
1116329864,xdqfz
8814749076,blhyo
1250111014,trzda
1087221567,buiqq
6472993136,ieaiv
9994224924,zgrrs
9659587193,ncpyw
6032143343,tdxws
9457701921,ubljk
2635181385,kjzmg
3815640031,tpwyv
9297597443,iadgp
3251345247,klnao
7470473422,pcueq
2965461969,xndvs
2347370551,kgsga
6153235799,wymqq
3577439081,mepln
3135500690,qslnx
1963296360,bcwek
9307181457,txcis
6947910016,mgvkw
2367589876,oxbdp
7224339570,bbdya
3800415583,bxapn
8981542238,pehkx
2044933470,kyjvc
2591636046,kdxld
3287542662,avmhk
9986158708,dfnum
4418148420,huqpf
9521608155,chqpu
7778940105,avdpb
5612552364,mmqdy
5364072450,jiect
2963629818,ejtxn
4475018965,eovvi
5406266540,aucif
9016485425,bpcvm
7077677320,zppgl
3813494835,qyxvt
3832158553,mqaok
7260089274,wzdys
6091761975,yevzi
6849975459,vmgwu
6226804886,kfkpj
2855913576,ydggq
7475532657,gaxgt
2536030760,vqgha
6111324069,qodfj
7937679901,bfeux
1181472998,mpnog
8893197383,axdum
9822056433,bkgee
7217687994,fieop
3289806413,prlac
2670430315,vmvos
9414785306,fospy
5555169241,mtfgs
7628318212,fsjmw
3378923829,dzdrs
9554661968,itzcc
6448188097,zsvjw
6901623116,hzvxg
7037669498,glkvi
2307519444,ljejm
6452192160,mmyye
5809908610,yqlbc
2277522704,xyjro
7759097435,vjjgh
8246889322,zroge
9009061467,lwotj
6523824010,wikav
6012711955,ijmcf
6217149593,cjrxz
4815483945,qhmov
6480617913,tbfmc
9288754121,kkrcy
3571929617,kfwpf
6976223214,ufdxo
8453887025,vucsz
5500229438,lifla
2707711642,xznyg
3575014676,qrbhr
9300424697,fnimh
8580633149,qukgl
3889394812,ebeho
7625633876,ljoyd
7166130435,cabyp
4272050885,fmzqi
2482151505,tvade
5386255713,upxue
1115898708,lpxvp
1032256374,nipgi
4853814262,nghjw
7682063335,anmvy
3863016535,nehch
3406262190,yeyxr
7368987983,juzzv
8836100278,ydljh
8413779954,peejo
8602350833,lucxa
4964740209,gggvn
6984810884,sxxsh
4545421068,zxlpc
6788341151,myquw
5225597298,gflqg
6547637433,ahobr
9178142639,athzb
7241286188,jkbub
5660022935,fzvxj
8279223830,kbmrl
2060405547,jvsdo
5809583512,fokoa
5735496634,tqgje
9676800503,fgbdg
8660931952,cuwac
5478663261,dtkee
8775594090,syndt
1622388237,mlojf
6037548581,mepfs
2782943372,mqgqk
3020087763,wscla
1703233632,gqiyt
5719997509,pvhfy
5308477390,wzbcz
3823244953,xxkbv
7284306655,bgvyy
3744017036,kydas
4570332507,tihac
3012078935,dbnli
6487867793,kolmx
8056233542,qtqay
7107182226,siujg
5789137813,kdgsa
8296115779,mjnze
2845262348,pvfao
5188438685,xgwik
1158044426,gdkwq
8536238658,sleky
7895287496,wpnnm
1412491504,lwrkn
8802637530,xufxy
6791750037,gecms
3630618594,xlafy
5601723035,aujek
9640985619,eoxgb
5785060589,zpsos
9403446032,fmlau
6199662675,rhcez
1976034371,aednj
5900030010,nyewb
8086423955,uvogw
4151965242,uowal
9888426463,tntcd
7526672949,dqeat
8627828585,otmjp
8586703974,wwdpg
4295638182,zuztg
4244647569,urged
6154630806,mmjit
5717399814,hcqsn
8074121975,kpkel
9227336858,mtfii
8345242240,ddxyg
2503603432,ukjke
3279311252,lijhf
1185065219,kptxu
4297291635,gyezl
2747257175,ocohs
3322107192,rkrwh
7041138180,nulig
4102500997,xsiof
7680793412,sswhv
1213860504,cxnks
3255319689,uuwbp
7407583945,ejpaf
5691815756,ykomd
3756639017,qmpqm
3077957886,mgvmx
6980270583,enoge
1616905495,sgjyd
5838149504,zmyjf
7944374865,cbcou
4236324080,gdyrr
8237308133,irqbx
9155939937,gtuou
4238378124,kqotz
6400724950,otbux
7133983907,qpxjd
2783299879,spdwb
1358845983,wwzeo
9996138582,qxzxf
5318412453,kchvg
2361201750,yiwzx
2451509200,vhiwr
5230582087,xgxym
2211465642,jqbfe
6093016033,avzaj
3086494046,ygicw
7069917555,egldh
4530086825,tnltn
2737125851,oxbir
1250556503,jqsci
6071202793,wxahk
5576762260,ewbjx
3988761740,wshgb
8890744400,fntnd
2416513768,olyqf
6890394192,euyxq
9243134677,emlqz
8322530453,sdymo
7868665308,injdt
9832131999,wuzmu
8590834119,pchxy
7355155528,cviga
8604963266,xarjy
9517578739,rymha
9092196497,zorli
6188512967,xjhow
7671201455,sdkni
9519396268,ysbko
9240708126,eavfd
9425342921,dwbmk
6194365546,muhfz
4629411102,plbdc
6472629494,auugn
1508145996,pzlhb
6716506490,bmfip
3484652180,xsoza
7512733354,rtdlk
4950688583,ozmdw
2760470798,kxlpn
4034986782,vtetl
4235814981,fenjw
2776266469,hzhjf
6878620627,fmzwx
2374992255,zjcuj
9210424030,fhocp
8078811056,cjxqn
5518565304,bafej
4234128408,sacfn
3743539787,ctyyi
7860045406,loqfn
5103149975,ylrhp
8311467202,nrumv
5791028754,phweg
6751618423,bzmjg
3545323646,lvezv
8529912324,ababz
5679438971,hktje
8262255054,zjtyz
7897692134,vqwnq
9442715546,hxuji
2229236416,tqvig
5327530529,wxlez
2833520120,nozsg
1098450280,pucju
8358046892,yeryo
2714886774,rqzbs
3049400493,apucd
7088327730,wgibq
9805367968,jumfl
5691142049,gxxnf
5087925669,igots
9855535749,xvnhd
2593734914,ohxtj
1998676010,iaeav
3929359461,ebweb
6232555348,voxyr
1996772557,ifecl
7953389060,teqgd
1996286649,rkxjw
2970420338,azigb
9853696231,zrlhg
4652589478,phepk
9456335627,jkfpy
7079889480,eulpz
5697659264,emuwy
5750919811,cqhud
5514047786,zllae
6837720734,edgvr
2720265241,xhpkv
2569957853,grvmc
9174030728,cujnm
8373100460,etbqj
4158471387,qmrzv
4154148029,vrhsk
5152019212,gcxjr
1397439744,xjcxx
3353160588,ykpbj
9619150438,ujoyp
5258417351,vbxsv
5753583232,rzkpa
5364018191,pntbm
4010438340,hrocj
3751303214,jfuod
5387478693,qutxj
2934593732,iqkev
5789418285,sfjun
5420307639,zyhmu
5484248414,vspfh
9536514020,vyfqo
6216165835,ccnwz
1776388825,nuram
6579065090,aeqqp
2250640704,exxva
8044905235,uchmv
9439022332,kuokl
6488019669,vwclc
7786700064,plyzy
2399907465,csyml
4415992103,duepp
2997840872,llznu
7886117801,pvydb
1417417113,ewqhf
7088378111,vnavu
2997068386,usntm
3731530844,pgbri
1260876051,hhsgp
5314293764,asdfx
1981423487,xyodc
3854824712,amcno
8595131664,ssyea
4457349855,tueph
9347227952,tjlbw
2389648126,vsrbu
7753715875,dbxic
9769890650,fjnue
3420293802,deiva
3228937167,wysbv
2815810192,tpmpb
2227897583,pzesg
3070747441,jcpjf
3291700123,sqnxv
2324635267,mbdvv
9985269796,wuwhp
6633265443,qssav
6420988425,omobd
2441506094,amiwj
4715087535,nvzne
4601635091,tiqbj
6255529416,umirf
7697025019,jznmr
7571098889,zbypj
4198967339,vfkdx
9652198391,mbyep
8101234847,brvyq
5510399140,zwllo
2508408307,nczbr
4742186272,mjmyp
7418327579,vwzrt
7612280389,acjhm
5675805825,aswyw
7762058914,wgere
1807584740,vlchr
7903384151,oyxxz
5688024170,jnjdt
4923188466,amfvx
1019724370,tpkql
4649230747,lilim
4879355569,tncax
8040984440,sdmjz
6384641241,sleqi
9047549862,ujwtk
9651242701,spesi
8633693799,jqpmw
1237395643,wxbbk
8650411761,xlurd
3597146476,lcddp
6201387911,xyadi
3077624021,gzpur
6803595995,vvaul
8766128969,bxuyg
6226375834,luimn
9566425465,obxlk
1464326206,wtkhh
1166153291,agceu
1379810279,kdvle
6036771637,rsmmg
2433785274,cgfkn
7442530221,vesvj
6208451659,cukde
6557005148,nbkzw
2289113953,yyvxm
2100968841,uxran
7058121055,smiyv
1782783455,irpbe
7570749557,efedb
4120417960,fazpz
2432884143,vaito
7244066790,juybl
1620043532,hjdef
4350742377,twoiw
5418723492,gxkxl
5559901825,lhvpj
5251632589,kadqc
3317809652,barxv
9526603535,vslkn
4458751233,blcmq
7706081528,pksej
7167801466,xpvsx
5579968272,bzqox
3100686046,axjoq
9460861607,nrasj
3511882271,orrrf
8222360122,mbmut
8575693517,qwzge
5894806894,ptmne
5862106941,mtokf
5765798807,rszra
5984327861,asoxv
3194425660,xxrmg
8044285793,phvkg
9599980654,qpvqj
7109778198,crmbg
2351939686,tbuzc
5405046216,cqvwp
7001555167,rtwqj
6831065844,iesqh
4384567078,zeoea
5564988406,vkyev
5622706349,bkbrv
7024070663,wjpco
7765554354,llbmb
9600314945,swgpr
7086910086,ghlmh
1402687241,pecwb
9701546624,czlor
1412403259,urxfm
9658895167,kqkdz
2522138255,wadwh
1075587113,fgejd
2752602800,blyts
5059609156,datrb
9105746082,rkikg
3349860584,hhpdv
1934254311,fltgu
4819085048,qwnqo
1850598293,iqnbm
5565555114,llzrb
3334178816,zaymn
6142981727,ubedh
3156115248,yuesl
2385485691,ytycb
8654912144,oemuh
6761209293,mgniy
9751561008,udptu
4226689563,axhkh
5781815302,nksig
6375039657,mxlik
3194206152,vsiej
4995996594,hyuog
2537069100,tyrjm
1049343186,jhmvp
5504647981,nxqxo
8123440875,dnmgu
6383189854,ctbid
2990976743,xokuv
6254469303,ixmzz
3694627683,nqfhp
7620224075,kdnxe
3640415523,isauc
7138000228,pdajw
3626725814,sujob
2187976282,gtuqg
2481593508,uyngg
6972110294,kywja
4054586669,nlzqt
2473603693,xzmmm
5908481853,tjrts
5203522082,xyubb
3650153448,yprit
8316144263,gpeil
6456801826,gusps
1603476576,tkhwz
6623959470,gauhr
2917266894,gqfdo
2416526060,jmdws
6577829793,pjtzu
3955404156,hnfmz
2694138343,qzjix
4240326454,xdkds
1924721987,vjxrf
5334962138,exdid
3412606786,vidnp
8641234750,ndjfx
5253481256,wpotv
9614615471,ttlgq
3602678887,hlhbv
4127767156,uwynv
8964205842,puwie
2560276976,qlriu
6375518357,jfkke
5421638252,dbfiq
4879265042,dgqhw
7283856433,svxzy
8003217235,jpyuj
5726933621,katzy
4391740561,zhavs
4476300338,rgavn
1160594519,ryekc
4437285325,njvyk
1441706323,zanhv
4736402550,rnyul
2144763498,tprva
9699108587,tcasl
6977461192,ofwnh
1996467740,zwrgn
5413171264,zkxji
6709213165,jtaww
3438102342,qvcnx
6862745443,whfoy
3289384312,nqugy
3919428000,plpwu
4292383542,giqgf
8377410287,rtfzq
4803465634,jzoun
7498577248,bhzes
1141376075,mjxtw
5164820061,xbiub
8673688097,gyunw
3079209744,dimop
5447231302,wpudb
4967131420,tpjaz
7805297019,ldqvp
5389812955,rokit
9669228909,yxvtj
8055474706,xemtl
7798369331,subxl
6478306544,kqnya
7905321734,zovyr
3851792530,lwkqj
8129867052,pgqre
8680503727,kjrqc
4664193776,ntiay
3656134706,oifvn
5575692471,nvadd
4027890852,pqzgi
7943592681,gqwlk
8492144568,odxck
8698656402,eikma
4734561366,mmegc
2307899326,bdznb
8730019955,ypdyz
6679591777,tjpql
1741326727,umdpz
2939664894,rdzjn
4306952827,hkpwc
5895401680,dipoz
8789259512,kdfef
8667647182,njhje
3423955807,dcgsg
6831420615,oxrox
4606887828,ptixy
4751530085,hyrsf
8068480015,aqmfz
5494093017,pwfad
6753168688,bqors
6456221550,xggon
1829078323,xrbyd
2475765803,nvkui
9520009808,errrc
5322741042,jtftu
9856470223,hqimo
7951801204,stlbs
7100829867,kbudw
6308906137,wlhkf
1510324550,hzzom
9130328439,wmmbg
3803292772,itvtw
5859532329,dzjdw
5735670229,apmdy
8389800803,erpum
7856426116,jbjga
4658544653,alnwu
5650552547,uevyv
9028714560,iqphx
1548277245,oibia
4161695563,jcdrd
9998896380,drhnn
4138383904,tcher
5091818002,ttlxt
2738617853,lwuxw
5989989303,vzjga
5161044527,hkcud
2344710887,dtqqe
7957192941,ltxkv
2894990039,iqzgb
5702898572,fveos
3028718482,zvqqt
2214406724,zpmdk
8468413526,jfhpo
3353166847,tmxsy
4079101101,duabi
3737353259,etrpj
7065443209,rjpyb
9785232980,dhzde
1757208044,wxpjy
1605910753,qlius
2401897752,lzuvx
9163679885,brdtr
4507962623,jevoj
3033888591,wazta
6391859914,ddksr
4407458718,apdhy
8141322047,ovamb
1868694976,lriai
3745129434,olhfi
3447305112,yjtyj
2105139037,tgvdm
7416380821,rbgpj
8062350305,sruoj
8093355570,bdunv
6935399705,atzyc
5904790574,phdla
7742631210,grvbp
5981351478,uqiit
7000039005,nzozr
5676230572,jbiyw
6960649869,guflo
2822822627,bmrhi
3781838871,zuqil
3963470309,dsgep
4138397973,tpsoy
6994662946,vqjla
3889162053,onkvb
5101340834,drmvb
9711818539,cxfjq
3483833835,rmgcf
7817671157,ixsjr
2367767992,chyfc
5034463303,litpq
3544370678,hiujp
1934721266,wetgq
5437489269,fovns
1998125556,wjiix
4833238439,xxwrn
2596836540,hgdyq
3951490894,vfsro
6204794944,dohpt
4122130823,jedrw
4098100816,iqzvu
3217921245,jqgnw
6081882581,zufsz
6399962228,vkurg
7299268724,juwpo
9695382742,dejyf
5288357378,ilqxh
7755489161,dxnyr
4578217273,mzrnp
8699807503,oegvt
1723473219,cndte
2478299214,bmyoy
5417364334,owhcj
2107331446,wvkjz
6087795648,lbtzi
3330754923,bpwqk
3678716886,gvvpe
8670097124,gwhjh
6326811562,rnaui
5285192718,twncw
1972285447,qgcom
7433909201,tbpou
9369932908,cgwux
3591437184,ykptb
1633560171,mvwvn
5117549176,vqzze
5575963936,ailpo
5519529002,sswnr
2724863097,ewwpx
5080614113,lbjno
6709237084,mbeyx
4038091682,tckbt
2063664777,znpxo
2451954622,zjqdk
5296896253,krysg
4188172308,oakav
2847000586,lpdtc
8482834396,zdmip
2854239192,bmqhl
7176675458,wbfks
1689600830,vovnj
5493259679,mrdmr
5560306521,biwdl
3337409591,iegmy
9401572841,epxmk
5828443894,todzw
8402977745,iuxjv
6742046771,slqar
6850100888,dmtwl
3637204912,ynqrm
6365699246,mtneq
1085924131,quzrl
3308008314,qdwkt
1221169341,vpprb
2690895945,fbipe
8296349909,tzucx
6120198136,vzxkx
4673811370,kszxu
4166924556,oxwny
8455972277,lownc
4815851664,rihhk
4155309967,yqqen
4795758917,tahll
7800121699,qbtqw
4626091643,rjyuj
4430416401,oicua
3659795989,ogkdw
9891748469,majjn
3994106690,hkvem
1323523228,cztpv
2970356778,hbeck
7511011965,uigib
5100882322,sajje
4036876144,dytnn
4987903016,pcbno
7562716329,rplks
3121105916,vrekr
4290119241,xzjga
4627118102,uguiy
3484497389,masey
3307165911,qfaoz
1306383222,nntbm
8563183610,mqeew
2833481341,dorhb
7436308006,zhvel
8838546953,vnqdb
8610166633,pmsfj
7825185983,xyluj
7160915031,wnuau
1436819694,uzkgi
9489241303,txkck
3488347726,igyee
6184738188,aucge
5147413100,gqwkl
9588177028,ukiar
5175957866,mnrce
4216603381,xyidj
5033219019,fteus
6590382208,qgeyp
6295745812,hthsa
1532512943,xrnic
8994640911,zoqbs
4321540575,orjxt
8181119322,rtlov
5159292529,nuway
6508887423,whnrb
3497672656,xhkyp
4843865005,oogpo
2692901704,jnzjx
8072215226,eacvi
4267303822,vrhui
1506687518,lnrfv
7322403482,nzivp
7009857921,lousc
2776578842,adnsa
6466383316,jajgm
8798887077,sbqhq
3878120509,orvsb
7284903003,zytzx
6573559262,scbog
1905945566,rgaue
5120453077,pocvk
7544725750,hhfrm
8559752519,mltvr
4776625808,xyupf
4455667958,unmok
8036347899,yswes
2796698823,obhpc
2416622004,sreph
3566429619,cnhzz
5806653890,vmhln
8106709374,edlon
7440049023,shazq
1205979862,uglqj
7930068021,sdtbi
7367862420,kfhqj
5887251313,wtepn
4910032376,wzuiv
3845050944,pxgit
7951209404,nnqux
5321481829,vsczm
5427905803,bpwdz
3586572215,jnsmh
4953336208,sdgil
1261153172,tsobe
8601385732,ghsxi
1432045466,nscfc
4920067783,yyiqs
1904056394,tfnno
9034805963,yvkrs
5461582416,tfiqy
9004947222,xhmts
1803446476,oeqxi
1630199611,xyxqg
2148952986,vmfju
3331573775,axevu
2678515244,mmkfi
7211833076,mscdv
1254278934,nnikd
5229897015,vjpnn
2105681865,jfqil
8908815651,tvsat
8693800439,aboym
7652271328,lafxk
2050132309,ybbhr
5107369716,fqyle
8993011785,uijwm
7407127850,kbuno
6633812890,dvdul
8730213533,jfgea
5854556580,mific
5436826114,xqyhk
3039228015,iprrc
7408758049,dgpck
9087632578,kqjyn
4364069521,spbab
1727906624,sefie
2974441974,eflnv
5871008802,ipudq
4898114688,xyzzd
7175019770,dqbmh
8100641082,ahfej
3303904505,rfgnw
4745342281,sbcck
1602690667,wzjwa
9507515906,hpffo
7438188852,ajaeg
9989214593,qhocb
6593057523,zzmdo
6575159786,nuoks
2567436539,ifyvo
6668709811,bxpej
3558612731,adhqh
4062180607,lebld
1263183810,tuqij
9789750654,oqwyx
4314132250,fcrex
2592745193,svqyw
8065422615,ktzhb
6242727918,uzqpt
6605801181,fhdka
1753672513,xgyaa
7648443894,fioqd
9689958467,vpipp
5318468047,idcpn
6758533611,bnzfv
2529832534,kgxqm
3015896726,mhciw
2099119417,hdxbh
5362170059,fewlu
9541796085,qjjqm
8876342875,mvpgv
4692507950,xkzls
5713298740,tsbsy
3049312818,xsjie
2184585865,dxuew
1782612231,spjld
6426045687,eugtj
2519489610,dbslw
7136285850,wxbsr
6956892106,sqfdu
1741575627,dgnrp
9274568405,bxwkk
6628767872,dhpgk
9402802666,wikxj
8955354284,hmedn
9058891900,xbnal
8583605345,jqvwj
3389681581,vuamf
5669646024,oggno
9807974386,pcsyo
5723499981,lcnhn
9018852843,dkkgy
5728010851,sduqu
7712537781,okhtp
3122922928,yljub
2305360691,dgpwd
5071126531,wmexp
5284017023,mzzpv
6017491340,iltka
7940962090,ctdpb
6980073052,hcsjf
4437887818,lzbxa
7012314361,jyrkq
7480987762,wbcbn
6964303454,rvbtb
1003285268,wvuzj
8311335604,oqega
6331697866,cdsvb
7910053018,kqsxb
3507968939,cuajh
6818332672,ootoi
9377545909,jfane
3319352222,zzfeh
3423299049,ievms
2616493734,ajqrv
8830258734,oxdqe
2976093998,rzwdh
4851661057,jwpig
7987249651,hhype
2645905968,rmvkd
4875369345,etusl
4272143841,qpqli
3102672579,aofha
1798638869,kkxav
8851052851,mwjnh
6991714678,xcozf
4044224018,dfjxy
8775437550,czrdx
5411030924,lbyiy
6832375017,utnjv
1153482707,hmzev
7840611489,caxpp
7459419070,zfvpj
1555262348,pcaxx
8309217568,rpgss
4844919949,igolx
2088970219,nmmgb
9396726429,uwakt
4934614076,ipsgr
7984962959,tqdjj
1907823501,emchr
3163217896,imnyh
4024483473,qxonw
8824313212,bktwg
4363018340,ymzhj
7646432990,kqrrg
2160023050,hvomk
8607599561,fsezl
7254733769,vhmfw
7402904989,imcfm
4615481343,qwgrh
3159998340,sacol
1680517914,fsfwt
7161515065,kjhpw
6597080124,uozgo
4818030456,tfbzn
6444474088,ghbgw
6241500389,bbqst
7155870336,ogvvz
7639549132,lbdix
3334688690,zjowd
8543543740,prjoj
2309999408,tpebe
2793875266,nyapx
7946179188,isevp
4669016803,kkrdt
3975362509,niiew
6132487705,fchxi
9032554514,mpnlv
2815643485,drhuy
7482026517,hexwk
5139069512,ueywn
8020054771,dakvh
9014848766,xjbru
1958245756,zkozr
5464631602,fsqxn
6141574798,gsjhz
6491777355,vuqxx
4821861645,rybdi
4254305235,ckxbm
4121262556,bbrkm
5832342655,okxuv
3632525574,ljfaj
3749770399,uxfzp
4645168646,gnrix
1340473053,xgvxt
3441780031,kessg
4741055546,xybsa
1955655065,psexo
4478278800,fegnh
4785985026,tvnsy
3532965119,xadcm
6476781269,mwhpo
4704424622,mkbxy
4910803296,ffpft
6243638026,nymii
2539811853,tcqya
3299540540,vvfcz
9357036750,uxrft
6754570040,solkm
1313909302,iuheq
9811771567,stkml
2928663250,trdbe
4765083757,dfvjz
6158131164,djljo
3049906544,hvlok
3938344063,nktzx
7380986176,gmliz
7941685159,pzncp
4400884799,xqtvf
6632487590,vynql
7747302410,uggdf
6764323073,jyram
1352562039,ppkhh
6085164512,wyjwb
3569343819,klbrt
7161667891,aehtc
8296486794,jdgva
3743944505,rjqhc
1159116628,owyhd
9771155592,msmlu
4993447931,ksuer
3184422711,ommha
7729532983,jxhkb
2466435650,bxuoi
1940597031,pwtev
3073696196,eqqyh
3543709004,rajkn
5508576321,qvhiw
2444940747,lhcem
1683486666,dxkcn
7319380326,wzunh
5738654155,qvzuq
9198388735,lqssj
8224653089,gyxds
5604522960,jfdxi
7728957806,tgrdw
5176930281,yslbb
4931812722,shglp
7560149556,jqttl
3782021434,slhxg
3450823132,dwgbr
6156776549,clydh
7057202538,djkpz
1441519355,uwprx
9022308942,pvihz
3976544237,kqzcb
4279464707,slxqd
7906935556,krlts
9437182506,tetdt
6746495331,nyxrr
4546581266,cmzux
5275685195,ppkbb
5806901087,nenph
5946850507,fctll
8965611464,poubl
1312262610,faoce
5253687984,hfdjh
8017837208,jnjie
1638745214,oaxto
7096879988,dwzat
2413067676,cvqzu
4000608179,xaabo
5752346032,fasnv
6482116086,avixw
8788446673,zwsnl
4902719854,gzjxm
6630772579,snqza
7696673347,rndtb
7112390861,qqbfh
2772117349,wfpew
2509895532,yfxkg
8520198890,cjskg
1541996384,uwqrp
6487080185,ywdua
8972049735,fjptt
2152299792,wunod
3685435365,xqack
6108306146,ggccv
4983348622,ciagf
2705886345,wauuj
1652399777,urrnt
9120979736,hhmmo
2423284379,maulu
6363565405,ehqlq
6481266191,cyuka
6733878790,azcdl
3255710649,pukza
2247766534,coxlb
2679617495,kbgsr
3186214127,caqiy
7939945741,gsvsf
8018868370,ytvyh
4037403054,qxuwg
1795510012,pbbbz
3033171991,lnieh
2354764991,uqufd
9740447833,qbmew
9385365231,gnwzg
8849423215,sckxu
1850464198,jafuq
1524956009,zduxk
1168817609,ouftd
3632251253,glsgv
4385103705,egjzg
8015399835,pbkzg
6962165674,omlmm
4222724499,sktvk
4177614399,qgoch
7423427175,duwpa
7380725908,ygajz
5964677931,tppay
4079501812,fzjns
8149602874,wbsbc
7748571214,kjdis
5646733669,sztqv
2160310899,fsfpv
1954011594,qzohp
4175917767,kxuyw
4902541394,dzuah
9663064112,jpvud
7568578676,qvghw
5804494994,jrvwh
8177375728,izylp
2691440578,qgipg
9457052860,daifo
8515367348,ucbzg
7683121691,csjvy
8196302047,cdsof
3433595964,yyfvs
7580945694,usxpr
8896071047,tvfft
3655109281,lqfyk
8428132547,nvefw
3983890974,pphmw
2249388630,aweti
2567011340,pdmlz
6261879372,agdsh
6151320578,xjhec
8930411719,hobye
2549263715,hloii
9061877156,umlze
8780287500,avkmi
1768548918,dkbux
2463760113,fdsvg
8065657868,jaeyp
1106832694,ymbvo
6816808667,egzck
2258461775,yvysu
6085873480,dbves
7898110709,tabrg
8429356996,dwskw
5750310470,tgihl
2930752980,djvjf
4239174672,yywxj
7355351185,johbs
9063082567,hgbpw
5527624581,ulomh
8481479768,pvvmo
5006152694,minlw
9688099511,apotk
1413798183,crcic
8942495525,cjuxr
4921921192,eeapr
7490199502,bmcxx
8707613360,vhdjc
9176071381,ttbiz
1137611028,yezzd
5345549257,awjrw
9037053999,hnvow
7023172435,wkwqt
7129993745,ouvcj
9860516844,dknuj
4479721414,jgvvd
7679938401,gsrkv
9777491817,yvslh
3345752891,ihxub
9037683611,orprk
1998047301,difbz
8894932626,meztb
9139463512,yqxen
8332853027,bfjfg
4541631271,haxpu
7021288121,ekrra
4550753114,zhofp
3235886143,xtwwz
2729914159,iptfz
4276065780,fowsg
3702557913,teeqz
8607305869,xcuga
3066457926,mwgti
8491337456,fnjxi
2362302222,oqzri
9025167898,rzrta
2082220886,ubtwr
7932573332,gqwvj
8152305124,lzlga
5162243375,qhbkg
7643598468,hzmnv
8816894458,lborv
8652212232,tmxqv
5271627178,aikbo
6595123988,ynjnq
4423916890,gjond
4691765531,wwled
6333441361,hwbxu
5900953103,ohrih
1121557916,zswfo
6687964255,mghmo
3492615326,ffyiw
3270943175,rjooe
1655765225,lmdlg
8790217712,qtxjs
9993406733,epjrt
7610487516,zsjll
2060788622,tuffu
9380428757,jonha
9182133918,ohzfj
6349158790,tiwgf
3861474642,rwozv
2073690629,ydilv
1455530212,mowlb
5200154507,fxind
1943716858,lpasn
7405754153,ofafs
2181564467,sjrdr
6048450162,cjyze
5774524717,rsszx
9041628909,zwfkw
1425090133,hlwtt
3001434149,eqnqr
2529735460,crctr
8880324714,wcduj
5304716330,hzcyn
3129893344,sbnio
4090425829,ftbmr
5354747207,psygi
6341512502,fjlwf
2364350740,kfxjj
3928802918,shsnk
3793198067,bcoww
3995138716,dmcct
8108580863,gidja
8280384144,nwqbj
7398975639,upzgt
8966006100,jhmpv
8270388008,xjjme
6599919199,phcul
4020941030,tftfq
9177530684,ombkp
8028559904,uftch
1779086169,lrbef
9384278603,poktp
2855885170,cceue
2289777697,pebwd
1798167570,oiaby
8659249315,nomzo
2804677003,gnwbp
8234911958,feduf
3333621880,hfzsk
9459713287,bryjz
7751874459,azcft
2903077331,amyhp
5375523012,zopck
8200559489,deret
5065669596,pihji
9094983630,vkpzg
3275389427,kyoei
7308555285,gkozn
7249600260,hahzx
1639913397,qqkib
8155111616,ufnow
5558054494,ynqyp
5685971191,urrkb
5141603064,nzocy
8515439251,wyhre
4317964876,ilaov
2391416467,iqqhd
2401887162,fdiqp
5743636535,cbwgz
8653196533,nfbgr
2076892826,tuald
4028077785,vyjtz
5328774097,snabz
4878986188,czshw
9716474603,iyofe
7606710025,gwqsp
8506986593,aprda
1331409223,fmjyf
4312253304,nccor
6811268451,jckze
4233118881,zamep
4558623484,iramm
1126245098,txpzx
2041215697,scypw
6533925086,amxug
8278664870,ygwzu
4606487855,djpei
8010818081,tblyq
6404054871,gelan
6048077855,dnibh
5177990832,mgzsa
7663321732,letvy
5684427360,vnwod
2567742453,gvplz
2141737559,eryni
7939724789,yanlb
8814920947,ooifs
1887255828,dmzsg
1014148740,coqya
7670536611,iywpm
4324359126,qondf
9417254711,owjxs
3070466207,cpssk
5142126593,hslxd
1059189398,ljxnj
9363080238,mzyit
5011530427,stizc
2658756748,vbxld
6880070520,zdffj
7546990755,giiif
4318366518,hlsnw
4436996800,yombf
8674753026,whqrt
4898249414,kvvbn
3177576661,slwyy
6746575977,gdjda
9237396430,svmvy
7989880088,rppji
3093826327,krvbq
9063810208,kkfhg
8979704783,iukdv
5338148470,dqkei
1872078207,auvec
7735517341,potjt
3039363596,qckdk
6125724600,qsmuq
4113495649,opxgp
5541874558,xlqhn
9972953417,jyxrq
6918316174,qrrgq
5414014760,dyplo
7070426141,iruug
7100860093,bihmk
9902016331,qvzqm
8695352705,mxdws
6845276165,ymldu
4815211607,iuxql
7138274905,kfjyx
8447945402,ayqkh
5611200681,edjge
3648926508,wiwhj
9926088687,ujyrj
5004893892,gadno
5224543230,kknqs
6248531411,cggjo
8364937921,gakby
1543478706,aqqcb
9634389387,eihwl
8416640802,jqucr
9832392057,oyvun
8476781606,xyzqx
3711868277,zjble
7838311436,sxcdv
6630682651,qfjik
4187683189,hxjqg
7739529939,xmcyl
5940558872,dxtow
4977872182,iwlwf
5417721687,nidtu
8566886623,ziogm
8127172216,sgpve
1423296298,bdrwa
5449903864,qqlof
7651693123,kgrcj
1066746148,ohjvq
7031933182,ideru
1360241481,xnmkt
7394623008,yxypa
1688924737,nfjpq
9407797523,ebsyd
5267938903,bykej
6660683868,rsrag
2507909667,rihly
9364165657,ymdqx
2380443198,nebom
6930780675,kpxtp
1134753953,vxphl
2235298848,zlkfp
7035960232,dwcse
5474545385,xyziz
4029166394,wyqeg
3479580052,fsfsa
7778364864,psois
5107363950,svnmw
4268719653,uyups
9431126361,gylka
4876542916,hjnav
5436309413,awkff
9510573834,dvqtd
9359309495,sglcb
9609076981,ifops
2255422012,gvkdl
4588997010,vtxai
9526300799,nhczg
6232696118,zpdep
2012268281,wjphh
3823139595,wpxpv
5364382758,rvemn
5061780580,itfvb
5708979320,bctsi
6773333418,pjsyz
3411002947,lnayr
4922625293,rjpor
1000750568,mwpjy
2139331828,cbtgi
8372702784,qodec
5522336183,nrlal
2955930453,vceba
1139370280,kanvj
5098567722,yvbvd
7072822209,lglrh
8074297718,bqtwu
1279619996,gjgdi
7780805719,kgmfm
5327370180,iksjx
7585833704,zmqac
7764591095,rngeo
5867684524,jtgzs
3656905989,bolur
7733637018,ltxne
7308987626,qyplx
6125704353,slffy
8050594660,yoyvq
6881080244,fxwmf
3045933927,nrxsw
2661495135,boijk
3460731822,zhfys
6056944867,smixl
5651582265,dzthl
1725447110,tbxvn
5368530806,gsqug
8612675665,tjpcq
9608153314,najzi
9943484528,ietky
7733246290,mptjc
8282654184,ronop
2831148800,xtxba
1258268201,bcohp
2665038868,hsauz
5220699882,ynzif
6330568338,ucqlh
8681820165,sidxi
7131399529,nfgxw
3193594204,uahof
1814426701,miopa
2697518893,sirlz
6146312779,mnsvx
2986999041,gfpsf
8624125984,fprzq
1282371913,jtmwb
9670436559,zsslq
1219404401,wcnpj
8362905175,ikgxy
7081514179,dvbbj
8072087910,vvkfo
6379098647,tgism
1771335403,ujrhg
9983293265,rdcvp
5941367992,umlkm
6819082458,ngpne
8667511970,dneym
3611247608,lceyr
7633292339,qnkdt
2517565093,zoojw
3951828878,jwbis
8997548019,pxiao
6459800448,vxmbl
5007433671,wzfno
6826075135,jeltn
4907067727,rtvap
7433837482,ceedg
1526428181,ezshn
4525765541,jeyca
3062335303,uabgk
5543146437,dmjdg
6315563715,pvhlh
6814692784,pczkw
4214834002,kwtcl
2853065042,cvquu
4007468180,eqqaw
7323827456,novuc
8431690378,humsq
4553653867,hfoev
2192075411,vkyhn
9101260842,phivc
2859883158,yuubx
8143509930,sdwlk
7038353346,ghgoz
5070819885,vhiup
4625022063,wjimr
6866954873,seidn
9388036318,kvlgi
3679422748,kviqa
6222540346,qlzno
2193336657,mtpwd
7083874865,dfpwi
5354916250,xmflp
6735500055,nzhin
6769053408,bigfh
1352466841,psten
4616316075,biltg
2507255202,qjawz
1571572018,stugs
7404037450,xbyrh
1333633051,llude
2823495277,iocbx
8720441524,nqmsm
2897154034,ikruv
5146079825,jiiwa
1275114401,sbpuc
5980836721,lmlbc
3369488487,kczzw
8502497343,fmovo
3803151961,ywyar
1909694285,hntcw
5252116690,nuztd
2386446542,hntml
3534477214,wuozy
4209869501,noyzy
5557611852,bqggl
8640654267,zmwhm
9597712762,lfyxz
7763828513,pdtqe
3256238863,tttrl
7516202876,pucqp
5481546631,cdiga
4243485323,mioqv
4982260967,mvyru
1882759972,yypno
5554989341,kmyqx
8225584943,ahclj
4104821124,tzpjg
2885342747,wznyc
7810537394,anmys
9322894344,trrps
9187565070,mgnjh
7304167585,aczei
9541606634,pilui
6556844377,ekcgb
9053266042,vmgkh
6845909677,xybtd
4692725368,vkjzg
4488100695,gxcht
1091995883,isxfj
9152315408,abkzs
8335731727,pxyff
7830430664,ukrvw
9244382000,wbdym
8835795717,bipxc
4029232167,gyjer
8035605812,crvjd
4585056475,kssya
3102530621,yxsgl
6238265344,vlhqy
8327932501,vlhbo
1223060032,xaxni
8036944253,lbogm
2303836135,ovgvh
6731066717,oiwyf
3758707325,bpqii
4199010677,dnkxc
7845678204,khnvk
1459027321,uagyy
9705789141,yqekn
4951510102,xclte
9031349610,emtmd
8843171367,pivqd
8352386219,dnjby
9190821750,mqivw
9049603189,pfril
9448946524,byqfg
1571322434,qbdxa
5531912751,xkgds
5841919598,pdwqv
3129211027,axmzc
7102194851,znzhm
1842678279,vxkmt
1174096524,htjtq
3895025366,rxrrf
2500567421,ehezy
4519419999,uzscp
1712209464,heibn
8327482187,sleeo
9573196265,eilpx
8320974977,ntbuj
2427848311,yznnj
6226794244,drwco
2520348174,zqvgo
7321087768,nthzr
6888076826,ysyck
6363896677,izuai
4356921331,nentu
9363388648,tczcd
1064397464,bduie
2163323474,hlvxm
3532972075,cyesu
4257406315,qtomh
3901929746,dvxzh
3760298622,wnyci
2837126907,nqsas
9475028203,xlyvv
8170058819,fxsmj
5315467185,xbbhg
3007228404,ttzaf
1211252598,idbop
3608890542,yhnul
9039118288,ivqdz
1023397162,upgvc
8205137959,wwkuz
1143803842,xxefj
6131119954,woulb
3916436035,mbbrm
6549424869,gkcih
1965043618,pcjfd
1086852900,mjycz
3206867148,yavzw
6261030104,bgcoo
7152063968,rhyfd
9620727933,cwchm
6210457619,uvhwv
6015728024,aaywp
4432229993,huylj
1285704476,udvzl
7628911443,iepxl
2847339353,ntgzx
1120664810,ybfkb
1324368266,cushc
3660381351,sywwe
7997657747,exczd
8048725504,dskot
6876993460,vkesz
8340956642,ebfwk
1147111966,xikvv
7568549250,qurbj
8353433117,eyedq
7042977454,fhrwi
2492066439,uusbx
1928540826,xaoud
9368119316,vukzp
3043745592,ptbra
4343434871,yzoab
8895719335,wdvwn
2146025775,uvlac
6101501917,nfeha
2132544075,kdlmz
7302610927,wpogm
8379492782,txslu
7187641224,fuxlf
4184168641,hzkcc
6991516399,sdlmh
2424214850,hrjxf
6923288902,tpxph
9301310574,sunin
7629363255,otqms
9545464985,gsicl
5355698764,oplgn
3845466951,obsey
9815099240,qxzhd
8370233980,kyack
7935489474,vsvwi
8594639266,gwezv
2604463237,lzleh
6246875384,xhieu
5052212729,wqrvc
5729305550,ukpox
5790494453,hpdgf
5310473465,ymuoe
3734853243,xlsbt
5982381329,abmsw
4291751408,iktyr
1697571189,jsiid
1297068221,myvbu
3505125874,vxhpi
4267873841,xtgxv
8168257657,orlrg
2669324042,zjjts
6088410236,lamfy
2687890402,jibfx
5289623269,wjaml
2789361842,aoyon
3563819569,wjois
7565438016,bbimf
8772968214,syxqk
9724392512,nqicn
5272486352,dfwya
2597984308,dwmcf
1236916678,eqpkx
1088541479,tssqi
2999110293,egxqx
5076072794,mgobg
7672722028,mpiad
5281040579,lkinb
7503188187,qqdtu
9994469386,poucb
1111389115,oesxk
9297949393,wmiff
2947759034,hncvb
7465251435,xcafb
2729921858,uxlvu
6818400518,zsgnf
9896491745,ggpsa
8027315234,rbdkw
4997479855,xjbue
5827629521,lygaw
3840897315,zfqxl
5559552507,wpurp
9274072877,nguki
2412808751,lrghp
1462489319,pzycv
9640478357,ektxu
6458303120,kabws
9358054641,qiaza
2451880900,gtboj
1972027458,zpewz
1661473660,dsxcu
9550968676,yytmi
7703085246,uzoza
4999558497,tpbqh
1312187865,rhzli
1885908071,mwjkg
8980338595,lvycl
5044367221,inaiv
5407710004,klvmn
9443484188,ojxvt
4691464421,wqapz
7466560272,liizn
1084217827,uqbqs
9299182686,cjrnb
8731886844,tkxwz
8368470345,wjqje
1385732529,bpjqp
3384024287,vgjqk
1236904426,ekyde
9944508405,ueafb
2508849657,lcpww
5974528298,khfbo
7941118765,igdal
1524041958,zmzbc
4159883185,nxpbv
5603738069,dknzd
4750332816,zxhio
5574260092,zetqs
5181444583,nkvdr
6981776041,kzzgl
8061918438,dknsx
1461964766,tjnvb
8167465505,cumqa
6604121006,ewugh
5984727928,zkiyp
9987011286,cojvh
3586636094,zffaq
7964437983,rdkxk
3625619150,vdrml
6081055064,cltkd
8033919620,kkttf
7395555317,qkzrg
7893991102,limpa
5675603245,lftse
4592426671,jcscw
8087668991,dpzhu
2394512754,nfaew
8144330124,zhykv
1679888495,gbiyy
9433406465,gvezg
7451105991,znsvv
9841522485,vvicf
5695165209,byblp
7864683102,kgikg
6766821777,fyggq
2984963288,xkgzy
4414512255,qpvoq
9134669615,wditf
7681237825,gdfti
8406923237,vtjhv
2641929575,gkxyu
1524306021,tjjud
6933129053,gqwzw
7204018426,xfefa
4767877378,qppir
8888745310,ezptd
2627280425,rqynp
3308045857,bbfjs
9953971612,svwyh
5677949046,qusmr
4103332392,oeplq
1098851836,ftcyd
6895807349,xmdud
3116949362,apygi
3700062197,ojpyr
3954007059,yffvx
2575588926,zfwck
2391459285,prfpw
9621448807,tzfux
6076570056,rmyhz
5741252629,ipzev
9792905125,hgbyp
2902894921,rvmgx
3692608084,erwnu
4711341359,awefg
3652392975,vhbau
7131106595,xhmbq
3106002098,voxcb
4069847482,wohuv
8156137099,uguny
7691157413,cewhz
1731220618,ruezb
5687296520,kuvfc
9042281205,bdixy
3180337045,pfmjz
7651009251,dionb
4159418444,lfctg
6971990562,hxvgb
6951524435,xqszp
5420630958,qwmgh
6393663814,qruxn
8914543037,clydu
5684477710,vanhn
7917614435,kdzpa
9783128394,bjqrb
3333356078,yhiwc
9321781700,divcc
4641146800,idvln
3108343001,vefkk
2869394518,hmacy
9612548414,hcnrw
5372791096,kbufc
2323908188,cxhcz
3479302678,nklzf
8772609765,bsadt
1486794786,wcoss
6810277894,gmhja
5758476479,tqpty
1420729820,hvyvs
1524484310,nuwlk
1257004565,jelid
3993699311,ndwqm
4033997837,eblgh
6151371302,ccyha
5999108673,cpdrl
4669882368,ghhnm
5919813618,ppyay
3072645647,jgfkk
2205469608,vicso
2155044672,pqkpd
4113431360,hhbyx
4256818728,biroq
8094957792,okhuq
8119324193,dbgln
2214962646,wfvzf
8275624232,ystjv
4739435476,rwhiw
4634105823,kuobo
8603010465,ibveq
5053752798,hhsen
4179453031,tzrgc
4161751329,kmgus
6047932722,qoszr
4284241903,pwhdf
8341368553,octyj
5268872252,wnazl
8573523499,fqedp
7388081060,pwyzy
5389370564,nxwxb
9158841899,eqtvl
9148307601,dgcba
3682521733,towdd
4348896184,gjpww
5855842278,xnbmm
1427527467,syaua
2341167888,wdhcr
6279504716,rrpwe
4446143108,quxyj
6983156126,smgbw
1234482982,azamb
4060328448,zynny
5475830230,xwrbv
2588272774,sngcz
7197275813,dzayj
6575769891,vkyvt
5363261898,dnskh
5063566929,jokxt
9292386828,qisrw
6812790879,yzwtp
1957675809,avcvl
3915541936,qtsnx
4059816580,klkdz
1844199558,rtojo
8491787827,rsipv
7812807718,qlaay
8778329956,mjurk
4318357667,ubrul
4711648943,vbwvd
2162796956,pcjad
1461096286,ypsme
3750776558,jmlvu
4823826155,futot
7223403939,xujln
2870009417,lqlrd
4105770271,tnlli
5990465758,npftc
7787805493,gtcyp
3765934409,eiiev
7106329751,sjwfr
7980716217,iaoho
7443283032,yryky
3417225468,cscre
4598969120,uxipd
6516117131,gfnxd
6225497644,ylcsa
4822825587,hgsbe
4629204456,ysywh
9943761767,ierhr
9154885473,qblbf
2784755661,ubgvu
1038463411,futuk
5926612964,ivvns
7559084076,xorex
1359846128,cjxgu
9383025196,cfget
1395550375,aawht
3256943589,czevc
4592522948,epvzi
1485108938,dydqv
9478582203,mnerb
3497041938,vqwfr
5717134519,dlehj
3700424216,nwlnz
1462523184,krbaa
7657587645,krdsk
8661948147,xpqqg
8911657398,iuraz
6340279846,suyrc
5913792960,mkble
8779769212,ujgus
9014581570,iefsh
5911039614,kzcyz
6935348297,iwmif
6214276466,ucgad
3554155150,bxfdg
7389059694,uwcam
8927193577,khhac
4326664073,tdgdk
5099577844,saiwz
7522594150,yymuc
5189708532,wdptf
1185389945,qcaue
1926914060,dhvvu
4656475197,nfvan
9341999137,efdsf
1403112425,rqymv
9013614295,zwpba
2365107077,liwqm
4315678439,jqlfs
5709466871,sdlvr
2665520026,ijqyd
2067026220,izjpq
6281846405,nltmw
3340795844,spcgw
5362804134,ceeiw
1287707167,yacio
5927467656,cgxdb
5319986587,wsqna
3661011006,smdkj
8888522635,pafre
4115693144,ldsrp
9942535069,bipyp
8267751728,czlnc
9931018078,ggaxz
2114266140,pcyit
5023891806,sdtpc
6007060376,hujpb
9792739397,dhadi
2839616777,fhgbd
2114315328,rvhec
5866509650,mufjz
5298455857,vvnbm
4259828653,wzquc
1958685827,ducdb
5904029917,rzyxw
2785385456,fwhsh
2560299473,yyqgt
9487171452,iwshe
5464158175,hxxes
8678568739,vuyeb
3146521241,xpqkj
2786152536,aozpb
7071508557,jubrw
2674089673,dqxel
8266628553,offjd
3991706867,bpeyi
7002431881,vlnxf
2708750530,dnekq
8319026228,mbwkh
3150949983,yzfbw
7790522374,lqdoo
4213366776,fxzio
5380283858,xtslo
5073389426,fegzq
3254530517,cmgil
9043493303,nvsjx
6606380128,tqpwc
2610070269,lqpzq
7054060708,dlbqt
9897630357,qcyew
5054157322,lqddn
5742712079,xdmuf
9476425372,oegtb
8837633188,bhqfq
5677979507,sfsdb
7331068418,kvimh
1590974364,mgfxv
6721256218,ctzhf
8128483528,lndxo
7149635138,tagar
7819292206,qrcpt
7573910330,lxnsh
9827496892,hpdhj
2646543253,efrvd
9748676060,alnef
2155932005,kojxf
3105960588,chnzz
9441438847,yvqeo
3975606820,uzsjk
4833845277,axeph
7578891643,bzvpm
3172257002,yofwv
3522777125,ejjuy
7598453149,ajbjg
9547608536,fascs
4401331148,sbpow
9886064225,tifyt
1630362264,zdvpk
5252040792,mtdsl
9144424848,gdrhe
5576745211,yinok
5369330835,dgjus
4894031985,qepcy
8311262789,ozysy
7968171809,fbidh
6384702407,mbqug
8320305224,jnjvo
8300579043,gonne
6494849860,kmadm
7995086422,idgnb
5480802599,fulnr
4326021369,jipky
6884687896,vqbde
7044829318,mcksr
5795591338,qyobg
7665353771,lgdfh
7535598360,iwbzc
5457994409,vnnuj
9690724684,mmwta
4253911025,rwuqs
7476229742,ydual
1582247999,hnltb
5022723016,ketnv
1416154869,bgzba
2890874284,nwojo
1253597169,ehmam
5233143767,oojkh
2450012815,vnije
5637768218,plqtu
8905636750,djicl
6788110863,pbycm
6664221745,rxyee
8418941885,cqtdf
4550219755,zklym
9091543084,gcaud
9151657489,pfome
3038381731,jhrmp
2039953735,kuzeh
2435598024,orbaz
8785766020,coslk
3364934894,ltlwr
5354844141,rkhsc
3191008478,yqqev
7590476792,rnqlr
4648443925,bnndf
2429586658,wwlzb
2051611648,euwks
5919112003,ifjlr
4059257476,ysrqu
6895212346,yuwcg
5105522618,fibdv
9478697673,rgryd
9026132222,alxkf
9050862584,ngrlc
5076692943,wuutj
7460365068,trmlb
2335116887,ihpah
9562848203,warus
5759409291,vlsna
5286686841,dmtpr
1248057806,tdkzd
5108319541,zhxol
2880758873,lqvhu
9390208656,oodll
1167737924,fxmip
3095688741,upasm
6940208297,aicle
2137155410,hjtfm
8370756304,ubuzt
8388584866,thhbf
1254308421,bicwr
6327312013,arolg
3447138007,wgmrw
1342851234,omaxu
6367826110,siiwn
7868602667,nhtro
1259239302,vaexv
3339336662,jivob
8914558834,zsfnr
7014786217,loynf
4320682441,sgqxm
6384150238,dhujz
8665580975,hoqzn
6280906892,xaqzu
9192410018,hnnoh
5972718464,xdfkx
2966198531,yeeyn
1569684179,rlkzh
4976494471,lsnjh
2248561600,zkejr
3704778768,ezrvd
4955666117,womkq
1932759189,idaud
6276916114,hbclo
9969547428,dafjc
4264225026,wgune
2222494526,djzln
8771519166,wdxfu
7034058450,rpnny
2080591655,ohsjn
7402421311,guefi
5424657971,bxzxd
8564509991,rmrkh
8415636021,qytyu
7583681018,yykno
7721396264,oczob
9035055702,jwjuq
1940896004,yldha
1011346155,lweml
3959273188,dtgjx
8532357189,beind
5682596659,idzpb
2048161849,ffuwc
1039819279,mzqvg
3007812146,xhvjw
9379289232,njemv
5210507340,frxhz
7779118952,ykjfm
2342554175,euwdg
4504951154,lkzwf
4734310626,fdtpd
9102503552,ettzd
9572512955,yzlug
2234640662,wpstd
4534944031,drsur
7774542013,xfqjd
8011733406,rypsq
7277075673,qdtvg
5409847637,oepxf
8512064166,qqbkz
4457700957,wouni
7619929953,tjjyq
1045517863,fmjwm
7815704609,cskfz
9084088373,btcdh
7714761845,vuguv
2083729519,nvplx
8368482635,vfngu
2092214510,hykeg
9716737118,ylzmi
3432478954,qdgam
7170798805,rbpdu
1538305487,pbass
7953869068,imgfu
1624342250,robmy
9715730730,aakft
9368107470,wrvhz
4291623430,joobc
7066533684,fqdfg
7420813689,odrsj
2818954625,hwgvg
8869092741,patne
5643775370,ugujo
4812605743,gglnj
2418367046,jzyjc
7762861323,kgljn
1365314545,kmsnh
7736323259,vabur
1612508746,husxp
1812349161,rvlfx
1729199265,unexy
7645148266,uuojw
3773695583,picfo
5912227553,forxs
6176128214,htmtq
4925379367,psbsk
2886737105,dkkkk
3383779103,sywjm
8893460466,ergvm
5875584319,tadns
2373138354,jfgdl
2613947748,mavax
1690356160,qanzq
7581478129,hueij
1671839844,lthfr
7274288310,wfbdn
4776316389,xbhjz
9214239539,docfr
4005823373,ozlkn
4957144359,xmvrb
8252486933,gyqra
9824693446,unjmi
6432426760,aemqu
7512893344,rqznt
1936245289,hjwvd
3952770429,llqaa
8713717885,psncx
9923509930,arjrg
9693606665,ittht
9251253818,ylxwl
7943458977,jvmij
1638471616,qszmt
1041756986,jkvtd
1261675442,dseut
1937819746,embnt
4459914564,qtdmf
2690765069,iwtrr
3899663629,ktzdc
3988488252,rxltp
6394802106,rnyvw
7854159930,cbfin
6687180511,jfizh
8624026415,mbxee
4657131109,aqjmv
9640062394,anpea
6373737234,elssx
8091169829,bgctn
6765335776,rkhpt
4554704839,ryfdw
7660775237,kouel
2731410154,qebfv
9790659622,yuigh
2036317960,uvtcp
3099318187,iopai
1848088062,aolqt
6511895327,heiwr
2561335677,sdgyp
5073002271,cqiav
6852668965,vjipl
7649510666,njhps
1532325675,znboz
1472161505,mmjji
3884973740,ylewu
1538475131,xxyrz
5419009589,xzwac
3015255355,uslrf
5413328063,pyaxg
5692475111,snakv
7815154206,gwvir
1540015846,iuqcz
7230841762,agtms
7541566017,dxmpw
2928036023,llfxa
1020775597,dopmf
5459059093,xwrlu
6832292829,lvatj
4798455988,bbrtt
1533985715,knvbs
9088412129,nkpyr
6265666311,pyjdg
4747533208,uufdn
8379470557,ykpyw
2527551778,dgbny
9811630146,otqrb
1596459964,igxsf
4632886791,cloca
2835293649,deewr
2017969958,ivrho
5180136417,xolxt
2503914062,binbz
6610453492,aowww
5239656277,hwmxa
8665756238,vdyoi
7850975722,tjibh
2462163513,hbguw
7328477165,tlrub
8908167525,ulgwe
2716208494,wzolg
2348523517,gshqn
7521677160,wndps
2643963050,lcuaz
7675244209,tuufs
9752812111,oavzy
8471543300,qoukm
4993949818,euncj
9058657097,bftzw
1585657806,qdrnh
8865214925,bakpp
4046179775,gfqqc
1375087765,ggtsw
3437933642,jrtkd
2622011396,xcpoj
6226922303,bqxha
6594954276,uwtze
3170414148,pwxdr
4380724114,grmdt
7711176394,lyrzg
5340310292,cprle
9680117977,kahih
4879698940,sfuye
8844803339,beruv
2036341763,zdszi
7030081329,pvxjn
7434566000,yymso
1021851918,bniey
2366706065,ulkfv
1588478078,zfxpy
2020649332,nmxsd
8972551050,yhrqn
6460934273,oxowj
7716559884,sbnlv
7065102316,ckpuc
5252147625,rldes
6623114490,nbics
6238720940,debis
6424727061,byatv
4922379535,nrvvp
8061943300,kawgy
7532979534,zseyi
1437089638,tyjav
8015998602,kgxqy
9345761469,vhdud
6154997030,ekhkg
5569946445,khhvu
3723936789,shftt
7271799407,xcbcz
3087450351,gxjkn
4992740547,nqfrn
5808919906,cvnvb
8895488609,hmhnm
9280184768,xrwho
1823061009,nukcj
9237426275,ztwcv
4843556593,asoaz
5060802219,deftq
1861216685,mdwbf
9900326204,ztqyn
7344958503,odret
5632706918,gyfjo
4300400467,qutqw
8508695390,cthaz
5671100717,deati
1593894685,gwqxr
6082470172,ozgsc
7988316994,oloxl
5070551914,srsnn
6996846567,fsceu
8394057671,hbdzl
9274745863,soraf
6397991466,vvgxp
5072671978,akphv
8434755366,mcqhk
2968242674,cgtkb
8110284753,gniud
8261422686,gbqio
3142352179,zyqzo
2500115863,fimif
5338267822,njfbo
6591648478,ekmhf
7103662632,mmsnp
9741696561,rnbta
3827635561,cmnhi
9279815167,rcami
9742771964,zaacz
4794892316,yayed
7176883327,vsywa
7265992336,nakdt
3059635390,gzywx
9769954669,hulvg
7527135767,yepif
8175912268,yzcbi
7839972173,qjdok
6998307814,nfyxu
6287412663,weobz
8065647562,cqdny
4029391820,bicge
1891754353,wrzvk
3397465603,ataut
1953224341,wdncw
6163489786,fujqh
4903020297,qwadf
6376247964,iusxm
6017862666,dtssm
3710500445,xyctd
2155572174,utsuf
3606982716,nsmmg
9120818342,nxpmq
2172441589,cjxuu
6475969957,lkmrl
8825288872,hfucv
7499738859,fhxhd
8589956637,xxaym
9426528460,kfntd
1873625331,voymi
6977389867,otiqb
3550058394,dhvrk
1792525118,elngd
2427356066,alchq
3560846038,itwfh
3330268084,ejjig
7819269577,jpnml
1536044228,eayjt
9006651050,xjmdy
3670654845,gdpgc
3265327101,rhsqe
7233448707,udcdf
1963883133,qlzpw
3606745354,zhujp
3742375545,nqkii
2571296901,ninfo
1494146218,vmlog
2676212311,cofuz
4151863807,sswno
3737467224,okpvv
7604927813,nrkxv
5212525981,zqmks
3816881146,rputa
5143235892,zfjti
3345510364,ofxww
7035566012,pxoqw
1243605837,gcgdc
7207795452,lpnzx
3623018675,jiano
9656493486,nytxc
3376508023,cxnlr
8965318105,qluhd
1949547159,zpxqh
6136058598,uouwx
3239063442,ywedf
3247604708,tmhem
6483967227,xffhu
5101554454,yxjpu
2160292610,pjdoh
7021557717,itkym
9875930226,uymrl
4299798908,ddugc
9104374141,rmucx
5524178445,gwfan
4305179981,kphxw
7884880477,uhsdg
4491372512,bqxap
5803512194,tqmhp
3287167091,hqovn
8344719174,cvmbe
5516347688,uezcg
9770115632,nmool
5947127397,wyunn
2750727939,cieih
5428415840,meyih
1757402046,wbugb
3683664104,ypnys
3816531444,kofkr
9102077925,qrjto
3531780196,adngi
4563914642,efvuh
9510604816,yhlig
9847798001,ejazx
8173197485,unwub
8746207222,lhfvp
5725931568,auait
5562606978,icjnh
7617155230,ucuoo
1456792443,vbvxg
1993426894,crscz
3632758533,rttdn
7370473534,ebbtw
9982557768,twgyk
4319429211,xtffy
1132362480,johaj
3930847815,coqoz
3832526550,jrkzd
2305407465,vlctx
9346876232,izqov
6847141781,gozym
5450694394,dovit
6141539970,hkalz
2385847622,bitpm
3617063669,srayx
5351572118,iagin
6753689530,qjdwk
9276442557,zvuna
2897063869,dbkpm
3216367392,dfpey
9798782569,nrior
1048137252,rbplf
4353932009,nxebe
7240343035,riqmb
8959223617,hhzpm
5939547311,kdifj
4828760476,ssqww
4383381600,hkurk
5657824740,xpndq
9677959274,txvws
3647259332,ywuls
1192862860,nqqpi
5445142959,wootg
8969772117,gjroz
3032442129,qeykl
7002146323,xvmdz
7167078145,drgue
1804547547,reide
8707801523,fajsn
2309053291,lhccp
2845276241,gjsav
4970093306,kqjgz
2285615993,qdagk
4252528577,gdhzn
6002072041,mgddp
5218786435,sbvqb
8002830859,xyzjq
3943810678,pzkus
7461874915,aamlf
2298728024,gypda
4037334651,qsrwt
8134123657,dxprc
3754217193,pqimr
9924148381,aawpx
2958823144,qebaq
5963559577,sgjye
6690817182,xnikr
6234019892,zwxfc
2108527005,otnoh
2681013051,rjtpu
4852010580,ndnet
8138937725,njvhl
8333919067,yhopj
2889056570,iqvwh
7461644815,qlhsf
8031346600,buszm
8936573154,njpjb
2057326446,jwrtj
2449557644,cptdo
5336603423,rpajh
5721147635,ynueu
6290805447,wrsak
9315332941,oklba
4813542125,mogud
5213716828,ozwxa
9259245241,iexvg
3896162442,hsmig
7862479581,oxynf
7590858877,gbxvc
9838244577,ynltm
2577342976,oldop
5307321589,phmyx
2812508395,fuloq
6490792516,ivcor
5683131061,tropq
1741357521,evcgu
1463639336,sbiyy
3364850329,gjjlt
9721942799,bszat
6427347589,eyuhk
5108041401,kobyh
7447710132,yahjo
5089566847,nnbhn
9110614813,surkn
3667127532,gliqs
7940798375,wqnbs
2226169250,reviw
7423650747,vgqtf
6237448939,mpcrt
3367148387,acsse
8075933537,ctmmz
9942610827,auetz
2526064868,jefui
4667759354,iflmy
8569491422,cuyxj
5700239556,uspdq
6270601412,izsyp
5170981061,eivkk
7471237034,mqzph
9609874224,udiqq
5794979273,zjvpf
9187642928,tdzun
4626274097,sqaxd
2736312025,qyhjh
6302655675,ozykw
9401700440,dwczs
6106508327,zbspk
1631340004,frrit
6632007854,babib
9336079619,vynyg
2816796139,evtzi
7925121188,xobhc
2543671535,ntahp
1610718042,eqhoc
8753381794,trmft
4185099602,vxilr
1463788283,brgjh
1896516887,sdkqk
2839858664,tumqn
4494990384,krekp
5780506126,ennlt
8920319609,vvece
9883029705,degwj
3115269267,byzjs
1904064299,wkspv
5647404699,ijqwy
2107266998,fuwbm
6404003438,eygaf
8474687852,wheix
6345415469,ojxfh
3357426338,hnibk
6871653488,aucjv
2340387352,bcqws
7012766890,wrmmo
8249936032,hsjgi
4749118600,lmibw
2845378531,qsayz
4748274161,nywhs
4003086703,ftbjf
5489782601,rlnep
5491173274,rqnhe
3020159655,iwoul
7299585883,gbeat
9840861029,lyffk
4603946452,hvgfe
4120495577,kubzn
6624319278,fkuqw
6531022484,fjxzw
7838818452,befco
1972599750,zhhbx
9236604165,uejyf
5562335875,vgbrn
4762152938,vcmlp
4331820080,bvcow
2730309080,rwpda
1307229309,sunsq
8363642373,vbzso
5185837441,vhipb
5424243324,nnqqi
6582361360,hohtm
9258304402,pbxzn
2793442306,mpeng
7875780860,vkcqz
7956612913,fzsnm
9277644676,uwgfl
8898107193,rqdcg
7071621893,gytxl
1780323405,vgnaj
1610755609,ezjcv
2944248464,qxmyg
6902221027,dueby
4538361250,swzeo
6237577370,knjxe
6863057765,rvinj
7549902062,ryxqm
8735687205,drxdo
5098838339,hdqmd
2611065631,ijioy
7812508569,xvhkj
7721294309,gtfzp
5571786277,ygkcp
4031189885,faalv
7668683859,cwjiu
8167001270,hzlxh
7264520822,ocrrd
3632556067,dwtzf
8186675465,qvxhe
3324640257,qxrph
3727209254,qbtye
5161479977,jnwny
7519744927,wdqqt
4153995199,ogzsu
6875761989,uhsoq
2057674375,sgqkf
4930928556,jexvu
6595885360,nbuqh
2688763735,jrfse
1756247373,cirek
1872594696,lspak
1108200853,owrof
9148476671,jtrek
4566469843,fwimz
4193002761,lgkot
7844149260,sopgg
5225817501,dqrqd
4598422228,mbfhe
1540453130,icouq
3196199405,kbqjz
5895507388,oagcz
4643902212,ywmni
3759453733,ahloy
7837263325,toydn
4769614652,lookv
8482199169,hurop
1770606392,inoyw
1060842594,ljuwq
2626737747,tpflh
5714775052,zjril
7492363468,zqlpt
7525029129,eqrvi
7530379591,rywla
8573589868,bzubc
6815509759,ontyv
1865007493,wnpvy
2354378014,hpstf
1533716639,vmpwu
3687829006,vfjda
1576833842,rzabm
4214500489,bmtng
4099101734,golsq
9239852047,qxwom
8174689209,pkhtf
9861190569,qchnu
2050623239,iqtag
1713764995,ydmhy
7496353299,bcuwp
3104567540,ggmqc
3513150589,ocdxy
3487122528,wojpt
9472239224,xqsue
4604913823,codqx
6091727182,iraht
4122700416,huufw
7727403474,bwrpt
3735079175,telsm
7297480431,lewea
8534608874,odttd
1939436674,qxmrm
4524222386,ritqy
9056648560,hhdwu
5462953268,fglen
1549401053,uodxr
9184508533,klqjz
3092292159,obepb
3112733016,alfts
6775210933,gartw
9383155866,phnhc
6777700196,bevai
5804033623,sggif
7547629874,gfrci
2561994014,rgepe
6417346442,yfqvr
1163819721,upzyq
7623666639,xypay
9087787156,jdrhm
3004414076,gpetz
2478889349,plsap
5918885779,qospv
3316523301,ipjdn
4071194730,jipge
1373131859,zrzne
9373377892,jtidy
4767275411,wyoev
8244155187,yrems
7717981867,paxfk
3727927771,jvped
5817325022,juajj
6804929407,xkuld
7763938660,tiesp
1787891737,rkwof
3839081832,ixqgk
9529482056,wzivn
9378456870,fbunu
7667101732,vhkjz
2694912677,vawtb
1972747446,vnrqn
4493525471,aqahj
9845895847,knjea
4748328962,pcebh
7139641366,mugcp
8041558210,vkziy
2385941611,spuks
7444467968,vnnfq
1281458324,kwzvz
4680570298,uslif
4584024231,bqxgl
2992822639,huboq
9819686973,oqgfx
2337066498,tjway
6009964970,ayoma
2352513977,ddmmy
6805206312,bipqg
6100071863,wjuuk
3681261327,qghni
7603978115,npyct
5019923464,zzfkd
1927244381,jqxob
2360462760,cegea
6442349206,zxlyz
3806213221,wtpve
9737411338,fzpic
9181680124,iuewb
1951829878,afgsq
1681703775,vvwkg
4786170331,vqumb
1753013268,uzxik
9058937678,whmax
7270292805,gsgum
6137661452,clhuf
9593552149,kzahn
9369318706,zbqxa
8314247469,hltzi
1488296928,egatq
6732141389,qqvbw
5159921297,zojkh
6302770274,ldyiv
4997204224,ovhkk
2622916743,dunnq
8526284042,aakbi
8351303253,qjeby
8535297461,wmwcs
4553758170,krdfi
1999543698,rqlkt
8981806276,pqhva
9894622961,nzkmn
7127749248,fljtk
3394752848,wfyzj
4675330010,szmpu
7385626748,xlluk
5308010114,oixhf
9430766821,qqodn
4522343529,yqpwn
9094398736,axrvf
9410695784,kfczu
3361115503,qrrva
1236794890,aodbn
4087683257,wxwal
2580472717,cffox
8842466674,txfcb
1389631129,heigf
6107141865,rxote
7451783303,sktzl
4901158142,ovjgo
6649507561,ukaht
3962090142,phtxr
1995215401,kzjny
7344965285,hescr
4445495275,wykot
5480256527,ysntx
9901486864,pbfnv
8755968907,enuic
6049097325,evqtx
2256361184,usugv
7103343131,tecgu
3641282602,jyylj
4650322358,myyvn
4158604965,cpoaq
4721292969,qrphv
8719504929,fryvd
8937673733,ohigr
1651410721,luttf
7709314397,vwiih
7850641322,zhscd
6772229857,vmgjz
5683402928,seruc
4481750273,zcuvu
3343306771,corvc
6839370704,zauda
6364838832,ycoax
4873578538,xwsfp
2052195253,fikcp
8807752835,rwctd
2043758437,rrlhk
8315783883,mmtpn
8889667296,czlma
5240514367,glmoo
9810099111,eafwy
2518995374,xgrqm
1362514501,oyooo
6452442068,koarw
1003091669,kjtes
5409167446,noiht
4364800164,obbfn
1384920775,vrgnx
5227125308,wmnzj
8995544444,maswf
6830781158,rxaqn
4732908306,edytv
5485790650,dkrmg
2721644745,gyqdn
8679027023,nzega
6911996505,zxzgy
9211096158,evfhn
7093367010,sdqak
7722269332,iyzrn
8841051966,jzzts
6583740170,sbsvx
4338602931,yvgdj
8681582084,lpien
6428855571,utewe
3038659848,xxrny
7298477174,dfbji
8897753791,xrrox
4488066951,uzunp
4875079909,hvogq
8507151304,qtroi
6102774774,seuby
9860203510,yjtvd
7358231340,ywfgp
8794921278,dzzha
9540633132,mkqnd
6395710782,smcyv
1643777224,pwqie
4195857813,kdcwa
9709817385,wuhtt
6656991432,gjgxs
2025559336,knzeb
8559263148,hjztm
8374068602,sjtyt
1692940703,dioae
1845752043,zeqbw
2833935295,ptqjn
8311031532,iltuv
5803897449,encbp
8462550930,kefzv
2599299473,hqgqa
3712678669,ukmap
5786623083,olehy
6873948676,jhwjv
1375717260,ttnqb
4771325989,vgfhm
9972652044,mmlde
6377175560,hqyvm
4471747482,croiy
9521062848,yymdh
2686162946,tozln
2311028356,mebzb
7389322885,eqwjj
8072416310,lbply
9524321880,yoivw
1959802081,phdwo
4004547938,coyuw
8086584540,hcted
9583743854,jlddg
8018518736,jxjxz
5373235524,lmgzb
8021443817,kmyec
2829281565,ejwnn
1164297747,bbtoc
1801592401,ozaid
7000306780,mawbp
2948994536,anlvj
7447713233,ezlkn
6254407078,oenow
9597029991,xjouv
7207947768,ibzab
7243141575,lkzqj
3514068793,anqba
3623898622,srvul
1881860197,cwyql
9748148524,fcnvr
3537611708,orspy
4009839260,obdug
9961014432,kgnxn
1431985539,vcxwl
7185100298,appnm
6455872022,yoymw
7366923331,hktea
1820134813,cjdqb
4600748495,hvixt
9427718948,zyfsr
6324646468,esrsv
6832952801,faxmm
3677254686,zhjnc
2607578734,zbsod
4591971947,jvvfc
5542532364,bxuqo
4834179967,vrrzp
8841671467,wtyne
9912175679,pfilx
9146425036,imxbv
4362280107,kusmn
4371008887,zskpn
7542331564,mofiy
7183176952,cslhu
8633258187,jqmzf
6681639811,rtfjq
9759947979,ykryk
5882145684,dccia
2319986277,xknag
9782593880,cmqml
7621390803,ozunp
1961154444,ahhwx
8332870389,udqzk
1058803223,icyiv
4861051984,dssuo
3044910107,wzkas
9750512194,eeupo
6746675856,uzzav
4745077861,zgytj
7597076327,ykhbb
5301327859,ycopy
2550908569,ahusq
5581099437,zjbrx
8742299301,apddy
3452761152,reulh
3903600820,eodmd
5681884005,hswxz
6080769931,weglu
8300491804,frxlg
9282661484,cstpq
8513274100,pbltk
9421387806,ibtcb
1416687581,brjfi
3156988204,fwace
5882059205,ftzln
9992022180,jyoil
6859329108,wdptz
8184383794,lhyjm
9415957729,lxviq
8392556611,qdysk
4959606381,pgxxu
4891267024,yyekh
3976776571,ucmat
2453541294,yawoh
4788622246,lduas
6376629958,jpjgs
5974162936,might
2219456870,edzug
4567423782,edagc
3221066721,qsrev
8060977863,yiqot
8957628953,nahvm
8038290308,ztkkf
3359987221,skaeq
1829612666,muicb
2670273538,lpfyh
9500323054,vkztu
2207275858,wyjte
2302617273,xwuzb
4427399087,xevio
9447873458,fjfxv
1677946555,lgsiw
9791225467,nboxg
7748600587,bscix
3310060758,mozdq
9569581975,qseuz
4109213886,zuayc
9528732918,qtcte
2472880487,remun
3976064598,bfsqb
1002257444,amidv
7342808774,nhhxt
2117563535,nmony
6765427034,zevxh
7027109194,eodno
4104737479,vnpiw
2289455217,zxkgz
5615008187,tyesu
8709853732,vqmlb
8845792939,dowhg
5339848885,kymmo
1646379358,akeak
6649226648,kuqtf
2065758238,ujooe
1584823996,jukgp
8393780512,jvmzu
5859080449,prwop
7840148406,kaapz
7701174205,zkiyz
8581613351,gjvah
6183302151,bdwhw
2697033013,rjbvc
7937398435,cpwgb
6646493750,ndjvr
8703786230,amnqm
5244185233,bwjlf
6071261706,gdvqi
8559987586,pvcmx
4409022075,zvhjv
1641860492,cdgrz
3270366340,gfhpt
3519234304,mcnff
1652589878,tbhby
7063287446,qcydv
6412159624,nixko
5096327664,xmbsf
2075006601,gbivt
8278018891,zbgrr
8671205650,reifm
2356677624,cncau
2843289953,fbypr
6820947511,izzxh
2539744729,gtxsd
6663312444,wnglt
8595513467,zmwyo
9194019888,iwrbu
2959717381,tebhe
9126828115,wklkd
9130620115,toewt
8123658703,cgpro
2687602302,lnlzh
8899537867,unree
5187768883,fsaue
7159138081,xffwm
3257305503,nitme
2710570007,iawaj
4436904368,bzjzl
4905322996,wcdwf
1811423861,ellnn
8335467361,njiur
6837579539,bfatt
3865576173,jxpjm
6040096734,qsuer
3533350328,wlqsl
2206125571,zqoht
2968043734,vyrzk
1966789737,nxtzo
3339815199,qnswu
7025714529,sobul
6097899407,hbjpe
2293072960,tcowv
8488750373,pnhto
3538286498,djrhl
8097924342,gpsqb
4572966615,dxczp
1866068428,ossah
2122819818,irpyn
8243120884,gdups
3277063380,zfzjl
7875136379,vfsqf
3940447021,azjtz
7303320538,iukqr
3267224679,rktxc
6635578530,nadbv
4587072514,kbcng
7940040815,iwzjg
8908982647,pnqza
9103412108,chaiu
4607896989,octeo
1642232418,wqtsm
9377015501,dvebs
5604651843,gbwza
5796026856,mslmv
5748458886,eymqc
6566293256,kwlmi
3435478954,gmlcc
9174932379,grpdy
9423797326,xoafi
9565409135,epnrh
7399610725,mksus
4224488623,ugffr
2263489226,qlerd
6704640596,orwxr
4730277888,tmflq
2417976669,kligi
5324872285,xttwq
9083136356,yjttg
9847629429,vofar
4890499063,wpixa
5240301852,uaqtq
6874303573,tiyyr
9379376544,humyf
7672742973,pkxhk
1863963620,pqqqj
9386450448,qqcqu
1704436474,lkzwy
1664451536,dkdpv
9723805004,fhdgu
2219614067,fshcn
1941432606,uettn
3889623179,nrhmp
2119397125,djefz
1782918991,raxdf
8407663209,gnxwl
1841569776,yerpf
9379433738,ltebd
2470753764,zmaih
2587068141,ztkzs
4179306482,gzrag
4157769182,csmfn
7224022869,vflyb
6394866399,ekjvv
6275209195,tfjse
9787429006,koagf
3909476181,ghaqw
6675524471,jscnu
6288662977,cnthe
7816430704,cqqjk
7610982252,ebydt
7629032572,golne
9429675274,uumin
7506188038,xiqyi
1824776082,ijjbx
1149273160,hesgh
2981191674,hmecc
5562571830,ifpzh
4886796872,dcosl
4498245206,mcrqx
4652215409,dsyyv
3404638209,sijxp
8644630613,hxczp
6268758924,zleni
1126663836,ehnch
6746784833,nvewi
1340714228,oagdv
5061806520,xvusi
6844525479,cjyev
4109944516,tkrdz
9388982171,trjnk
7917634586,ermpr
8245521101,xmiyu
8412332747,xcpfn
6758682414,ilsec
7853859256,pavkp
5333191955,qjutn
3504876854,hiijm
2312776828,jtfio
7453638185,kromo
9773498417,zatxl
9414743546,xqavk
2606666852,xkxqc
2434054169,fjckr
4695386528,gpgkj
2930382833,ksrqk
4297754650,ebshg
1642325458,qjqiu
7819970433,qfmvz
4280034502,zeqdj
6993119843,kzacq
2695581723,jyepz
9005551000,qbgwc
6405364108,olgsx
3483441918,lbwis
4325610266,hjfrr
1152694228,vuvxf
9678974212,igbhf
7446230013,wyadf
4561895066,hsmrg
9504280995,nrjbl
2300181592,ghsgg
4041319767,xihva
7584453287,gkxvl
1611221105,ebros
6124171007,xdkfo
5234140039,udruf
4831372852,sarly
3012723085,uhcdn
5834418158,hjcqa
3686750652,hgowp
8716276031,tguru
2575612684,ayqft
9345215600,pmnkg
2384896111,bidjf
4520804779,fnwhu
9250707656,jesgs
2073769546,jxvdy
9924168664,pihns
5022916762,pcoec
1286541630,ugvtt
4875472360,wwtvg
6543726882,jyiuh
1218740866,eloip
6008641927,oumvd
2907863843,whdhv
6334349842,vylyc
9441654592,woqxf
6656521421,mmplc
6423002486,tswok
4319727721,robsp
3325385111,ckimi
8343666096,mufxq
9801999806,lmoay
7100786681,yekko
5435183521,xkqfn
4917120176,fpyod
6189035972,ozevo
1033117768,junyp
9606958663,cqczz
5256334262,aktis
9978470182,bzwfe
5396727256,qhiav
3170502872,ukvsa
9774880332,eynqt
7176535706,wenfs
3948717301,zrjql
3025997555,npruu
3521393882,sveix
5068282616,ojziv
4813218146,omphm
3824990658,xnwpe
6227165502,ammmv
6583859325,gucap
2518827568,ltvaj
2439345746,ufmch
7793781491,eyhlx
9711304459,jinph
2086421623,oxlxb
9799176030,qehqh
8205771026,lwcxr
9731813063,pobxz
6980792906,qlzde
9992499970,wfnjh
8058798417,txnbl
2555165176,paqdf
5176853262,crrry
6030522751,arixj
3087275833,hweqa
7006212529,xdvkz
7073005103,dluig
3702904362,hgkjs
9752412401,uvuog
5517080578,szqoh
3301864826,yexdo
1883663490,zblov
3955983459,qrail
4581688008,adeod
9972551258,rkknf
5108605585,rstql
6589580127,gcocz
5965698115,znewx
8120594578,khdul
7183827703,aewsi
4580306887,etuxc
8941887082,tcpfn
2385250878,lxcoc
2742376258,vmsgr
3748366246,frofw
6384354588,aevzu
6580871757,bguzc
1973602645,sesgz
1182088971,acpkq
1889980728,soapo
3196242177,gzknr
6084967796,cjrhk
5496982093,yrrtf
6694490069,bygce
9373242936,wynxz
7058405925,ujwqh
8602956224,wmqny
1278774096,cnwck
5769381777,fsfoa
9733247526,sajzf
1309533318,gtxbk
2488689343,qzdxb
6822013974,ozxrw
8587902122,kijvk
2799905471,wlnmk
6208784489,jjgcq
4506107386,vyido
2939371299,lkhkr
6725622301,labxm
8750590123,fawlx
1155041537,wcihh
3045860229,rvhkm
2646897281,glaiy
1293347432,owukr
2270272041,kknjr
5482203237,avfvw
4497856704,udypi
4881953130,xtrfq
4473375945,ypgsf
7484677085,hixmz
3705873755,qqrrb
1070986535,uqedd
9591823626,ayyps
4680282725,qkwsn
7307929123,tfhkw
5204155548,uimzg
9967653852,jekec
9141414090,dowlw
7849602589,qfgll
4549753678,vhiur
3386759688,zxyge
6567031275,iffvx
4790648998,jvxmg
2125497078,eqwvz
6523825301,lmsee
6621623670,oubmx
7074249900,xikxp
6777275540,wzvqk
8125590669,vkwiy
7123308692,edyky
2063227111,daqry
8492472318,lvmod
6149352098,pezlu
4220373546,bhbeo
1786248800,cwgag
5855928288,auszb
5723355519,xkwoc
3376577198,yilpn
9188887859,tnnhv
6993539152,qglvi
8239758366,ivsvk
1657882537,jakop
1568787062,qotsz
6163201524,ssjda
3779876764,lniyh
6802839793,znqrh
7069356793,qdxlk
3974556672,ybzer
1992921552,jcmwj
9455713108,actpj
2386990023,bzpfr
8758214645,hbxgt
1959882044,fbwro
4372870637,vptty
2167964827,lyvcp
3204503478,fzscd
2961526329,saxdo
8567464167,ovdwp
8871376098,btzac
8026981228,ibcgi
6011913828,znxuy
7745990184,ijibv
2066675093,gbmul
2442692788,inpqm
5238297861,folhq
7440495373,fnjfl
2686973229,tpuld
8943958468,aoqpn
2336420518,cyjdi
3712072416,vgumd
3197466553,kqnwi
1285020907,eyeqy
2560626514,puojj
7912492435,xeace
6222916205,psylr
1689144660,vyhps
2222431587,csxex
8335738050,oankx
1837613355,cyutl
5107611918,tnqre
8610734733,nndrk
2059562886,akmze
5093254837,gjeau
7640388349,mrwyj
7300085128,chyvg
5682221486,dhcza
1053001210,niiyy
7586713364,anxht
2576295263,xwtri
5071067551,sibhh
2313611225,adbui
7383883807,kmmtf
4078537605,ychgd
4326758667,yolqc
1072594279,eoicn
7868795668,jeepq
6285245341,vlbvy
1401893827,prdzp
1101982783,bxxnq
3827841334,jlpwm
8453811088,otnfd
4971308559,qdnuj
5007554935,mmxps
8135832890,fwrse
4591086969,vxwdk
8761939769,jlerj
7021102291,evnwg
6711804787,dyuqo
5891089935,lrasm
1493647797,hamra
6143988649,tkqfc
7403739532,afzxd
8910615121,qtnuu
5385240020,zkbqt
9612330609,iyvhr
9160002447,qmyyj
3199624299,hkevx
1251892575,tgfzy
1999028976,gcpcu
2357570821,kuygj
7581329941,elvzg
7527961883,lelpe
9726001687,fpygt
9514869254,cfwqt
9262803896,ujqlc
8172199963,jhmnb
3039266923,fucrk
3550616238,rxoat
5668363559,wojnn
7099173495,hgoxu
5288823780,mydig
5207272072,tvoaz
1390610577,devao
8244090189,cwnww
6152519840,zftve
2868890022,myjfs
6938476975,ojlku
2312963578,qfhex
3544009000,tadjq
6835731096,eteas
7361758883,pmewa
5147335492,rjxje
5551204178,pvyxn
6185921059,aofac
6949787898,cjqlr
3937008399,maxlu
6289985479,gwbjl
7446416683,zuqwy
4198197529,fbltt
9273993965,wmtuo
1950716204,mllpd
3415927428,vxwbo
5527828809,ijkea
4790511185,ruvna
3944830702,tzlhv
4086553057,ckwwg
7656160481,juhqw
4430152769,gmodf
1294186624,lxasw
1517371667,eeszn
5602034748,hlazi
7374000850,tlalz
2096578852,kqhsc
3897758762,mdykh
9565131301,iyzcu
4233028506,ztaxs
7337075588,nqqga
7652261306,cpyvw
4812615257,wfsgs
8264041376,xtjew
8227383907,zdsxu
8753331189,bohwp
2904720573,chyyg
7992131324,aezvn
7451870261,blrzr
1826135297,xkdxz
1342721815,etgeh
8874004934,zeghb
8727291455,tsaxn
9174445549,stkgx
2058844922,evgnd
8842363450,howja
2471105918,lzruh
4087771908,nmvah
5706362151,kleqk
3448917367,frkhs
5874936081,yzewd
2143279637,ntdbw
6242595598,jnpcq
9286356315,uckdu
6746992639,slgmf
4781542186,xlorw
8159510512,scole
1382411058,ptdao
8315389826,gjozs
5822058757,zceqe
1839488163,plunx
6344387154,mgnlb
8291036920,zlium
5160223639,odrom
9231948310,ojrmr
2492431824,ktlms
3690217911,dqmzl
5591830484,phowz
1155280144,pedmb
3820913770,uafna
3077464551,hdiyi
7322352531,yxkwo
8448249416,xgwhj
9233183742,rczum
9250075050,lyqhe
6659207179,yluuc
5128776823,hozwr
4003066876,uupwq
1278070034,vfhbz
1139576693,tstqg
1611622033,kyxfr
3593858496,euvwy
7814593978,fkjyh
1641199708,cbusf
3423181716,wmhtb
6161942132,nnism
2916778859,nijtk
5258173601,hivkp
8086763056,hbovr
9520930780,thnzk
9249177901,fwyyl
5186714256,aayki
9991874432,rzsrc
5576737595,kpgfa
9736758575,fdbef
7956490495,mwzsm
7774669577,szqag
5791674390,mbsun
3678543851,qkcmy
2278685945,jthjo
9398536646,kgvye
3297997821,rycuv
8491807416,kprtn
6384659650,bganw
9386999554,ufgfy
1134804065,flucd
1618605923,fixay
1023821564,lebsv
5521192378,bdzri
7073225902,oxadx
6927310768,bxqly
3460279810,vkjgz
2976212294,hargr
4467363074,ymszs
2468134263,zpwpl
1858993300,xafmg
8975334215,sdgtk
3442458111,ezvvs
8167693716,lzqji
6694865049,hhjrl
1425757965,ajyoa
5099296444,nqwil
2343761228,vdant
1770636494,ncdmh
5962198501,hxrnh
1837942789,atnus
1560975148,dxacf
6599728265,wswlu
2171557770,bxywy
8863920099,nzlzc
8070031295,gxqoi
8958375103,gnotr
4825561359,ccfcq
7246709718,vwrfi
3120867811,ytgmh
7811842763,hbyhd
1783088910,srbcl
4847414444,opyae
1823579724,rcbgp
6885859757,cpswx
3676905091,gtclb
9401402702,wyzou
4224717818,ctrbj
8017607859,exeph
6692459188,ulqgg
3388523723,dmlig
7010832199,rjfit
1487220120,bigjz
4027298793,iedje
9490443904,rlrcl
2813854843,bafpy
2974412529,zxsbz
8413472940,rxnma
8244037912,ofpbq
4428267145,ylfgf
6462259891,tztan
7655145443,wmfjw
3775915727,oizaa
3162536917,llpcm
5198409604,vfnhw
6427805928,zgoeq
2788253648,mmiel
3168420107,muapl
1915695426,hybdy
9326593770,kbtrk
5934076174,dsgjf
7233445342,iiqar
5336623779,shczm
2622789110,kpfkq
7703424467,gkjjh
8626230816,xnpar
1591515067,qemzz
1315483855,fzrrj
4521808745,iafuc
9364599450,ulnxd
1737758233,cpovk
8364595884,vvbbg
5695134052,bouhs
2078862059,ryswv
2799569788,bfoms
9512282406,pqlyg
5180838624,fbimh
5290852601,xipjk
6672943786,meutz
8388728138,mvaqm
3518893631,qyvpk
3821742848,uvtdk
9588625580,swzgz
7542954189,dlizy
1360259932,zhklk
5283746504,cmfus
2785586665,zwvtp
4879371009,vweuh
1865682976,tlhgh
1468297514,ilrwl
3563871313,rueic
5126465279,ccxgn
2092673082,xppzz
8327966018,yvjer
6576448669,csdgo
3552645958,opwsg
1057449152,ltcio
5882714263,huwsl
7491239792,dtfqz
3850027404,mxybq
6924467776,udafl
8832567928,nrgqk
5862651726,vuyha
3238855328,muukv
4204057330,wiaon
7595960837,ikqyp
7088848079,vljeh
3835369378,mgabo
4602299730,duwkv
7839710697,gcltr
6998427769,hplcy
5509448190,zfiaq
7502117703,yczpe
5878869693,agfud
6828452145,voqoa
6636466887,sfyil
2248319935,cggvq
8724553726,segpm
7090783505,gyklw
2587771845,eglfr
4185779906,pnpsp
3315352605,ounjc
6869671544,ofbtl
4176313730,zhkgr
5322134392,zbtza
3002219180,wvfbt
1639666576,fwpvz
8541506920,llyay
9896675470,lpvrz
2738889637,grzgl
4017968652,gvelt
5406905451,djssb
1128018519,evuhw
9020718578,zmzww
4774879935,cnbja
1028539524,pflmv
6826549470,glnuj
7518549976,gdkwv
4973169713,jypxi
5795606156,jzefv
4481020250,drqpk
9109455898,tcnjt
1108909465,jrffy
4710006294,bauut
5788823639,mqosl
9661876389,sktdx
7943512282,mqteb
2671113395,bmszg
5218922797,dbwnb
9688892977,eiwvw
7720762526,nddgs
3078064639,glfoe
4080483493,zdouk
5425637851,zkxrr
2892260436,adftc
7776646769,aiaee
1328608702,gxyrh
1885215578,zmjbz
9937690293,zjtec
3051670931,thriq
6929101708,xhxtg
3369061859,ajreb
9875821461,alith
7161937060,bjhnm
3641725858,qisks
1404347327,acpss
7947087867,vtzzh
2187060730,zrwyb
7824501397,hrzpy
3076074016,mscjy
4116323133,wllba
4913552565,fjpcs
9708031816,kcbud
8319255216,cqztm
4917276184,kjwvy
5680175864,hnxue
1562837848,rsmvv
6774626920,rcmax
7621079347,xqhiq
5009190399,cvbvv
7779880002,ymrrv
3401987663,mhxqn
3679663442,mtgqs
7809091755,nlpjv
3128082345,isndl
7057789016,nzcpj
9478633622,oxzvp
6732483311,zrvat
2042364875,cdbkg
1134044616,ihsvv
6717888299,nsawy
3170334837,fmtik
8663026877,pvfvs
1594404165,tqjdn
8227294128,hkfrd
3025367242,ilcbv
8504399823,wjmlo
5867206742,ptwhk
8533798046,mihwn
3323999483,ticfv
8904642892,kmvxc
1701405284,xxrwq
3500619902,ygkwm
6739394471,wdorz
4557974291,qoltz
3789021383,cbvah
9128196132,jaefg
8530409381,yfjaf
3568084349,jlhog
1764022890,htrin
5200634380,jaaps
6673420021,bgszy
2918566222,dsozj
2525739221,kyldm
7585269923,qtomd
1838179224,obvlv
2197982667,begav
2957972776,akqss
1654222366,pcecr
2848595755,rjaqa
4324300439,qppdh
4681997235,nuizg
2218896686,lejen
7350790874,qjyik
9916929136,sybxg
5291870209,aobcw
6097263975,gdqks
2913772836,ujeav
1626768343,klkmu
1423998999,qvfre
8699634273,wyykt
2734916985,wayft
6855335693,mukvw
5998567307,lavji
3254102370,yspgj
5071406173,zryld
8431490638,ionrw
6237156351,rupze
8180209946,zkpzj
7768235684,wnbvu
8986859380,bvbnx
9524508458,popot
4487373628,uzqfw
6801618082,ahvqw
1362951925,oufva
1022943753,jgdej
7847181092,actio
9699388845,ovgtr
3894386103,xosuf
1318917737,kkvqz
4222755465,lxgig
9592371518,xbaiy
9915414780,fpmno
2466929206,fhlrm
3348013634,usnnw
3625572999,dckty
1435075018,sbrzo
5136365945,qtbpw
1803066286,dthwm
1283004884,gqcnq
3126641077,facbx
4593196074,jomvu
1579153516,ebkqv
7516764457,lmaqf
6390041849,odkro
4543815856,ottdw
7609391763,prvua
8740803965,xcxgb
4601404453,grwwt
5964289574,njcfu
7115476506,wvnfu
6616497410,ndiaq
7285631013,bdqnq
1817222962,tmyff
9576733862,stzhk
5949110593,zfawg
4422387719,ctmov
7138960036,jizxq
2299336231,fbotv
9561647388,xunrx
4014509737,fasnv
9637024897,szqeg
8990928431,khmmo
5573734673,wgxae
6414325212,uyzbw
3868825206,vfdon
6891031722,igvrk
9066341677,qxejt
6532678321,nttso
5237036983,lfprp
4734424525,iomhq
8868207321,vokkl
4241060200,angsc
9354641944,ycdog
7597966209,esmzl
8556536499,nkqqq
9915070603,wlkqe
6440864438,xvcjn
5837615230,bjspd
1228740027,jvdby
8595164740,kigge
3446561217,cfwmv
2715284956,tmljq
4897866382,cbygy
4971223637,rvamh
3722506430,gjhrp
3645069655,nakjm
1914503536,xummu
5781010185,xbrwc
8092733201,zqkpv
1694410483,qiezq
5973029547,cvvve
4608454611,tlxbh
6317097800,kudyd
6810643348,onaao
3870720698,rxtwx
4854879251,wejzv
4689999014,waazp
3073709590,zbucx
9767620034,vbkdw
1758694342,latxc
7481893424,jaklh
8111275107,biuwp
6702427655,kqwsl
5323656381,pkvce
9945670551,zfybf
2589025907,klgdr
5522343294,xjiik
2854330072,fzgza
4141211011,gttjb
3622526446,cgecn
4389185315,srwtz
8584749246,eztvx
5012944799,vhpfp
2976027394,jpsdl
2636291491,zjmnw
6749602878,agsnv
2258084668,zymjs
5596159348,sdvpy
8151900035,ojkpq
3624402462,bnbqe
1887041646,ctfzl
8239391402,hcsai
6679853483,fumlm
1923619284,eeyjl
5533087991,ntbms
2133359937,wlqbd
6052999050,gqyic
6052923350,ourjx
1807017954,fvjih
8011079893,rfcmq
6909030229,cqzqw
8990980309,zveur
6463737123,vhjzg
6080649695,xycyj
3065800080,pcqem
4646215681,jsfxq
8441847471,yxgjy
4046894116,niivy
9363701040,gxhui
9729790232,efkdz
9118950853,posfu
9636302044,gczvl
9968093602,autrf
5147553127,hdupm
7092864175,bckvj
1023305940,fgxkq
5836553596,qjcet
4399041515,awsxs
2875495188,uijzm
8382477367,qdgbe
6212121409,feazd
2268500146,zcudo
6953495233,szcrs
5489294963,qdywe
3064388723,kwtdk
8196358893,sxhol
8848743090,bkdjc
4510114347,cegus
8621707566,kocme
6791789169,cfqyz
9588176578,iusqi
1827087199,ecgpn
6229866915,uuxob
9411681623,mjpfg
6869567055,cnlzp
7778642319,icibb
8555619270,sbquv
7902862650,omfex
7328805058,tnuhg
8113769016,bytqn
3478440091,fohoe
4130930512,fqukx
5809261663,rnvus
3425012743,umikh
6061526317,pzslu
2650482282,drjmf
8885511830,pgkzk
8886851860,bnbdi
3176096600,zhymo
7455943258,ymarn
7845956436,qqlhm
8720725015,pnbpt
5984762818,psgcx
9394908215,yajxu
9701749102,nyqbh
6216180150,tccas
2546023053,hwsnp
3059713218,tnezx
8814787369,qobbu
9355732439,pbaeu
8637956359,gmizf
6574679828,zwrav
2356474396,sdexf
9506285377,dyynf
1932533745,rbiih
5193065093,axsaz
3801885257,tclxh
8263098590,sqqqj
3397981317,fmooo
6151087433,qxhxy
9040689480,rqqwa
7031127747,jsgsu
2101710480,hwplz
2902526977,xbrri
3458386877,zfhfh
9374957468,spngl
1650615142,rlsxy
9128652909,dfpxz
5961568093,oompg
3194784335,igxmn
4226768629,dsmao
5507967550,jxxvl
5827571661,gzlko
5760253237,jqgyn
1790191735,weuku
6414504555,hbnna
5174794161,jvrsg
8216787384,nraaf
5446128652,cpnbl
7350939873,ushyg
5683150350,gwurq
2634581120,rgumu
4624311973,xsuky
3969042136,ddzne
4699662833,pxyoy
2377726755,mdnee
8609120338,qovpb
4435734363,vgviw
5157814452,mbnnb
1602864515,drlzs
8114262692,qodnn
9883579288,opzge
1797698162,bxeje
6193713427,xbiba
3476504427,elnpk
9260052455,vlsnt
4952852205,rsyou
6039230635,mxpxz
7451482302,eouey
6919913161,wubdk
5589778903,mqenw
3758674212,ostpd
6439116669,ulsoo
3629006312,fpzck
1110348624,cmthd
5038140996,vmufc
3297461055,yamuo
5825243459,yhtxf
5480831147,imrig
1599913534,liftz
8867058827,zkulu
3631886950,pzqli
3893824702,ygnmc
5128634342,wadag
1356043988,xmrzu
2982357552,xwenx
4890542273,szugb
6781223010,vebrw
5253925779,fyrcl
6811018638,assjv
5323999469,mqvuy
9463761136,nxshk
9547208039,cpczq
5804275797,ozfpv
6407549637,szwzq
1428766538,ksiir
2802267740,bmgub
3254843365,chgua
8330149912,itmex
1615238789,mpsal
3357177934,vsiii
1467838014,eefep
5081710507,ruipw
5533614684,ftpxo
8051138156,tpkvr
9652016993,rubmp
1156548171,ekgxh
2406900265,zrlvd
7218632463,uuzbk
7548624191,zmbhv
6116011748,imabz
6124926837,nqhpd
5200604556,vzybp
6234412652,afmei
3881545279,sjelr
2537061893,qnknj
6971304965,bihzk
3155669141,evfbd
7397776399,kmopi
2509094615,xomgw
5641736683,hazji
6643334219,nrxeu
4041848531,qrsll
3222930715,taqul
6177839517,vqtqx
9519204652,kmtdm
9519431212,tzmwj
8611647425,vxnsk
2138786958,hukbp
1325593812,qxttg
3054809467,vwsal
5945251565,kjzph
6827909767,yxnyu
1338663989,mcavi
2069783572,dzsmd
4897855461,cgnsu
2058324496,qndef
1781187962,zpnnb
5795946698,zcmkk
3507846276,dsdtw
2530960386,bycim
2054632078,iujmd
5650623689,ogcer
8808201745,phfsm
8068536644,rikrb
7700832531,svexn
5272053150,wileq
6652533973,jmxza
4627749885,tstxy
5922788713,fhsle
6460899254,wqsxv
6640797977,ylvro
1186328925,qekzm
1190283052,vzjwk
4628234419,rqkob
7260788127,qdzvx
6604826282,bikpk
2212670592,cbbsc
8871293484,lnsty
5627453971,undkj
5437267182,ieion
4619522558,sbyzj
8689859890,aenlx
1873400710,rkneu
6975364193,nrnus
7611410883,xwncp
3694883419,kpuaf
8851244944,uxeiu
7432875240,vlgso
2220731310,enppi
2994752001,mfrdw
6637279793,buzkv
3863436119,gqsrb
6629855179,xnwhd
9023611472,xfvbw
9872989835,ziuhh
8624152769,tzkaj
7310667902,kkwdh
9859834317,dreqk
3746526166,atcgi
6803876169,endgh
8808724666,fzkpq
3213118442,vrark
8926094704,dkqde
5924869876,suxwt
1094762132,bvuir
6368556851,ulzqf
1074638706,sefkx
6115138996,dtafg
4491375767,makle
2067181832,vupja
7148674041,dsouz
1049973416,khcca
9786118360,ltbaj
4735741916,grzei
8525629242,xwnnn
4671177743,bzuts
7272504159,rhoum
4809542307,ycljp
2179097584,kdzwr
1619581362,sskip
3704673797,xudcs
8536852131,kuljo
5895103540,ceivn
5817731788,iwltf
9956692055,jnttk
2054815018,bmcdq
6166997767,yzexx
2079814663,nyakj
5092753360,qsfry
1851584262,cbrlv
8827078415,dutcw
5000262435,jayeo
2270575248,xvovx
1569907504,wcssg
1943295040,yjuzn
3912892752,meson
9686476557,qvrim
7723845645,tinhc
2269797726,yvxbd
4928070005,htfuo
5551259058,ihumr
1794942245,bodmz
1747737330,tqleh
4576261296,gloib
7450087434,hvqzj
9351619851,eueoo
4808871700,rvods
1045931241,vukfw
3920420899,gfecs
9744654503,pbtcf
7757976191,aswnw
1656642767,cslnp
8036963904,wnguw
2395510782,seede
7847457154,knbde
3092702237,alamr
4540395978,wtcji
7492068005,pkezs
6607851151,thktt
6302502708,xrjpo
9140564259,ysmtf
3005473426,wegfv
2499435030,wfomd
6751545936,tycye
8683691540,wsbji
6060833796,couav
8520996099,gkgwe
4558523233,fzmqa
8302652571,bsrbd
8994415772,fvwwc
7144792724,bxpwo
3203665697,bpbap
5412899932,dugpp
5763039138,ysltl
7477453686,scyrs
4141851697,skrkh
5041060289,pqkjo
2878241123,dgodk
4377977148,xdcdk
1770763141,iejdj
3248901664,envaj
2606850027,byqff
6504033002,rchpp
2134254441,rbqih
5554097345,tsibc
3605135392,jhrfb
2111721259,fbrmv
8266659056,bykft
5825878322,hwfxk
8090121254,cixql
2941056724,ghkql
6182316285,koiqm
4501849529,edmhz
2758717482,vncaa
8084135585,ibbbm
6779039734,ydsgf
3880145873,xpfzb
9482661516,oosuf
6505916836,xtnqr
2890855816,skjmu
2148862444,aoigw
1248473961,kjrav
3768052458,ipnji
8641033609,styiw
2915390850,sfvqu
1219244988,ocwww
6836047573,fqxpm
5537396326,zaucb
5263425722,biuao
2490672216,lidyh
6966586587,dzahl
7398201103,ivcjv
1182291372,xrlpz
5754033258,rxaii
6607526762,lakhi
6856946764,anwsg
7920567037,gedzy
4806268638,qhonk
6176719109,oybkf
5383713993,svtyg
2348567635,vpxjl
7518293147,qfbbm
8918450879,ezjel
2195504192,vriab
2642485866,xothz
3280338757,nmlts
5782116989,nhxhv
9674980254,dazob
2975770857,wvtrk
3338817394,dqgko
8685885880,hqtqx
2628376883,kvwss
4827579161,xkswa
1154756093,akgrr
7811697205,owcfb
4773983690,rzptv
3693007486,ouerf
1464710250,pfdix
4996137583,bpjfx
5539221983,kkgxa
8293654474,poxfg
3865799166,aeakl
4729131641,uxfpn
4166001096,zuerb
8599616175,flmvd
9587383625,kervw
3431366030,knnih
3724155562,wpdmn
7917433256,xxbxu
9871287617,asigw
4180023032,jixya
4471616140,uhpfe
9104128213,peyzx
3275916867,hkupq
2329048816,mieac
7058571089,yqauj
4845960049,lgeoo
7337898957,rafac
1825156166,efngc
4859087446,wvxmo
2336950909,puwyr
5340892455,qptgz
9490851938,dhrba
9969162111,udgne
9558952251,ggmyi
1740801012,mpqwp
5507329820,axifa
5379523154,msxqn
7243755828,vhnzh
1484244162,xgzwz
2577980040,vitgu
5601792290,rsrtz
1746382713,ksvtp
6433817555,eqtcw
1083997548,cjyhw
8910974606,tmrew
6972126659,athfc
1734928697,htyvh
7411453659,bavwu
3888001565,bzend
7216075332,pryjs
1558688798,cmphv
1908331205,uumsw
2340350893,goevq
3223666857,gkjae
2435053527,itumb
1578020338,xcwzy
8474409728,vfhqb
8305672940,kegmc
4941395145,dexhy
8166673915,ycoxd
5348291278,zldgd
9854991171,nvqhs
4757292528,fdteo
7737897353,wpsns
1030148493,lcwjk
7268941830,rkmun
6102747388,rfsjl
9247958167,klvfy
7393659679,pxzcc
1449621294,luegb
5714290907,rnvbh
7948638338,nkoyh
1464542950,qcsvi
1569561078,hbwvt
4610078827,kokht
5686370712,afswr
4594289137,dmimx
2276258732,bsqwx
5243776839,izrbv
9048882369,mybhl
8197434142,wrgrd
6106257198,lewoi
4160011123,ckzek
2396540431,qpntv
3951962762,jrrxs
7240992352,ojpww
5209739225,lvlxe
6159277404,sprnp
7804160045,lvdcg
6992488384,blxov
3709257287,hagut
7555210631,wwnbo
1409105388,pdjyj
2923846697,bjswr
6607709640,ruxuo
1142538910,bnvuk
4702063993,kffht
3640382685,uxogx
2463048021,dxozd
1057554700,zbjcw
5491344550,pxzsa
2169888739,gfumn
4046326331,zlars
8889685946,dhdmy
7573966088,tjfab
2203915589,tzkvz
4472670242,vulfm
9924999207,fwnlx
5408476525,byzig
6852477603,izomn
8623477171,ofuxz
1489325216,ptrqw
5840221725,uhqjk
1460314360,eccni
7074157001,qioiz
7220161807,ljnpe
1589043122,uikjn
5044054272,llucq
3615006765,atnhu
3444784639,tuetz
5429923869,fwsll
7289254813,exvcs
4825634890,lccgi
4108375113,suprf
8765554458,sxdze
7366900672,uohfl
4953703913,mhohi
7890534157,cpdyu
6559993018,rqzst
6008464002,sxklf
8249756394,zhvkd
3897841979,pibwv
9776890808,fjhhp
8171306276,uouom
9018620073,xjfme
4176991076,fnnef
2613343667,usqbk
9633180070,lwhev
8815282894,hqhww
7059684918,zdegn
3052505065,teglc
6648837511,gbubb
4699949048,aylno
4716509228,xfmfm
4499510998,fdcqa
8216961799,nlhjx
3103741530,papnv
8184391554,wssvh
6146467709,bkzdj
1318583283,snzca
1856540189,jxhvx
5935553425,vzkkd
1572871729,hzazf
9818706471,smzge
4340378588,syeck
2054995943,eomfp
8920940442,akdhf
2393919222,vichi
5663316438,qzuib
3153719931,ywgxd
2451086535,gdthk
1573287127,asmag
4155773329,ihdrq
3889350774,phcmg
8232013812,eqxyw
9436381266,maqye
5581155458,cexlm
2281585019,tisve
4425661642,zynnm
1097822783,fqkvl
5691580135,paimj
9913521916,mkiwz
8348391104,ciyvq
6622489626,xhdco
2214231728,zihtb
6334513919,zvpjz
9431956919,trerc
2132537357,entsl
7526835664,qqczc
4090739266,znvqy
5700374811,ywher
2685322388,ysjyd
3680160174,dqece
4008891173,ftckp
4512509517,dchgu
3458055304,jsawf
9634646113,hkljp
4916863842,fuyso
9619342009,yfjhn
7635466244,yizwl
5821043018,uzhzd
9245917227,kdxli
2946916066,ticpd
1627250683,wlvkx
1416763109,gfnzw
7954657251,rmcni
5791548295,vjkah
4641840065,sjqxy
4003798727,hmzcu
3487323515,vquht
8192493284,bldhs
9802869170,nppje
6247152168,cphfb
3696042052,xmvlw
1579654486,yxyhw
5211091023,ghcwi
6535302867,jedbl
6426996921,jzvet
1267142739,ilmsk
7648795478,eomwo
3229993535,sulep
8451077713,nxleh
7135287796,hfisu
3961253215,bxirm
6809913386,hovsx
1989015898,ztimi
7141424997,osslm
8834745263,bcmrj
8133133621,cxwya
6964711315,cbcna
2841198724,iexwg
3295885625,fhafx
9071587059,eblko
1697062174,mqlyj
6184920620,lthlg
1712556068,ekxvz
2143418145,tlhhz
1932740472,fbtmt
7022393200,nwryo
6340293044,bvavq
9081783588,ehmyr
6617606179,duitf
6293243640,asaif
8815190635,nwdhn
3397315593,nymzz
9484037338,tkjzo
6685242211,pgsmd
9246478730,eeozq
3941533517,qtjar
2786420537,gqpif
8212543744,rluht
5843075342,oorcz
5400838369,clmho
9934713049,tjaqj
8335782913,kqbiq
4086725442,akikb
4295293990,oxdrx
1711400268,qtizp
7152774119,zxadb
9899613030,mwngi
3206356890,hucdn
7323117986,keljs
3292395385,slckm
3129169628,nbvzh
7438297217,hfbku
5199762456,fueed
3113279034,wtmkm
2191164878,lqmey
3880437646,armwk
5914775227,clpig
9113058290,gvyat
9711469777,woxsp
9892470448,mwqiz
1354502399,cdqjg
2601034963,zwate
6231914066,fdaej
7239644103,suuff
9939569932,fvfby
8758474885,pvxsb
4703495794,cbbut
9548401353,civyr
3357660989,fadhk
9927511640,fgnoo
5280970894,ubbwv
8240050828,ybmln
9920537747,uolwl
4278326180,fhmpp
4643338959,ulkcv
3504185232,kyquo
7819104812,dazqk
7864171716,tlrvz
1959809086,klqhx
6491718180,jglco
6298803015,dhuhq
8879796701,kfpyn
5630950600,wdgve
6460970817,evhqc
7631599769,iorbq
4688429378,lydyo
2668646811,obpip
9825238692,fjjtc
1637591944,wymyy
6476011266,sosch
6448266619,jdgeq
3862762410,kirfh
7716916340,pioeq
6788882305,dhtci
3374201495,uocfj
6893380639,olsqh
3936009808,thymp
8306232789,utjea
4804888307,cpbry
9032741853,pgfwd
2278901205,awwrd
8629213886,jeucn
8536259854,qpuhe
9994744261,scdgj
8793685643,gxquy
9743349479,saftt
2077853874,hjpzk
3379622162,rzuqf
3646366593,hleui
6873766983,djosr
3318609202,bcqmv
8313464285,eyvjg
5687272996,vezuo
2216691876,esnli
6097575045,gsbui
6721920465,dyino
4630171483,vojcn
9136152086,qficr
7977627757,vabfg
6215303109,fqmls
9250454323,vlcgi
4182211607,ixocw
4026672751,urxze
8353362939,oasbz
7877252191,mnlmz
2063021913,puljw
1130884563,owdla
4768725373,qczjd
7079975919,ukdxp
1303401548,ogfjb
5908668374,khpyw
4095911799,rwcap
8846103558,lmvqw
2062084612,nayjg
1847502173,wuozi
9345141941,uiswa
5292975016,cvojo
5216708008,cityk
1647615082,fyfaj
4781507016,pincc
4282953240,lnwyk
9180726705,lsamb
2625193110,zpfoh
6762336896,odlwp
5255806256,youyy
4933766652,wbqgy
8064816959,zpajp
8465055430,jhbxk
9725136675,vbztb
2615865580,apful
3038811899,qmjcc
1246948128,cknuv
2721061219,aiuyk
4414704090,cqwdo
3970961416,adxil
9401753533,sengn
3051158210,akfut
6082130190,sixdh
2627657030,dqiyr
2240874889,ewpjw
2178274216,eioai
8401511970,qukqx
5412825020,gzzlr
6116564133,axfla
8497556066,dfywo
7036742313,nslsj
8738230256,mlvgz
4731631672,ubejc
4776340761,agguq
2275338234,bfycr
1532726044,cpnsb
5943749265,ngkgm
1486730704,qjiwr
7777498072,xeelc
3050040108,djtmi
3669601870,rjgcb
7816148182,jzuvf
9098429618,geaam
8587366425,ejkxx
9316437248,fkdna
3699933579,nqkte
7419614988,lciyl
8075069496,pklev
1328387979,hoabo
9658001330,xccrl
3537108486,hlbpx
1014888330,wndhs
8335664274,cikpx
6717133189,eaqeh
2807322486,ltqqn
5479874284,frikh
8489017903,dzzzg
8923210763,edakf
2285752526,rjcnz
2224314381,makhc
2406775541,udmem
9771719294,cckho
9434172661,cqype
6909525615,ksyit
9832714238,xqqgq
8404342083,celvh
9760625565,wkeye
8675581170,dxnyy
8107485061,bexvt
8467611562,kafil
2644957603,qbgdp
2635683365,vlgtw
9438933121,rtham
6651179069,obehf
7209716461,ssaci
3021876798,vtpwj
4973664971,dnwty
5713400968,cimdh
2975596298,fzfzv
9857700448,nwdra
6700808172,fszcr
6493106366,vpdkc
4442626870,ewllq
5814041023,cfbbh
3136529308,wcknh
9915860393,rclzb
9942787511,icbxl
9356147565,cnonw
7468260767,awldb
9008640454,lnraw
3919458365,dkuba
2679812179,xzwmk
7558808047,ppfgq
2183891646,dvgar
4951339284,hkzcy
6988640148,eckxv
5029221808,lovds
3530924608,fjmhz
3983035687,skmbh
4607627321,pzyvo
2189952143,drxxc
2116477928,vbgjc
9926619159,wchiv
2898789305,uadtl
3725646127,ybobe
7246921228,dfbkw
4726814605,lfsrv
8213529434,ljrbg
6901243336,ghoqr
5844932857,pzouz
6314930890,govyb
4748910980,nkwlw
3726696218,tuatj
9028816748,shhwy
2309604643,iogji
1104870752,nfiiq
3015424565,kcyuy
6115248715,zpgpm
9024914796,nxpcb
2518488415,zenwc
8983709340,xlcqa
7723052361,wmbfz
1204721700,mampb
5922287593,egxni
4654052328,yfxkm
5571133173,otadv
8337218180,ovlda
7809672849,ndava
1532540349,xjzpv
1144097218,jwguz
7644372311,fjlsx
1783452523,frjyj
5816610285,hrunv
2419220736,apfno
2958354501,esjof
9784311783,hlkfm
4913933532,odagn
9593989405,dzpwt
9998276098,mjnmw
6443578869,zuhli
4106104656,gwsbl
1530633023,wqguy
9401649422,aukmc
5718002890,hslgj
2748228125,hvvgv
6976966280,tljts
8249601219,ylnau
2647248092,bevza
3289084736,vdaxz
3350342226,ektpb
3834554080,btuyl
9870978855,urpii
4877759574,kscmb
9991467114,rowkq
4150375575,uxtdx
3734942874,hsexa
3604403437,vgzau
1776861154,jxhog
7146208211,mbanu
5846100422,bqerg
5552085662,ynvmv
7094314665,frxda
1513794901,zrrui
7939655590,luoyf
6103390094,wzjse
9904224167,rlrlb
7001197202,zeysk
7924207724,ayqff
4294087870,nrepa
9148644981,dwlts
4632765170,qxzlk
6103849032,egiqt
7787701083,nrbad
9364981811,sdkao
9426981769,fomec
7032475680,kadkt
3957491183,kogmp
1297354305,ihdux
2334388264,adytz
3065471058,ghlan
2403885424,bzqac
3156049693,tuorn
8687946810,wdise
9027340237,xwulk
1264838909,xqkxk
9125727909,vttdm
1745642064,hkhsa
5265173870,hcpfo
2227795015,dealj
5308139297,vxqts
4920335588,gnhad
1246925418,fduza
4176467843,wrwzg
9171684768,iauxf
7825920881,uoffv
7476225984,mqqsy
4779619673,poydv
8240755581,nydun
1605562129,qbcqi
2377933847,roxtz
2666007383,melrv
3989737582,jvgod
1569550818,orhux
5132025689,ngrpc
1167524938,aepnt
6044517632,ybqvf
7477921054,jpdri
4908908261,wngtt
7051067089,jkndd
9331361810,cxrii
9089356240,gwdfl
2245474666,tjnkl
3847144882,szgkj
8405630473,fcirl
8445891290,bnhpq
2642643086,ttubm
3775065881,jarbr
2722526257,todxt
6973004179,dubis
5272655854,mxyqb
5737092686,tnceo
6623210458,fkghj
6136581371,uiioj
2076226697,qgoga
2219164562,xmctf
2431697688,kibge
7591255603,oueeq
9017295692,hfjiu
8465286514,ixmag
5417810464,lunut
8615911023,adxub
2198662913,cjouu
5530277065,culnz
4350857422,ndcax
7962471069,magjk
4377192887,tlysm
9791600742,mjclk
6460939313,ntoom
8241892353,egfqn
5754043771,pfqyc
6419239155,xmblv
4174983208,exbjk
1354750094,jpvaq
4925662463,vgyvs
3090676750,chuxh
1435470858,bgajj
9269470170,vgkdj
1304663241,cgcwx
1236556445,rtdsm
4870934753,obnin
4345395474,luqjn
1928715987,piqri
2824788881,mxyot
4065752037,gdjkx
2390096210,pkctp
4833652442,tvgmy
7954508652,jnfgt
3370371894,lqibo
8806091791,ksmdj
8558958597,hxebj
6077317540,gvpyv
9242269744,bzsgk
5337073884,pkayv
4090612205,szusm
3350004296,mxuur
2186729831,iovon
5643821156,mcvxo
9533935449,zlwpx
8356202598,fauhb
5291451494,zhorx
5142992543,feoec
8037685810,nhatg
9939272779,bhhog
8307715905,sthyg
2562957531,eneyc
6521592039,nyumn
3306253207,ahfed
4522496120,qnvuk
2444359875,qnojo
8772959074,ghdgg
2252823020,efjqk
9062933981,jfldn
3030978216,ydtpu
5847610222,yebwg
6118083066,iqxns
7034095254,gxsmt
7675191191,ebxbe
3783065446,qzghh
9935374596,ygccz
3253875487,vffms
2984693830,etwtu
8551973108,capoh
6067873176,pgmqs
8350930825,dtvyi
7299321730,vzror
2325082805,vvuan
8557601041,lnrki
4082528722,llgrv
9936277560,nhzag
2005170871,yblan
7425261586,ucnbr
4916468759,ywfil
3764529188,zdows
6575173280,wqfus
6543792413,zbhrn
6196261121,chaor
2474282984,rdeoz
9584174888,qxcfn
1821646570,zguiq
3807823544,aqfar
6579477762,rjbjx
5427537897,scoxs
1354402061,awimb
3024586799,evyxl
2453694842,ueeqg
8544827820,skfgh
8857653117,zzaot
9663115965,cjrih
5668656944,cizyp
1358342008,oiarl
1991180282,mgnxl
6867829624,jaozh
3146868279,evxuz
6571403517,emqef
1068648213,skond
3724752479,unurl
4682957906,wiqxa
5292519860,ultdr
3117103546,tulnh
4818869675,saryn
5688868599,plcmm
2691450865,nozvq
8349610213,wgfqo
7557000668,ajmrp
2375141854,teoux
1036247900,jpeik
7590012027,dlusd
6135926824,kaxda
7804858952,exjpz
5930029151,rwwcm
4269336471,lxxnl
4273759699,eplvq
5554456772,myosb
5524764366,xyfjv
6906013450,gmtui
3951068486,djtje
3840226624,mjypj
7646493729,vktqm
9459883527,yubfa
7738736317,mtcnd
4798449809,miznx
2661489724,jbzbl
6800753976,tqrcz
5947795900,orclb
8136374906,ljdah
9102583376,onxpn
3810304685,pheii
3203128832,acmsq
6408570407,hkfta
9413190991,hlhue
5105014022,dwmbx
6563428236,zzibe
2742643722,ruiil
7657050116,rejug
2623373393,kvpau
7447249874,iaptr
6704046631,fbttw
3339263556,llzth
3302599935,anasf
7681662265,rzsmi
1435043064,ktqet
1629578273,mkkxq
8056856814,lucnn
1295233930,zzmnc
4908100758,fgyjl
2920839692,bngiy
4107446017,wurpv
6164786641,hvicc
4782113757,uknci
1197932971,riync
8711240006,laees
9350644625,cxttm
2829594934,tvjox
9883272996,wfmsx
9862020433,jdeto
9616001572,dhqzv
4540684262,rvcoz
8290992451,qnjkg
8469927397,jwzcn
4086456598,mzpee
6738771517,uxmnl
7980750227,ognry
7324936275,jekck
8462411338,jvraq
6419448246,hclsx
6138375573,ydwsg
8231300870,ppgav
3137647775,wfcjn
2887797385,jdxbq
8023985074,nexrq
5020407727,pevso
2780007689,gzwmm
8679348506,lcqvc
8382129692,ayvxp
2200897657,uyjsa
9300370922,auawp
3377781040,jjwns
9673433591,wcnuo
8929960616,qhbnv
7413788469,wuwda
4852094071,erltn
7792216076,wyudg
8223925773,ifabb
8255282510,kwmba
6687767714,xeazp
4458914891,crlly
1584866792,ewqvz
8788106199,nhfnk
6798345016,ewwtq
3860581048,npdvy
4762327017,ezcmc
8912861100,vbouv
3290015007,zldcu
6544891267,pfqaa
3353843555,ftznr
6561234448,qcorh
5760940625,axvkt
5917754227,tcovx
6184156743,xqnwa
9683654875,cqfcu
9720439413,ptuzw
1330912209,pxmxj
1581557757,ozbue
5916097459,vvxur
3743213322,jfhss
3683246983,vvkak
1604532726,edaxi
1893535448,ahkez
7187133973,fscua
1574816869,bhqqr
6005004599,catni
4457751343,zmarq
2350574445,eimrq
7001329857,nfmln
8690123967,ydqmd
1495029277,suneb
8144107179,ewwpf
2977384937,mfbtc
4139208355,ofgfu
9813164579,cmgqy
5524168034,zoofl
7739448589,edzop
3294932654,abdss
1366914310,ecdpd
7107852684,veggn
3925857459,kqncy
8422843359,uxooi
3636573937,lticr
5180409949,evgvd
4800152736,uuepk
1356303881,mwawm
6634710972,oljnx
2604195336,wqxqg
7093209263,wdexc
9474079702,iyaml
2910736891,aqbjh
3646182058,hkiyr
4890115816,serkv
1346672161,onvor
8236693787,flzav
9487965305,smiyt
7613270049,xaskl
3815441257,asoab
1298987081,ushla
6471863813,rgkls
1769257300,iknzh
5613755163,boiin
2503270568,negmk
6374051447,ifvpt
6622432693,qsczb
8629473030,uxwon
8756045968,jkbms
1462665536,ylgnp
7366055693,rsvqd
3150336463,glqwl
7302533765,fscca
4877019707,jaqvh
3108695008,jmnrq
8163407535,fnygs
8358708037,zojeg
7796386369,djvwp
6179910291,pnpcv
7846336766,ccplh
7280597998,obxif
3334799464,xnhfm
5964937204,okezz
7614948324,sersk
4826127909,ofuwq
3481336788,kzncp
7088829840,ivqok
4085484551,udmwr
7213437689,xuizy
7390093535,czjha
3947316888,pfnli
7041955646,zeyhp
7254282983,gorvn
3930976093,mkuos
6819340509,xgmfp
1055789908,gtuds
8816721311,zstzr
8361985246,syjru
1417996172,trlkb
8051993726,pofvi
1837370518,bhekd
3962840286,bibkz
8232162849,vnkwt
5563274977,aodgq
5377505270,ftvtc
9593134538,ecobw
3417971909,pmeca
4910658807,bocfh
7197991340,cilue
9493031903,eoige
2256532351,xnrtt
8514839388,xyqbp
1660475720,qjdwy
7518482846,kzwys
7976549178,nhscc
6611697710,kgzqu
3376718518,lpviv
4339127779,ozqco
1418629839,ekqww
1953891233,sogtm
4825555756,mdpof
2932472145,coqyw
3244948349,bvnih
4870528335,avqfj
4122999006,clydc
2641885926,iupnu
2236338335,whgtt
6560876029,ntiuc
1320230730,xlsxs
2574466486,kuumu
5956235657,vnsdj
9273768614,gehla
7148225784,gqbtm
9221675179,kgouo
3479096627,kepig
7421485556,alitx
1131288813,bgcrc
3029094605,otsvq
2454663954,fpeyl
8298749108,umohz
9730725041,rdolp
7193127691,bggmt
5965998374,tsnig
4796649383,uqcay
4487890582,yxfyb
9359996496,nfojj
5138345739,uaqhv
9249981736,yyjbs
5380112247,eivko
8967154156,txehw
8299978199,xcooe
5024273503,wepaf
9379324523,ggmdh
9117531756,ykldj
6864047207,flqni
8140200546,bnpdg
9011652173,xdaze
3633103594,lqddf
9787251874,snxlh
6017229632,umrpy
4059323845,vguyl
8964147523,olppu
4338148708,wdavf
7286562437,bofxf
9537669844,upanb
8594089443,lepei
1841871502,etevt
9962032640,eofxu
5328988401,egybb
3568240740,rzpuq
8566882031,eaodw
6742301109,aqlaq
7178459750,vbecp
9604074063,xrzxc
6141092830,ohjwc
8883784192,ynfei
4729965194,iobwg
7504592516,pjhjp
3441336666,srhil
6043105673,movvc
5498020571,zwutu
1009024071,dbzaq
7808021203,eeban
6863407407,ypmlp
2100301528,qktud
8067461779,hbsyv
8369352758,nivhq
6619867167,qspfu
4689424876,vyped
1398172007,fkwel
4930564686,kqrwg
1792363884,ocinr
1577699401,ybyub
8513292288,vfwof
3158060312,kyslz
2682523219,awfju
6699122734,evicv
7132289514,jdsrq
8178803568,pwpmy
7222858029,yyawv
2207089562,uwkdv
9811488502,ecwzv
4410843862,lcpdo
3127692463,wvzlz
8862828391,atzmc
7824479338,wocnm
5274770352,iyobd
1234384938,lrauf
8599365996,xuryb
1969819623,dajzj
8231183240,rzyar
5205741805,wyocl
2575209859,sbjei
7463524521,hvrfm
3740613489,vuwja
5993636865,fjiez
8351783996,usnkg
1207288535,eorgj
4649185444,xochr
3275809995,ebfnr
2244646732,wwfzl
5396451030,wzrup
2615085292,nszuo
5262365174,rtyyz
8940454616,bxtyf
1119139720,zsgyh
9780803124,bnjrd
1445463324,jhonw
5040283672,egyus
3596794474,xexrf
4514402773,ybvga
7116817460,fyrou
4098865017,brbfl
8052567887,opsrs
8250782514,xhfpa
2516678763,dfvgo
8898218348,xadre
4839073962,iasfl
9541488957,viocb
1537978396,vcwuk
8320629428,tsfnu
2455453311,hkdas
1216864082,yoxak
4327796143,ljozd
4589169671,elqje
9845320223,hkdry
9949197346,wqiyz
7453835013,qgzkz
6964991925,kpuam
7926754849,kbkto
8250884691,ysczv
8792560692,dtwip
5794262858,wxsxt
1409009560,iurle
9094460231,lvjzk
5843195293,uklmm
7093342481,ahmhj
9023147401,ohnmx
1812360917,lslph
2491518222,reirw
5778749901,hjgjd
6945301496,matgq
6130235242,zagrg
7052812226,deaom
8570441848,bzlwq
5877225454,hvoqs
2102610527,eamme
4758524294,fghop
2261734028,xwdky
3055796183,kgkxz
2923192316,zfmln
3098968686,vdqye
8214490897,vjvdx
2573152739,uzyqm
4809727023,mrjwg
7743196470,cjtco
2015124896,hbhld
6280458220,zkrlc
1482064431,pszez
8338025193,ketdv
6985965149,ndiai
5010563340,vfeep
4471560908,wythm
5714292656,pobak
6325255725,ivzrd
4183673313,yaioq
8724320716,cosvu
6006550910,xevvm
7396095294,eoixg
2712630356,iiwcu
7843982771,rmadx
8012962280,zosrr
3520712992,fsjjw
3335695444,kdpjc
2752507185,asoet
2351310705,jqghe
7261246171,yghwl
6315547424,fdewq
2407389092,snkcc
4930452784,evbht
3606112396,cmefi
3450808352,qqpsl
4510403337,nqwop
5700480678,bdtgy
4799086877,fiaul
5328236337,sitiz
2527036040,omkae
9578329361,ndvxg
5384858621,kitqd
1379857363,ogjog
6994016552,xprjy
6765661032,zfrrw
2020636868,yyzmr
3903698344,cdvnq
7682758880,mtnkj
2278757784,vbdpq
3261022472,hvfrg
7453740190,kchmz
2541826731,xwifh
1281104405,rxish
8188731896,jxhsk
3743049043,dgftd
3348555647,jewap
2710700670,gpetg
1394793012,hwdhd
5030125738,yyozl
3067758566,hkgja
5029440693,ccolj
3274434907,quuzs
9127202950,yjxaz
2978075195,iiqfi
4082532179,vemdt
3248222204,lcsrv
3907754107,vksqw
6519799149,gfmra
1825762856,jcngq
4978532554,bdszu
2402139352,anmiw
6958050284,bfjbm
1338121381,hpbyn
1439526525,nwgrw
1979564726,xeame
8164354283,bnxkn
9085209988,bdrum
1725821685,xjgjy
8310903814,tkmtm
5263738926,qvizz
7705846880,cgvhd
8509093856,kvzvt
6217095692,ynwme
7913971987,jvaab
4962508626,elcek
8080974721,rwtnr
8998890425,feesf
3391934465,ciyrx
1137980705,xwcly
3566083117,btajd
5249768221,qddor
8457345750,otxnx
3555465678,hfyth
9789248116,fyjnf
9330716039,bcvnd
6428757295,ptosk
9190485007,wvfrf
6960699068,axvog
6608373688,pwvmq
2273158901,tqxct
2604208778,nnldi
9999736004,galin
8614186771,bmxdm
7637651609,zkkzm
9620676244,uiiak
9607859496,dtjgr
1535809847,yudpo
5763647400,sfaov
5234874892,jqlpx
3979383951,sduju
4752871211,seqer
1301627168,yfbwy
3366172683,dscyd
9468861070,stpkl
3946396957,gulva
4486798086,ykusn
5580530323,bqkcr
6368145214,omiia
5389602438,iajdi
2326189978,kmgwl
7187677083,dpmmj
5713644547,gwlyv
2933363679,snphj
8375401578,pvvrv
4828622342,xhjpi
3396528461,ivtkw
3450215235,qmgnl
9613354734,ilysw
5667446829,fkusn
9828388667,vzjrt
7186093069,olzmu
8759069764,owvcx
8962430855,caxsq
4083171013,ebqha
1588690872,purle
4049341835,erdpx
3873579183,hrnni
5793455847,gjiuw
6795643899,ojqxe
6141054892,stbai
9934035223,vjtqk
8827742873,jqleh
2163098442,jyfbv
9540852518,gihrl
5767407790,gbdac
6365025380,xfore
5631673438,qmrtj
4211482179,hifjb
2745923000,mpcdo
4311738383,bkfuu
2874370444,hyvsd
2251471224,qjlor
5452941223,ucatf
7712309327,suqvl
7902690767,zkjrn
7395150384,tkaci
5827221214,qyaxo
1231798685,xdrjj
5039847258,ydoly
4659075950,eaqki
3656495490,riwji
3025128214,qbytd
2563722457,jtsvb
8580177103,olqdo
3933984979,prfef
8534237532,skvgj
7508380328,hvezi
4922174836,wzrhu
8960376860,bkcbg
8659634617,xjjzz
3717003297,pqigt
1904206786,ivsks
4717621444,gjxrp
7912506334,obqql
9168164761,quqjw
5581197434,neijc
6856182554,arfth
2318127564,oqwuk
6006813020,vsevd
6152380933,hzuwg
7497144282,mjelg
8666639074,fdbpc
6218562114,qzmpb
8394647657,omuyk
9755046203,hbwks
2454573470,zuzie
8366165055,tqfwd
7636276211,viqjj
7651115707,njbwj
5805501927,seswz
3147380688,zevqx
5711861562,ykwcm
9098205766,rcumm
8587769492,vxvjz
7787623371,jlrra
6771200198,balsh
9294847900,xlugq
2090276789,kpqrw
3430553733,ebbmk
7428505531,thgbs
4479765995,jwuwi
8619576955,orjev
6445936225,qomzq
9963221644,rlmiy
6791027995,nxsyl
6662329682,zspmm
4205993720,ktxlo
5566399252,ukygb
9315896062,mvelu
6384452840,orhdc
6588402466,iajbn
2966305352,yzzeo
5488440880,uytlr
2501240420,qriqh
8583703634,lsslx
9257771889,cxaue
7905738160,embqh
8419897038,dfaye
1636372629,dkspd
6520669907,nsorv
7707872185,qqolb
1708297801,yfmdy
5589990075,cgfke
5655530360,rktaz
1515959966,lxebv
7215890653,oxlzh
6074460835,ypnjl
5311575287,otztd
4740389294,nimww
2552141542,kzypx
9464958240,cmsdg
8356343781,oczsy
1957994929,oywnd
7532765854,rpuhc
6742006050,nhock
3924995268,wikbb
2877574645,knmyj
6688246230,uahxr
7275792554,vgayh
3099034820,yaywm
4670764462,doxsl
8185216049,jrefn
1628539209,omtnj
8076935089,ymxug
8959982508,whlzc
3584159724,kwsmm
6918772243,brgug
7211626751,erngw
4961208048,fykya
6768541280,tdhgn
9053922498,jndxc
2353686980,mpmdl
9712251879,ceinr
7328490642,yqvsp
5832886953,wnxgv
4845499046,vdfub
7862998736,twjrq
9161282127,qemph
1412838871,ieliz
7908535539,iimky
9981036745,hvtlf
4766526859,aojua
1181603574,gtsow
3032862895,kowzb
5544153983,azhkd
8622991262,twaom
1188761260,obton
3351850472,ddaij
1837125109,etcge
8979815916,zrjwb
4480239759,xequn
2066573128,myjzr
2852378302,bfuwg
7364085447,nokjz
2857166134,abwqk
2057680070,dhbai
5628724615,oqeht
4657511656,jxcwb
7839653451,rfgsh
8165129134,hmfoo
8123528683,qnmsz
4327259588,feybo
6332575971,oekpp
5562285638,gwcdz
5366771222,musqc
6763900539,vxvzj
2255246990,dfqzq
9691124911,ytnzy
9166715192,uvgoh
2560011654,lmoff
6908332578,sgiht
2237985474,jnmnd
1339259145,kmmea
1573329784,mrike
3955571007,echbh
3688243029,wpdnn
5358011443,smszx
1770772850,ddbnq
4861484682,bdlvb
8807296666,kmvfm
2897259194,argcv
7482144204,amdcc
3026715480,uscra
9243892910,ojtpo
9694897947,ychin
8012377566,qcwze
3486665701,zasqk
7321642455,vjbkl
5191908083,yekqv
1276955986,vkfif
2532601527,pomcu
5558326870,pxxxy
7785292017,ymgom
8738021011,agqik
2715196615,cdvaa
2563264820,ueyez
9702008596,oncut
9329796483,szoza
8433550360,furpn
4627172790,ojguq
8037596805,sleyj
3819181360,gnerw
2680533818,geucl
5666750154,fdcfg
8977691166,epsec
2142851439,iuzla
1085723112,hwcle
5153013789,jsdom
6121320265,nnstk
1340181976,qurhv
9577580612,geqfn
3569590893,bsoqg
7821382383,wyoxw
5235629504,rgsxl
3520944963,cqnzb
3840244693,cnita
3204776787,tifnp
6049034198,fsyeq
2063278452,mfrqj
9230526567,kiimu
2533328340,esygl
8271396555,ccafu
8359783467,ynqrk
8825000051,wflox
1335800319,wwxui
9037839070,aumkr
7660773258,zvftg
7827324904,diryp
8404051017,icupj
6414806339,goosx
7374751974,dhsiq
7788097089,iiyds
4362526242,opswe
9878826236,ulqge
3755809087,ldzlv
4970585034,ootiu
6055566677,edwvb
8773013231,sjzzw
9093926920,nfpgd
4027991111,atixv
7752242211,aqkcs
6589228236,xhmeq
7960745552,qihgm
3713968935,plfuq
2654725411,jmidu
4521853596,spkvl
4752953033,vlest
1824792923,oaxsb
9881412815,nleza
8314831542,fjuqh
2230506762,sbbkt
8063037857,vkqxl
7111450483,pdfpl
8716994093,ttgan
4897196665,ceozn
7542901075,efivx
4616240579,msjvm
7773479534,rhbkq
2144036047,hiitv
6641657829,vgnif
5298481161,taihn
4403808660,jynfc
5293063679,giije
1497198948,mfpka
5675742955,ujwia
6485019694,xdpkg
3849138653,oxoeo
8373684607,xniwu
4571190316,iuows
6554298871,qdnop
6738620825,aqlbn
8717947337,ozjha
9253025857,tyfky
2112155877,vbfgr
6431822029,ystir
4383653109,bbect
9026060808,oqzli
9904295476,osclh
3798439384,kjsej
4286874655,xqhrh
7250438352,nrfgk
4995152470,hyzgg
8509890561,pfknt
9218801567,udqhm
8207615230,yxfbu
1793423447,amuqi
6051186261,ywbry
8319197440,ijhds
1036253957,utatz
6652557251,qzaum
1539283993,pwuqe
3109135050,irddn
1421892633,kqibg
3227188756,hordk
6441447524,whqej
9548150589,kchqj
2458742595,femgt
9973562824,kdpcj
6897708433,zeyvr
7832343852,qgete
1754138964,pupup
9543737948,pcxec
3952887094,kbybf
5485707625,ucyti
8584334046,jxtzz
1638722884,hlubu
7188212955,czsfe
5044879866,jpben
8985881046,owiao
2343722643,etdlw
4243775663,zdkqr
2442804728,gzlkg
3861145319,ydazj
7152857614,xldwr
3222410385,pgsgs
7066928967,lixco
3814858639,trynn
8812108764,mhasj
5170726983,nxuev
7255804904,egxkw
2604245837,copyg
3985853395,sjtpp
4453068485,ohfmi
9700259492,tmjsn
2721031144,jfyvj
9952754255,vswnc
7918170753,sqmkg
4503359880,zgrtn
9071694761,vfqkw
2836334269,ccllw
2919358974,xysxm
7015788049,rhmlf
7762911660,qljiv
8179787689,inlck
2681410616,nfbtw
9403296791,owyuz
9720950159,sntgi
1854349450,hptng
4105783092,anpoj
5121627708,eqtru
9072229230,tfhnm
7989889766,bfter
5490016167,mzaau
1602285945,idhvt
5828200974,skfhf
5008385360,mfcmu
2016809765,kdbcl
6528741861,iyzff
2048134535,sxkkb
7163510684,fgpti
7730436440,kzvuy
6466852580,hvcuj
4323640353,swetg
7091119134,tcljb
9396645358,zrtvv
3809551015,mgqrh
1598342140,uvvmh
6261682151,jvbnb
8700310699,pzzzs
2099747752,zgeuu
1812490022,tgwdq
7114465605,irokl
9159124416,fajgh
9630140654,skxou
4815588516,bndqv
2630150774,eexub
9498311563,wscdn
6590870085,haxrf
7080133393,feedx
6410825712,jmtvc
4568630611,lmrxg
3746734154,bcwnx
2600212788,yhrmp
1448541396,bofik
5480415121,tonom
1168212846,ctwih
2161875765,qqpvr
4589679603,mscbp
2796757863,artcz
8231350087,lngbt
2445800388,pmhlp
7776904625,jtero
2913069738,eqhxt
6755230965,novib
7495644864,tumir
5790734110,ihysv
6791828924,qmymh
5832170916,ydplm
8727023990,ustep
6680314352,ydtmd
4661241040,hxsaa
2865535273,wcaex
2461751107,yehao
6497918676,gddme
2801597029,archk
8799117140,ueatk
5657872761,plvbo
3258017869,lerng
3078596818,uisco
8403383064,wktvf
1238247644,ttapo
5473929859,fxjlt
4649250589,inzhw
9579985801,qjnrn
9533620202,xdeby
5163326271,vgyrv
9118573009,tycac
1085532353,poucs
8429053126,qslow
4159229698,sbkzz
2016888983,gughe
8663780289,przib
3521164775,zbpvj
2597696238,osien
4890089604,hsgjh
3492912430,yuisz
2704222760,ypcik
1889187044,zzuwk
5663066864,pumth
6073362792,vdpbl
2654466995,ayhyt
8615647965,uroli
1702240062,yqywh
8399150393,yxgca
1536036404,oivyu
1902592080,yxlqa
7538215699,dbbpg
3435761341,vvvpw
1416043502,rxsbd
1026120010,lsbpm
6642020490,jrdau
8646497659,ntdri
6050525652,xvnke
8586346077,pmmem
9075843518,dwcpc
7342925112,kxwww
1808119231,bhsxc
6929353584,plykk
8119680684,sakdx
2357460366,mpmkk
4675515717,kukck
7143989380,qpqzr
2470997627,maefp
8908341655,riwqz
1443793887,yallx
4851484779,ssils
3892708138,cnegv
6080265564,nccxx
5181461563,vumep
6812601317,wlfyi
1872371797,csfne
8986562454,asqvx
7881819312,baxgb
9214324871,zsekz
9400057473,cetgv
5660404308,demzy
9587458132,kgmif
7462138949,fvidp
9439119208,kjbha
8156810155,xohut
7261484542,rkjkx
6876243092,ebrps
9916721335,hlwtp
4783812087,hdasl
5968133428,qjqwr
2861834025,lylef
2851173826,xelwq
5363149048,ttjiv
6785691994,qjrqu
4429551204,ueotg
9687151712,tckdq
4940020247,gdcan
8224663753,oshyn
3926190319,twzre
6183171230,quajm
4309899463,kiiae
3094197629,afjnr
1980495202,wlojk
5645840897,cicwf
6441114360,zyyro
8739849208,jabtt
2356717380,ueqcp
8654879216,fnsdo
8096579891,icrrb
4582639497,jdktx
8945255520,svtgf
6493350169,mjugt
1882728244,kagfs
7786729107,yxlus
2550393456,iucvz
1049273835,lxgav
9988998303,nnatg
8791414360,jzjgq
6995487424,zunrg
3109248310,seuob
5714510283,rgzwh
3428904765,uxefc
8633546028,xxaaf
5745891126,tlpgc
2623921475,txocb
2043206285,cpkeu
8810149618,rvawb
8523644868,cvlwl
1626484344,ejybu
7219056156,ahxch
3385237650,opehr
5535568471,yjmzr
3338213953,pfsgc
3897948605,emhpl
5594851323,xwfvr
1748488021,otdoo
4440485506,ddzsk
9630142992,nhsnn
1655778192,ocqhr
7262203860,yzitq
5339728424,wltpt
9307193916,ntgpi
2286943724,bxkgb
5845510639,gtesb
6498125936,aghcl
6469432231,xaeve
5655845560,btpim
9361916520,hdxwc
4973035756,nwdfp
4119520864,oxvqt
7741675005,sfmea
9865530491,jnocp
8146024039,rrtug
2080297254,uaoan
7693616715,nnzqd
4616033970,ovdvs
1058562493,agpaq
1854019529,fndat
3701518752,gsaxq
4106760838,zzfju
5008410627,jwgqq
1578819084,xfzqk
6413518211,dvnap
6440059455,yvurd
9744101055,ggunk
7754521939,hsewj
6654110551,abjuv
2337959708,elygk
7241855321,rqyhs
9801871677,fnwbw
9767005444,dwqkf
6699379563,uwkrk
7674281404,gcgww
4564595005,kolbi
4756165201,zefsi
3500553785,nlazg
1690624692,lzluh
7890579611,rrtlo
5414057614,slvdz
2341530074,sccug
1687690562,oadfl
6031859381,rxnnp
8784821602,cilxe
1602881725,dbzwe
2877889369,ymmai
9497723931,hxeek
1519381422,kwijv
4483222232,lrwrb
1399685878,josiy
4591799269,orjvl
2339703579,fqzjm
9626415168,atsyi
8775326808,vrdta
4611130084,vutab
4661236848,oshvh
8446208461,omkxi
2390346675,gjkcl
2835695204,zzxmd
1054222828,fxdnj
6191344563,fdazy
1728338549,drzgn
8871081210,ypvpk
1106654714,bjgqj
3748688081,sxcgv
4396261656,xbnzi
4840532435,nwzla
9499573991,cfqrx
6315287990,naidm
3276049189,hxtom
6036558173,zvnnr
5317401086,gtfxm
7601168131,bxijf
9880590786,rqzst
2314526915,fshbi
6650489029,cvtmp
3420938341,qbrlp
2287199095,sqbyu
7922534456,lqscq
3977828315,dzgvj
7561392934,upoew
4575904738,eqyiw
7556835188,qfkvo
8735152166,sbpak
2577340600,pledn
9083781345,iqaqy
6923004721,lammk
5874248437,yacri
6187204935,vzcbt
8646863511,yghvl
3635630094,ippbt
8549567843,eddax
7511679890,gtaaz
5736332288,ychlj
3196520720,mmmcq
9547487730,onnej
3746865927,jshjg
1677595205,ijizz
3543258810,ocqwi
2851032434,dayqt
3917974504,sgisx
1846327351,dtkip
5780720514,bwnbd
1148693805,xaadv
9345088955,mxaly
3453873539,kjqyn
2660972522,hffub
4660747252,pxegj
8276474144,ttxjc
1826325717,atwaj
3015721423,lgvwx
1912624781,polvs
5393009314,iadly
8420912650,qtcrg
4014126734,nxwfp
7903935108,geizj
1705635658,osbvo
4923236560,ydhne
2876458893,fpqjv
5819499496,zfras
6023765920,yaflx
2698074830,qjjgy
1209074717,izigb
7743335593,mtojk
8185386645,tirkp
4101194088,iobnk
4050604916,bspvl
4054572320,zykno
9589807325,xpqvu
1708875699,rfuds
4715539410,zabyk
3270586654,thugp
3049616703,zogqh
2607630517,zqdia
3602216442,xrvsa
9784827606,bbdnf
2451513102,axjfd
4005083100,pkari
4644810970,xgxuh
4228648567,jdths
7513364879,pwqfi
1196308256,yrdve
5112400856,oqnvb
5809069725,lruxy
5705387949,idxwt
8609971689,tjywi
2441645488,hjsbn
5649694893,vaaaz
1726084093,qrdke
6400498295,lyhib
3491421591,lpkyk
1537481261,jlvvv
4928249697,vayup
6018723150,uxwbe
7777499282,reqht
2812337050,xkvpb
9332671558,pqomv
4356173702,emtwo
1625238188,gjsfh
5650011533,nalzw
7818738354,knquv
4626377471,akelu
6847560969,sskwf
4791873595,bwuwv
2375839463,zpicz
1627652748,uamta
9897629542,erdaf
5712864105,adxsd
4818337985,ugfpr
9513397841,uiksb
9856778923,iegxa
4084048376,tqllh
5865877917,cdkxq
5509506445,rexin
7397734444,eqots
4360223830,xiosg
1469597028,qwgzf
7242499459,vdigt
7697320797,jpvtu
7265667325,svzwo
2038905293,ghulq
8757591455,bzjea
5100768032,rymkw
2588225035,omghz
7162756546,ymwme
4492464225,fkwak
5944136017,nnrvi
7412585158,crbaf
1216496366,ldxeb
9228977582,chwzd
3152810997,lrecz
7326920369,pyrby
7651276876,siehx
3697668076,vfjpe
2891022084,sbpzm
2592061396,jusmu
3672951642,dppiq
1132662441,snqes
3126124361,tuops
5850776510,wdkgx
6276824257,oiqou
6841300072,keaow
2130846051,bhsvp
5034577167,jjpqd
1731368122,wskqj
3118033151,bnady
9570052012,wvkhb
4458628571,cfzbb
6602913583,iuhcg
2224398781,rlauq
1098539068,juykb
4749103427,wkbnk
8440839054,ekejx
9434013027,dpsjv
6305728707,xjjaf
3391782744,wzmaw
8756780629,zadll
6929875929,snhgl
6249402659,hsxcs
7763044835,ylqeu
4084842785,bivzi
1773547997,nvbyf
1820538302,umuru
3071380218,hhvai
1774460669,hiihs
8427372862,pxbvn
2318487755,warmv
2419181471,hnnte
9782932579,rufir
7756766770,cdiyo
5532365594,qdxql
5732374859,sgyfz
5603629935,lfssr
9723365714,giymk
2008592959,vbhfh
2001868755,gxolf
1164050633,brlfq
8910789453,dcvsr
8645856928,hwekz
2013744482,cntls
8851903695,syhjs
8884547437,tgksb
1407305973,vdpch
2200145523,nlzar
4331592820,vcauf
9276869727,kioej
1056834950,iqdqx
4254894598,ejkuj
5595552597,thwwz
4211923268,bdjps
5034993178,guomx
5291864172,vstcs
7096622418,izefs
5178225893,shpbz
2700178277,opvzt
1545806845,tydlj
1817401777,qlioi
2049389930,wlqrq
5121539429,xdjqn
5693305628,hywlu
1953310209,jbrub
1072991623,cwavw
4087489647,xkuig
1948983317,qlznf
1522031949,zqnom
2652814224,dcnch
4985159507,yioau
7248232499,syeun
6080407394,hqaxd
2509837689,wvucn
8776299015,cnxvt
5862378337,kxprt
2877904613,qixza
5356284000,uhnar
3886089488,rouic
1906373702,nvnbe
3478980297,lynqh
5511787695,xysnm
5786773333,rolhv
2776104585,mhdbc
3105359478,wlzai
6925379985,choof
1108407070,wsrbg
1307255734,xmfjg
8170210910,dvycx
9685971775,dnmfj
7640189737,geuac
3550716199,mqkdu
9825609321,qxpxm
5818322787,kbpxw
9330402620,neyje
3326166598,ggacr
7641132754,ayjzs
9253460467,ywgya
7519751872,excqp
8104162793,stojr
6505683937,vaugr
3830127169,ybxrh
6332268025,ywvry
3572345059,vcdjr
1247106326,vhuvu
2507755291,jctgz
2263786477,awrgy
8682044552,tspys
9821682342,fvesl
2638776668,roecb
3998310449,iltke
5867057054,mxpun
4352208520,rmzoc
2319975415,egizu
4385672302,xcqeh
3840491762,mweal
9156401920,nvjyf
5646358632,lpvbo
2074543210,oembj
6930589778,ixkes
1829066754,gcahf
2451843945,fxefi
1636656914,jmemp
3972937558,ulqjr
9468665367,zyhxs
9472093607,fmems
4140505379,susze
8868168455,jzwdl
5640147500,agkyc
3444874413,krxbw
1179578479,bsiuy
2472447765,whobz
3285257931,rhekg
8449401186,fgsli
6101215308,gqisk
3964134452,ugdbr
1904764593,ucuvm
3326808648,maguf
8711866369,tyacr
9096588372,nystc
9714209331,clyfv
3706770665,oleaq
4388087537,svihj
1460325574,fwsvd
6379165420,utcqw
7322937218,jabdf
4369987568,mhywq
9985643591,uctrq
9145491931,eyxqa
8391442016,utjtz
4958163928,ytsyf
4613346772,fstsn
4472906450,eaiij
8256218684,iuhhy
2160836329,bkwer
4833242061,eprgq
6681032483,medac
6076442124,fymfx
3922723338,bmiqr
6755383679,bfcwl
9332849118,vjgxb
9303189777,sdcyh
8796364306,jdhvx
6425441445,zkesr
7122417627,pvwjh
8350799133,smowt
5331127156,mfmje
8098377813,bwenm
9127102854,agzop
4825366619,jlbae
4071284818,lciqn
5698501384,bknfq
6943910087,shcet
2070116221,hqhof
5294820614,qzryn
4946344740,ettnv
1244260516,vkgbs
6033618388,eaqyc
4760540841,oscom
5396193250,amtqt
7684929927,xhfoj
2531220736,vpwxl
5216738995,mvvqg
4146488932,etqxm
4389423087,goikt
6940097258,uaycs
6993353801,dttda
4931351536,vjbmb
2324585963,qekou
1266912342,hjttb
4309661405,pvbuw
6932553406,srtvv
4030772865,fnber
6248775681,djdws
9798120404,nnwsv
3452078620,vqrip
6786040349,efjcf
2337936634,wqbug
1209806354,twrfa
7140509060,zippu
5065221483,qplzd
6617262727,kmlxf
7521457913,unpmq
3500568100,sjsah
9540117672,ndosh
4075726239,knukr
2954395811,fbngz
9289858461,nurkt
1687617651,uqrpp
2993048411,jjddf
5404433569,jkzsn
6904521528,zixco
7911842923,rbttu
2164063939,xyrtd
4738019766,pvglc
3267098493,drvpu
5143468661,ivcjv
8943605677,xlxre
4771835634,gfzrn
2030328118,qkkov
4883153280,briwz
8475088679,fuxfi
7588328281,ykbzx
4841635366,bsqav
3318699942,hngsk
8970303514,hixya
6882691514,iivkd
5454289412,wwzmq
7186139083,goelr
1583157537,nssdg
1771085848,pbihq
3811896043,cgfiu
9223900734,ynigk
4291838233,hhrva
6833589371,mnkxs
4352213135,lxrjs
7628579904,vivfu
7247719021,gttfh
6398702096,cfyhb
4493293289,ovkyt
6376665366,qgdnx
8019811873,qfpid
1382211541,jbxes
9402984205,opxah
9350588617,irxnl
4680843599,lzxnp
4920534956,igjar
7685357968,lccff
5526490588,rpimj
1771721004,gapcg
7000403244,yexpr
7372793339,llkhj
8802016383,bhlzi
4723690921,lkjdi
8087411393,bilst
5065787903,ykhdl
6851253901,hdmlx
7153310142,oddqa
6191105184,runuo
1593976463,uxthi
2488611030,wctyc
8899291183,hsymb
6709279430,noryy
6217949503,gtvyy
1993776788,poxsb
3380917012,cadog
6731949132,niren
3611113274,pmogz
6130198960,hxuwv
4183798273,tqydv
3079931838,ihvpx
9975646839,iggyu
9337734099,xyogh
3949186294,ugaab
9929624978,fyhmd
2643275291,ckrhr
7486218091,dajao
2582649312,vrors
4314474897,skcsl
3433856357,lmkgt
8355999966,yvceq
8852971793,mbely
4797292458,ciiwx
4660984107,lqifg
5554581391,jpker
4852858078,cwyob
9628395545,qorhl
1667337894,zftgx
8537055973,vuyzr
3418125576,sickw
7489563281,gogwz
7655279299,btcky
9381556929,uzeaz
6199481077,fuzuo
4757125453,jhhos
2417432985,wfjmb
4471410680,basqq
9988246240,glluo
2025462715,cqymp
1733545678,ombjg
3113312999,xrred
3626129490,bnbgd
1440142131,ktqwh
7537100523,jkfkn
7973079029,jlwqf
9836275764,lbrjk
1580017901,uqywy
5995325112,qfbrw
2832274868,mxbno
8661310941,kwsrm
6249981803,fgicc
5120841426,cbafi
5811616827,pykub
1725362819,vrksg
4664517852,gppxo
2305901989,myotn
7192156732,fycww
7078379754,zmtdw
4112386996,xyskg
2150188111,fdhep
9269441643,wneco
3264225269,fvcih
2344904290,xjqus
7245193034,bkipe
7324721889,mdlse
6071025750,yrrzy
9216723108,xbnmh
4165794625,eymxa
8387578206,ttneq
9580826466,gmciz
8686579712,uknze
9870770276,nwafv
4607355043,vtluk
2168700723,xjzjy
2349675100,ldaem
5914636462,qmwbd
9196283516,sqsbo
7842209136,jfkun
1861435314,bgwga
5789572322,mntbi
5579398300,ljamk
5948167318,svkia
2531889578,kmjat
3092461823,icvsp
8083027353,hhiww
3721325368,wwpau
8324297678,ucccc
1969110635,wkjeu
6089302083,vycdf
1140796954,yarwz
3084093625,osjab
6721210125,iidqw
8529051425,slvlv
1933782003,pjrcw
9781535393,ohcwd
8067303350,hqaqu
4751786957,onhnd
7605263961,ednmi
4342818576,zypdl
1243944537,amiym
8634922679,imyfi
2775925160,cohpb
3841129019,hezlc
2771209992,zeyxv
4455717777,fkrvw
3505799676,silot
5841330022,wnqht
1726400682,zxxpq
6341552601,whpwo
3179375674,twqiy
4611420657,luylo
8211836196,idzur
4257165399,nsiyq
2788946121,lrlfn
1551468779,nnztg
9136147989,xejgr
5355815447,upvie
7255898860,ljgwh
1097020725,ideaw
5219486484,zimit
3655321947,vkats
6381003455,hcqwc
9511432343,slhqo
8363408596,tzqup
8450119527,woywf
2429099016,njrsf
5144175568,embyw
4434734199,ovvkk
9494579390,gdoeq
7257895461,tgvlv
1538522943,kdiod
7390558937,gvjyg
4213368339,ytxgm
5246595263,rdfer
4108886031,eshsj
1024752397,pjkii
3471811820,saciy
9399574848,swmkd
1147935625,ojtgz
7463704176,xoxpa
7567487880,fmqok
9054426977,kqpsl
9811549626,vmiae
5627005124,jukyu
3494013301,qzzuo
5925428914,zvebv
5971346744,djqmy
2669975474,clfub
5844054121,zbyrj
3300550784,vbtku
2968536809,erpev
5431351224,maxfm
1383592648,vvoxy
4811259493,ukxao
1023996723,esbdp
9650243966,lqtmh
8575050891,mkjau
5072560252,vpejs
9588051072,rmnqq
1623252356,lccqe
4987690976,dztzf
7534119441,bokmh
9276704065,uxgug
2046433659,rxtbl
5748138512,smuei
4913193979,eyvts
6116479841,pkbpt
3074574277,vzyfz
1267598817,cfouv
7751308660,ibtja
9665612847,yxywn
7956178220,rmhrz
5590146764,abiqw
9755001177,gqpky
3986017666,nkszt
3360687959,uyemw
3802607580,dfltz
9734950778,lwowg
4987567213,ajarw
3596678419,lugxm
3122967538,xrqjx
6978415638,vhzns
2086864467,miunu
9415783717,hogkm
6810861457,yqqou
1447505496,xupzh
8769763525,dijsh
4511482437,uhgor
9727308576,qywee
2671301863,padlj
6527604884,ikjyg
1119939316,usshd
4771923627,ibnkn
2893975129,vnmll
7556179748,xswmi
3499947840,dzaxp
1434126571,nnrdi
1013621553,kvast
6671833204,ggkdm
5783637566,walef
5378375339,omdyz
2841459023,gmlmr
4157594746,yrmzj
8863833370,mhhjb
2606121186,inumq
5796508031,odiox
6273326708,uoobj
4942885017,nnkmx
3512679611,bzkse
6214769931,klanr
4550620885,dvqkx
9491847783,lrwyq
2273916261,sjgzv
5387678238,fctse
3252245525,zqmht
7640976501,iifov
8774307650,garah
2033681041,qiodk
6879325562,hgfqy
7434258208,mzlke
8388276987,wmzca
2464036998,anfev
3065636716,fwmcc
7013487318,nwzye
3137391330,tvhph
5025096748,ozfgi
5990556361,qwyog
3589657076,npisj
2878178032,hdbsd
8849466430,kgphw
2347973795,xcdhf
4655965397,ibmxp
3997590438,umjpn
6411378982,gveks
1994398110,ornzw
2057740555,dwjno
6757643447,pznkk
5722784938,osnzp
7092376959,sbujm
6820724861,dccjr
3003293168,sopsz
9614314482,oihzf
2208676151,fzhzw
8131114160,dqbpt
3524305603,ofcar
8252593166,iqoof
1312050501,krwtd
5010393844,mofgh
7861541327,ejyhq
6491742285,sekyg
5342224191,ifcnn
7493184734,pkogn
6868408352,wnmld
7716904626,ngjwx
1658163455,zekhx
2018421128,vuqgq
2004266758,imlrr
3213357489,jjzfp
6319216711,ducje
9658245395,qautm
4035817545,jafsn
5498392011,zwous
6331699242,wuyqo
9830564443,wsnka
3340823442,wyuzq
2702836013,atbfn
3945202861,iwcwh
4853761601,ztmfg
1516372806,xbqdn
8804508221,lygtf
4319526219,zfacn
7719339982,jmvno
4886653657,rrang
8765314507,fyyrj
2827729367,qndjj
6094982518,vynzt
1512791120,mykef
7093766156,lqjjo
9347694689,lucee
3653533616,fdiil
3326104651,gnxse
5557865733,xqqqg
6957903551,ggiip
5658704415,yfqbb
7683099624,ihhvz
4096938657,mgaqk
9415690278,wmwdq
6003098021,lpihl
2390174586,sstps
5974461288,fprag
6022700746,ezdsm
7893451077,pohii
4328068245,hbluj
5182754586,tinky
2500327250,nfnxy
4817009275,hgqcj
5514005212,ivjir
3729046172,wfqqk
5306585712,wwkhz
8154871332,qkmvq
4649241659,lqtbj
9890808981,mryji
2292403841,evats
3076804258,dxeft
1540945959,wrgwm
4544193997,zarmg
4664778269,otjgw
5760874025,tkdll
6610943069,fdbdi
8716564370,olxlq
4579279774,ujdlo
7280607656,mxbuj
6504817345,iuehm
7621212094,yhiha
1316165158,rmxkf
5029206430,wxxwk
4689305967,hxfiy
9369266468,gsyrr
6401468999,zfnec
8180814348,jsver
7550404181,oiadm
8911725789,xhrlo
6270366612,rlyrr
3485198547,pbjgg
8237423801,lqajt
7435605570,gpenc
1541035080,evlwv
3795022298,qckjl
4135260024,aftvj
8329127465,okmjt
1218770449,zznjq
4485290952,qroyi
5066208655,vegbe
6666545301,xzwnx
4649073778,fehzn
2304654724,affun
5848680358,icpje
4659450958,cxmdi
8482907003,bretk
3187460263,viuuq
7357927096,btxmb
1261629579,xnmzv
8224830618,hbfmq
3344469043,jljqz
2521279227,xefxr
1307045272,mmiyg
8418838958,rplxy
1503861120,lryom
5333061801,ijhqi
9676223615,snfhr
2136694498,ujkbd
2715453497,wxmel
8900678394,tltml
3221124231,mnitx
1470748713,txmgc
9977928219,nugcd
5255375011,blsqc
4117539900,jdcwn
1876098562,wpxms
8811834210,dkxqm
8517497482,ggtlo
3532547128,uvggy
4238021894,ccsao
9618130985,yjifw
3998028009,scwbu
1639654492,gdpkq
7691837248,ffwml
4267181129,nwxxm
2521879092,gbpmn
4093177343,ubhxr
7870360418,uodex
5964011488,hkplb
9424386740,oxygq
6230976861,iormz
2205545159,waprf
1468110645,kihin
2230409683,fhblv
6381033729,fmmbl
1151103223,ijsoa
2095241988,ikhxw
4174822810,kcgcc
6215178008,cjhcu
4245885758,nsfkz
3535480214,gapve
7057119589,hbttf
9239571330,gocaf
1041994006,yzipv
9123856075,yebka
4013981124,nvlwi
8629726954,xqeba
6049679468,gkrzh
1271272443,uucsq
1099674505,kphwg
8702305247,rdfni
4382407062,ytfib
5278208374,sxfvs
5334694053,mafrm
4744305549,rmdlm
2322550118,kgppu
5750170481,bzwhh
8227602882,hfkwt
6442337848,vxzco
9281893604,jubbh
2850272735,vshvj
1238689970,htsih
3093201986,zkovv
2428603965,nrbzt
5757398612,otuhg
7988046198,mfrwt
8196450113,hkogn
6418593907,hdoks
5858734521,hvdjr
9769533978,imvvc
5868364366,xwyas
5047647551,mksyl
9007524156,oobaz
5086143613,pkujb
3230625310,dbffy
2739902634,fajxe
2809031967,chdoh
9723612021,jphmb
6502037653,kzbmo
7373029956,qnfou
5773118856,cpwmu
4016045313,srapn
4168786930,mfjoz
8709036300,ooifp
4514645300,tcrbv
5531760883,knwpp
5315576787,qlslc
5004586613,tghkj
8440067766,hckid
5041743158,rcnds
2309016721,aqgsg
3688882802,vgkjj
6856726656,pxjnd
3874207045,kmlrs
2404494746,vhuul
6814704420,bwpld
8755098597,qzldj
8375772444,hvcws
6104549229,flwmb
5634390255,fyqjp
8966814374,itlwc
9544536190,zduno
5964301174,xoqdk
5874423983,mphep
2442171139,txafo
1884222623,ulshw
2489416265,uxjhj
9133739724,srqfl
3407363849,qpgiw
3991758940,wugle
6342552396,rrqbx
9392643693,rshrd
6751382996,dsxpb
1760678015,sidzq
1028483214,xvvxa
4383992772,wvdyx
5264502577,noeqq
2423329264,dyxll
4144377856,ioqew
8939862925,cesxx
5324138419,vinpi
8362252020,jjhnv
2089618376,uzftj
1514776096,mlikn
3599416611,rldbh
7021115857,nxvpj
2982559142,czsau
9561793525,kaorc
7364340115,vourv
3213284419,mfyua
3655403282,kwmwc
2243631362,jpiqi
5016564500,xhuys
2915952468,peycn
6498290764,nstjh
1029118288,bcmbg
1806888350,xzark
7119453167,byckx
8493467237,ilrjw
2098741946,wmson
2622314870,jxrdx
7630257079,oarbx
6402692291,ptpyx
2396106420,wjsdl
3330492669,bbqvj
9337213262,vzdrj
2804632340,lakmc
3278635932,bgvqn
1796316376,hwsnw
9170480216,yneur
5317858664,xibpv
6727644686,fbpld
8258635836,dgqic
2603863995,xdnud
7616394421,ukzby
4403641331,hzdff
8041281377,kjfbc
1752488809,hafhc
8224040237,ynelw
6159063033,hfmti
5785187554,bgqos
7523395862,ujyic
7090646502,mbztr
4221474400,wdzvu
2991853600,utzpe
7784215563,aljxd
5757856931,ojxwg
3566633673,pscyr
6594112824,zgnbl
8230543638,wfxpg
6377859584,mkazk
7633871190,uftpx
6064485351,vzuvr
2930161523,gldyk
7052031607,lqrrs
9654199455,fmfsn
3521672248,etyjs
4836750945,ndhud
8781455126,rleal
1669289035,pzgff
4460441105,jseyy
9059354108,deewf
9777647910,qquav
3383442397,sepxx
9908041656,gxigf
3364555740,nynko
6740000326,heylk
8006875964,iscrw
8372917784,strxv
7820852754,pjmcs
8235306376,acqhz
9817625663,qmcpa
1143633607,waufl
8226385843,vjbzl
6850577146,hwyzz
4859137653,pyrhe
1405439850,rzqwc
1781770742,jvilq
3362941234,lqogh
9200603116,trkql
9901205822,ttkme
8173643849,fapyt
6636966128,ygxhp
9746679019,xpovm
3671495830,patzn
3445915192,wqvxq
2871318873,kxlzo
1632871773,igbic
6673319515,tlupm
5315013928,hcyho
6430777579,dkuvd
3693921712,dpsix
9848027171,zbtqt
9377470058,yjlrg
4479334540,atkqf
9209734411,zcnpn
3450408414,ikkgt
2365953341,qvjwa
4214871471,djnhv
1089437922,tlvms
2205613961,eqqww
4929222554,yohvp
4656941938,nfgad
1605348149,gxocv
3071869686,oqapd
5463981204,miotj
2656578651,reydy
5727426249,pjdiu
1262981418,vfitn
3505442613,sueki
5999881452,oapra
7428753282,ncpmy
3519452567,yepnx
9018911530,mutvi
4263140922,hqvom
3522211404,kvoin
2115088210,whtaj
1353211737,ibetp
5192860017,shtnu
2039186567,wpunw
8312306385,darip
6784240713,zysrl
9260706262,ttaib
5700972744,aynlv
5037939864,rzokc
4549547988,pzsgx
7291053871,glxyh
4180674042,zzygc
1731149758,axyhg
8698746957,yitwo
4700228630,nytas
5405626811,lktxo
1510017772,iysjb
8423013401,lmcqw
2903376199,fmebv
1586428011,casgm
3732806466,etxce
7138398865,mixbf
3109805070,vtxhc
7023800903,ubnre
3340156963,inkvf
5407408658,anlfs
1893635736,bolrr
4384674495,zhxbm
8027004478,hbgup
2204790049,zqhsc
4861785441,aohci
3552170886,ssaob
3718035856,drnfr
3654912191,woynw
2733240073,sewjk
9598034039,blwdj
1312046881,nunyc
8190610271,vyzep
7570696464,bbnjc
5252210848,mqodn
8341756147,tllsh
4466523416,cactg
9096672363,fenwt
5120419604,amjyz
6185587213,iuynv
9826372222,ppbzc
5791837182,ageth
5817572811,yxiat
1796812412,aflny
3118379906,zhteb
5826417350,choub
5023668300,yffqq
1958015837,xmqod
2457190471,ajpdt
3251623319,xzmkt
5274487355,iuqvs
4914107831,psssf
2628295083,vopck
6199473622,imhhl
6813488083,jsjmf
1671690202,woeft
9111633039,tptng
7440263914,sbazz
4608701161,pebiq
6629042081,bbneo
2542478467,kjqrt
7628998478,lweye
4092935015,huwjh
1532196590,lmrgc
8199627755,quzfg
2217273679,wuntf
4785469802,zdbjp
6801354440,kxeqn
2348647088,luwsn
5187862962,mahtt
3052641961,qwmrs
4953447274,nxrps
7788731575,jiqzb
8437139567,kizbb
3585009693,witjg
3438539314,dzhil
6037071415,rgyvh
9750462919,iiqhg
9036668607,jbtyn
6096151028,qdnjo
6156557112,icthc
7354300486,yssot
5676444861,qwfgf
6402851333,vjknf
2332102642,yzreu
9487091626,ucowr
1504697527,rvkfy
8369295350,qbwgu
3045090028,fpagg
7632147991,jefjv
2479636043,knunf
2999112652,spkah
5959036446,ujdhl
1169704696,ebyvt
5208178769,wlrft
6338195451,pqatt
9138781098,ddqyq
4476933403,zfszx
8015015101,zgzum
3954122508,icaxf
8248210696,nuygi
9871261434,ofshk
7177534122,ettqf
1070138721,ifqfc
1483422315,acnev
2301973714,lahar
9467608622,umyzj
8019141884,bpxos
9479751487,dwqzx
3568087098,rhoie
3849300250,mtjaf
5842273920,dbllz
5118503623,mpace
8202750384,zwqkl
4991450320,oavud
6911077863,iiauc
1444154739,kcsmq
8613906473,hsere
7450361588,cdtga
3821573323,mqttg
8728630622,pbtsu
6605741371,iuvgp
1076260338,shrzb
2618202717,ealxo
9760970816,uorem
1606818457,veovf
2352197163,bsbch
2857220230,qqknx
6860580225,okqpb
4650635014,kodud
2734932479,aacvb
6030244222,fygkj
8132799149,hposx
5016407822,boiju
6424847851,igcxv
7554183973,wasme
3906806313,zgkeb
4214564930,jrubv
6809329642,dqjqb
6699480598,jprxh
7050959530,mzacs
6928979929,utirz
9467181146,lmdnd
9991150017,nzibf
3047901297,yhvdh
1657244176,bmllj
4459653756,kklku
4379202568,jyefl
1784425562,iwuwf
9487609569,uumgc
1360420544,syife
6913698478,xolxg
8871230214,sduio
3680151873,mibxg
2295456147,tldiz
9226898533,ptgxa
4166015327,evezd
4244931016,jhnfx
4302887028,wlgab
3895841492,esaxv
4018075223,cylic
1220560381,qqcgo
1436898378,qqwmw
6531011167,yqela
2656135541,glwbz
2176581483,akmsl
9898616163,nenqt
4473632653,quzic
3694545329,zyxkn
1367325911,kygiq
2597833220,otcwr
6116585247,ltnic
5770602039,jwccw
2583615307,kjlsx
9079112138,oqyfx
2554153731,yqluo
8881858483,bkyey
8872380549,sqwxy
7159997128,oxuie
8262313344,zfcxz
5611624730,uaehp
6522477820,shzpf
3403709181,qhwfw
8431989598,aslvu
8048247595,ouqih
8708013502,yjqeu
2874044476,ywsnr
9744376638,omsxe
4824766615,spxsh
1431655806,fejxj
4116234540,adbna
1482459255,uwcux
4957312465,pycuc
1876261668,aylfb
7021321148,mjjom
7810381901,dtjcd
4249163004,wmmoe
3937645858,unahw
8648324222,winpd
3207180753,xcyib
6350376608,ysroj
2984854150,xsvpq
9092805355,ribge
6235120619,ojlro
3572294260,iwhfv
5409069745,eyghf
9896332473,vufec
7007259865,jgwlc
4919419880,hothf
4469473936,moxue
6618441154,lvasj
1778451029,lzrkg
4578454379,gilwr
6349748117,bvgan
1546961401,xajig
3271308450,kqmes
5849711806,knkva
5839663168,xqxvk
8616894411,btlub
1736610387,jbsha
9830818013,ahtnx
2102096705,nnwnq
2175515105,dgdnm
2412660519,ctujl
6323904775,albef
1070017226,cnspn
4108103673,mqdxy
2354282002,rmeld
4539674269,haofm
4229527571,htwyh
6507307045,prmfu
8721010830,duiay
5756061713,ljufn
7260282265,utazu
4385339364,ppiaa
8300211654,gidci
2163830708,vkpvz
9994246752,pbxun
8879365036,mwtxp
8041514366,crhxd
1443258205,yazxd
6834859606,nnlzh
2175592187,obpcz
9326365644,wzxdy
4511908539,vbodr
1404783635,xglhc
7842644110,covlx
3410744827,qqofv
9986590842,wuvfy
9186973488,oabho
7563517710,wnhwn
3674891043,okrof
7160781747,jaubm
1658266655,hzcgi
9138164991,dvwqh
2713338417,dwpzu
8957349224,hknac
4760394854,edags
2449692181,ychfg
4339065490,ondlf
4514066263,xjxbu
3396910119,ewlzk
8895409137,rxfvo
9647365832,jpbxr
9708788623,ewsas
4682441831,cymgx
1157245802,fdmqe
5152532860,eshgz
5271321752,lyfju
9334693284,bsaew
6482360627,ustog
7021538252,urfdp
6981738856,nrtlb
3614453625,fznzn
3623584704,iwbkh
4510999839,frdes
3845566284,hxckv
8428062258,xrikz
2652840409,cztyz
1476803773,hxttj
6713054708,icrxc
7725882076,qlgec
9371484826,upcvr
2301827218,emdks
2969716203,diddp
9221166892,pbndl
3716449729,hdtxe
3670292285,dnfvg
7344283762,nmxij
8018464105,qshie
4195812277,xocsg
1738399598,swdnd
1453831348,ktovd
5198988429,xytqi
5917213092,lsejq
5552434121,ybxsf
7806786698,cebeq
2081088412,lflpb
8328119960,bbsse
4869406938,ozivb
9162503814,ebojn
8642547267,yxrvf
9437913485,qyvjc
5041523860,nqkbz
5681879767,npyfy
1646253368,aymnr
6404162574,bbnim
8665307636,slicl
4448263470,raqco
5252266825,lmlrr
6848290918,mhkri
8837358536,lhrxk
3509407474,zmtgi
1121806543,drtvy
2348649933,utvuz
6384427629,cgxfj
3179823814,qlcsl
2590779173,ejnif
8660436061,syzlq
7266870994,rztpw
4446783969,wftla
4085108312,ermrc
9161530427,vsqxf
5499068313,ikzkh
8436215780,oizvz
5031595311,lzxaa
7200930158,twimi
5515239424,uqgoq
5528482721,goxzs
6136171039,ivlwz
3396238851,jruqe
3626417928,vjfce
7037666026,bxlpn
3932920295,dbdow
6276025740,eiuhi
4562769332,tpcsj
4724933745,txzqu
3382282387,pjbbz
7683772485,senps
6845368491,srkmu
6017042102,xfitd
7112364072,pnutv
5649546827,witih
4247726920,jytce
2880691499,kwgqk
5249307065,njnqn
2585748305,spyon
6965427451,jjbzf
2861607480,gxjhk
6108461006,klymv
8310747357,tibbx
4508056851,xkccl
2170150868,gwmqu
3177701807,bcylp
6896277834,izdvx
3392783944,socxo
7865942666,onqsb
3494206347,lemgl
3620853777,lcyil
3406008198,gajfd
1602050692,jxqrg
8587221201,jbili
7937840480,joosd
7554470213,lwzyj
8641569523,ygnnw
9018310505,davkm
3032191884,pqmnq
2931020783,xltrv
7020781862,bynqx
4123843711,yrlvt
1235679926,yinne
5738188934,ytarr
9933889941,hvevo
9388082454,epyba
6909494625,kdjuh
5167407462,puvqu
9397226039,nvzok
2482981451,oyfhf
1904719387,ygsfo
6105097067,dgqkx
2210383615,xoyib
6121524552,jjpnb
6546272619,ydavg
7082968566,spyhk
7127612471,wqwqk
8403634297,ilcil
5700174036,zpqui
8243055616,prjun
7362089384,rocwe
8482912449,bcvnq
2615541144,sfbfq
6191442382,yfomb
8326101995,gidyd
5841431225,yvbqs
1401032372,whydw
6150036814,sxhpb
6524980239,galrh
4799981121,juixo
3245563182,okbbx
8439797782,wyjth
6320466948,kobyb
1144766397,hhdqq
4821243515,gxiec
2923176937,zozxq
6232828072,xngof
7724150378,eimcd
7415705749,jlrcv
3582772231,ppgpr
4669280097,tpwzh
9790161096,qzfbu
6917357512,euurh
3796635519,htrjn
2170361671,etzfb
5738618719,mflcy
1749131849,bcwaj
7760299784,mwfmj
2509054327,wtqgm
8691066448,cuogb
5171229728,yjkss
6975205742,lwtyd
1636000983,zyfln
6524222260,ptlzh
6606755129,yoodu
1800718907,vxiud
8440226577,vmwpu
1139670245,ilwfy
1753272883,yvumj
9700279033,xuyvn
8526050111,piqdm
7398726923,dvgje
7678715191,mqobe
6009354846,vdlxp
7285152635,chxeh
5293014920,jmxvo
9256027128,wpife
1648234492,fsetq
7556312347,xdspr
5982305010,umgus
8689710798,ycrcm
8468299945,dwrrq
2725988039,ybzdr
8163848958,uarvp
9855668741,nhucl
4467457683,pczxk
7122883697,wqjuv
3245686253,ssmxb
2944356304,dshay
9398171527,lvmeb
2784827539,bxrhl
5995219448,pohkh
8658564291,fmidw
9851507826,yqlip
3997565802,bolxz
7924948184,hvkso
2418714754,ufvcu
7696976154,syyrw
8504934616,lrxsj
2892376041,wgfhc
9601665274,fvzxr
2153844895,ulzrz
5442684525,sjnrd
3167051784,icppr
2820740037,xwqwu
1720510884,wuelr
1631701691,beqsa
8074532268,xgfqr
7930114897,kuysq
1769178935,tztad
7828102022,atgia
7849646485,weogb
8308945624,gvcje
8125787993,rwwrg
3032683742,eroqe
8461509367,qqzjw
7628660694,nfkkm
1396949532,xidno
6496996973,jiugm
7413946990,woelf
7731569142,kyyap
3710450280,bptnk
7330069952,peunm
6274494350,mpaxn
9574284219,wmqjo
8276991640,oposy
3861297395,xidtr
9972966546,mhwbx
2847793231,wiccy
9213643088,vpgxj
5974698144,pncfw
8076901802,oqyjn
9886746476,mcpol
3286167059,ihbag
9601645691,npdll
5895133808,rfwtk
6440931281,otmbo
2337563115,ltltw
9118088629,yqbyq
3145738838,hcsyn
8831475018,keuhb
6689892934,jahvc
8176329158,luanb
4964533063,vqpmp
1723610839,loqtl
2881383221,udedp
5784018250,adnln
4369017521,twtff
3693016990,gusxu
6982453534,nhxkx
7095698000,wokbl
5963096396,wfkrf
7340232725,bxgye
6121887866,fwtta
6096752056,elspy
7746820739,jgjgx
7257933310,nejmh
5131232114,dwkay
7710807304,ukxmw
7399986953,zmtkq
3055810047,znipk
3500302208,tebrs
4995772383,ltbiu
4347320937,zrrwo
9743279467,bbctz
2562608698,eaxjt
5717722335,wfzts
1181045473,amfig
4639340749,mvrln
6299062396,owrsu
9720308676,tonbe
1348371133,iybxr
2473967694,vzgcd
8683326477,fjqtu
9305419892,gjzcn
6153323278,jzvmc
5323589452,apzhq
8743864037,jxgej
4290533952,caizq
9046992003,vcscv
3004338854,ycgmc
2995931036,iftvh
3233496713,spufs
9054636639,meqmd
2656861295,xuvjs
3320000471,ewlaw
4253784124,ayjbu
7069895049,ztgcc
7272891431,enxzv
7663871426,ajlal
7446632000,cpaft
3233237255,whtwy
1966409819,vaaro
3992705687,ivpdy
9544787281,mylne
1769359759,nmxia
5703803487,txydm
1510323265,cuomj
8770946834,pdbmn
4402648257,jjxmj
9035413845,ztfzn
4222420577,zjoel
8974620933,upgfx
7736973009,rhlks
1014115194,gmyty
4244462656,hudhk
9975035618,ekqfe
8287743706,gtdfl
4980928866,pvvyk
3691735130,nghjs
6686424159,tmwhl
6623875982,zcbgq
9788731895,gshju
5622139328,oowol
4861993905,kfgmd
4606675366,hrfbe
8091913854,lfmlq
1300513565,iygjp
9802392939,oahkh
6894275773,agogn
2521584491,xonbe
8120536146,uxpef
2488258599,orkmc
9205255485,pglvu
9400482430,dudmr
1577808933,edvax
3443134742,rjrby
9207968978,ecvbc
4544294498,eqalh
9362330811,pjtbn
1474774650,wqyfn
7167252155,idfql
1623181369,hdujs
8848880270,vxnew
2414230288,kbplc
5630995522,gqvlu
2699738416,nzisa
8592038636,tcywv
7592872522,fuqpo
2099730231,uoihy
8987544653,cpojc
4575630073,mfuuz
3251491735,oeurg
2237763526,fsuzf
8009482902,gdhux
7369863780,ywdey
5972169908,bvxbe
9450109660,jvstr
9397941446,sporo
1556356569,syfju
8267196242,kuppq
5950868920,ojass
2660933678,leijj
9055679752,ppoai
7783533576,kfldd
4918868763,ojnxl
8097383595,eckdu
6632074144,cnfxc
8526998434,ejwpq
4925787677,ssftg
4127098824,grvjy
5074763982,rrcvx
6860487813,cpnwb
3499558688,ajtxh
8981239329,oxwdi
4396811821,euves
4118861514,zzgmz
2102588666,nphlc
1980718296,olirr
1465161536,ckhow
2940856208,oyunq
9850868622,zhrrb
8143295036,eylrv
9454001118,lrvyj
1331720585,gihms
9977825627,kkcll
7473716417,icemi
3863655439,tztsf
6400243042,koxqu
9123946743,udcam
8416593793,hzgvt
6127255807,xhzzd
2265752343,uhkbf
5359719131,ktstj
5613857087,szcds
6282518524,svsnn
2686776351,eaivu
4012869324,xbzoy
6772124294,wcxgr
7657366241,wsvav
3688894411,ijvpr
4152618034,cufiy
5941473140,nssnm
1818789379,jnzog
9693999473,gvxfp
8380030914,ffdyw
1114618884,sfmog
2583155550,xacpz
3617035556,dofwj
3027719777,etynz
7767117194,mgkez
4224600067,oqfwb
9030676484,zglnb
6726611234,fyqaz
6550191577,insha
1862000800,ciyoh
7782222605,bgctf
2705268369,qxesy
9674034796,nwpnm
4923883243,xurfn
9056883291,nmzys
6651019613,nopuv
9830441257,qkyjr
6912199354,fsjiu
8935669536,glivd
8106198090,migce
2368803555,eyvhs
2357335478,xmpcw
3900038407,lkwxp
4882237964,vakgn
3116695459,ozxcr
4471296295,utpji
2731649197,wgxdy
2917622244,ointt
3098250622,klsbr
8235853172,tnvtj
1616410061,drzgg
2369541851,vlorq
3097197084,mshda
9959963277,zzhst
3716970679,syoly
8744754968,fcwig
5111670931,pgajf
5289148083,medwy
9029827818,lybbn
8860178917,zgzqh
7644194586,lcacx
3319374561,xbpjh
6670368972,iksek
3632492096,ujfzx
5316942073,xcxdx
4313079861,hshno
6632298525,bgakf
9047406755,mauze
3579955293,syuxr
5232333599,xjcza
5014463464,fupfe
8389593716,wsarg
3218012770,rnybx
9418886505,yvlam
4074786909,oadxw
1844092555,cslwu
7572624405,vgcyq
9540147275,anhof
5722508147,icepk
8218988456,wjfxm
1525114322,pmszh
6165465265,zyyxm
2118665618,iisow
1444224526,pjzbw
3548059243,asjsw
6749930633,jrydq
4427390188,ccnjx
8242350963,awjnn
6522130661,xudbb
4331871792,aulox
6440121372,elvfc
4913764915,kcltd
3117197572,cvrjt
5602028078,gsucv
3502082528,xpezz
9687907150,trhxi
8153930720,aoztp
5284564719,jorqp
1501066937,rwxtd
6872245305,rejop
9220495626,utlku
6396053158,gdlrx
1112180999,fjihx
6430368283,wrhmj
7762243990,kwkwv
2920318351,titef
8265905289,wasjd
9578418870,qwxeo
4827649018,ncbgx
7381565675,cunnv
6933478351,rtfhh
2233386107,bisqg
8358642656,dgtqg
9002146298,fnwia
1457638094,zoick
7685641838,xmlqd
4319131725,worgm
1676333027,rygzc
1913417607,crhak
9566914261,rvghd
9779475561,xfzvh
4585164108,uczcg
2267780110,fnekl
1050873244,oldej
8480629291,zpawc
8771839737,qaocb
8558357622,pjpuv
2939249577,imawn
6802323181,kctul
1924342238,anrnx
4355080716,flevo
4620159690,teylx
5610592872,slunb
4743620591,eurny
3952972936,yzera
5463375234,dvpew
5742260147,ppnzk
1193946177,mdlpl
6960575129,dmaoo
6231677793,cqwgm
5505580150,ofqen
1816259480,mwkyg
9398265171,lorju
1808137397,vczll
5212739216,mfsat
7095382054,kyawx
6455173040,ogmrm
8856479480,sbwvk
1081247660,gpwno
5990185098,xhgnb
2332121076,eyoqh
7382639941,gskwq
1824395759,xwoai
4898674459,ncoft
5715228756,pvbfy
7346819992,crygl
4782852771,ggeyg
6688321493,twfpe
4902758711,jepco
1670144161,eaaeu
4320438698,guqcx
4636822846,nnmsd
2652569907,xummw
7348154178,quitf
8048960529,nuysx
1332921384,eusbj
9301280619,dpijo
9853107827,gxzgf
4107265644,oibwh
3629717053,vnymb
2894215766,wqryj
2321862831,mdnwv
9523388199,hicze
9998898248,acidv
4550165788,xzgec
8156844324,vokbo
8849234923,cfwno
7277969323,udrbm
5754842617,udhcc
8569532226,xzzox
3876546809,ehdjo
8353694834,eamxv
8119801580,rsnav
2850815790,mzvic
3081037167,tcjoe
3380440813,gdniw
7009008057,lrwtm
5355840318,vapth
6619283582,ochwc
1032438248,gshzg
9108612252,prulu
9312593774,bfgbr
8045654705,qhiio
8122251860,ydsgl
1291899234,loygx
7746934805,wpdmg
7426896005,kxkyx
3190543503,ivsbx
5500046202,uivpp
4028573570,qnzyb
2271182409,fzkzl
7350214919,dquyk
5808834947,ezdph
6197493757,fcjdn
8983739037,ojcaz
1197464899,yjoct
8372457982,afstp
7154538922,irjwt
7239441670,nvshi
4439990776,pltcp
2524941430,sjwbb
1266008200,zlwcf
9928951999,riwuj
9756040796,iopdv
4785991564,ylxlf
1469222138,zlthy
4536366844,pbzar
6939257979,nqwpi
9069248043,dqhry
5122601781,zlbkm
9834321266,gtfim
4080655930,dvznw
6397424809,lzkep
2326764989,bjdzu
4246879419,abatf
4522076371,lnvyp
9569212881,epyoz
6112373615,tjuxv
4129179783,dpfjv
3632911277,qadcs
7181955728,rhhwn
5105319912,tdsnx
5256574988,hrelj
1187323429,gglws
4804440616,bmcas
5742295056,qfpth
8364402840,kubyq
1705124949,qohbg
2940744182,ewach
9868556524,qlyuk
7728807122,togcd
4098091430,oonpb
9349792893,zzlnu
3780537245,gywvt
4085831015,gkmae
8344928492,izmqh
5515576611,zrute
7722606055,clpqj
8334868098,tjjbk
6094719806,ycfle
7820228339,ljgbp
1653437358,seitk
2698194346,prgjq
8328434520,guwel
8596582999,hdatl
2577139787,oacoc
5845708611,vbffg
2155974369,gjyfr
3725145521,pvjhm
2002960756,ponay
4592762205,gyofo
5796883781,iezmc
5984410183,kbbzi
6394970766,lspzx
7830264684,ajpxg
8699349500,opfcp
2720214349,fbaft
5159438684,miqiv
9641591936,bksnc
9208529124,duioj
2202090675,pxtiz
9295852003,oywly
5159039362,orodd
9424369940,ztwwc
2911178728,oimqp
4563455235,cimkb
6978703458,uyqqv
4075421240,rntsv
7852057041,avkuu
2917841609,xkwjm
3567168926,rzdzt
9744908856,quaxy
5361479652,zpynr
4319360962,hwnhe
4694322187,lxuad
2663204362,hmebr
8691745415,nejcr
8735888832,tthyk
7589752963,dcnfm
4777826312,otwny
8680515326,bzqnk
4851549974,fqhds
6612370435,whicf
7626415211,xydzs
3215567328,qgbbo
6590757026,kjfto
4408257423,tpzui
8739972882,ktnox
9855778054,ygmfv
7316041687,dyehl
8472475587,mlpro
4010187174,jsalu
3930671665,yokkj
2265348062,wxcbj
6823390590,dcxlq
6283271363,letgr
1818268075,xtcwl
2781876038,nutfx
9193182890,vqgwn
5270470928,rbmws
5401917853,jqfku
7397720241,uvkgu
2292744870,xqujh
3818415422,hnptj
9693760555,vqevi
8043956972,lalua
8943902139,gtfye
6477488468,tqkox
7282225950,bmsht
1955637080,ezekl
7095422521,xpuhk
4566318916,xwcmn
8972180714,ygage
7683965550,poses
5783635282,rfogm
1498685480,tbcsp
1424179290,qcrju
2025156747,ulnfo
4296063489,njwnx
6493934584,oihxs
8938377382,tiwbw
8603112425,bjcee
5617820030,eyisr
5020525180,pokvq
3083028920,mwtfe
6997320816,swzmh
8951253200,pfuoe
5173179950,gdqtv
6947465383,yaevq
3209526670,phjwc
1600539740,lirpa
5002961267,rhzrv
6434534517,eddwi
2778580855,tppca
4845712017,jvfkt
3364209418,nxnpv
5484732665,nqnit
9305218440,puynd
9403361679,tytev
3888559515,httvk
4130905827,ovkex
1047342049,bzawq
9861905784,ywzlm
4138689451,mhqmj
3178358875,fuwuv
5404534369,uqgrz
2993374591,faisf
6069967361,xqdjp
4592160785,ochie
5205126254,fqfzd
5982614934,qyqlu
8315357728,hbfzf
7839822109,pxmjl
2751069611,cgspi
3241333220,pbgyf
5907471579,qvxkq
4937045560,ttffk
7841694740,uskad
2416002234,nxljo
1300440299,boprh
3066232486,oaiok
8336356902,afftp
7647076389,ypmsl
4065988351,wwdiy
1812151261,bznyl
9326551759,xkuzi
5226238632,dyhub
6063928154,cjias
1179411781,dwwvn
5360488834,mzuta
4351152096,hltzy
5703699686,ugqtp
2106959324,cnlvl
5465346403,qclhn
1122259836,wmsrq
8769248819,mnvno
5922376066,nuahe
4982307562,zqafw
7830205357,nxzhm
1742655936,unmiy
4846397970,qtqxg
3243306603,fbijg
7522069436,rnvqt
6719115177,fctku
4332456444,nhfzj
8357652752,xwrbu
1277572335,lobht
3172437022,wagpn
7349066250,qhnto
9620989897,ewpco
4802743352,eyoji
5995383161,ybats
9194574207,thtdo
3039382272,xgmww
6294040921,wygwx
3324306414,elhae
5885026319,tuupt
6440240696,odtag
3366039029,lpqkz
1667925723,bhjam
5039579704,kcsdc
2569837874,mxwzb
7827091812,blfwc
6564817766,xlbsl
7020589356,rnecq
7730773464,tovrk
9656076040,hrnal
7481117087,mszzw
5044166674,cifyj
5868339973,udifc
9357038710,hnuru
1243661990,ilglx
9433211793,fiebk
2802137809,ctmdu
7237985735,hkmdc
1225933479,jmagu
2944517423,fcqwb
4892568872,yyujj
1730546502,pdvze
1967431899,bciys
2076455934,yekvf
8204714078,ypgsm
5284121938,yglfb
1868361185,sybkh
7880425813,qiuns
7233361076,eogxk
1216599608,zyxih
5017931412,bdiaw
8484058427,pzmhl
7117936183,mlmvt
4984663359,zzvym
9658516656,gjaqw
5171340727,ilimy
4538777948,ektoc
6732978684,ecnde
9801394330,jtnnb
5801187380,ebshx
9640620693,ajclv
3975300745,exqlv
2694704097,gcpup
4814539362,wfphd
5234518024,kgmzh
4906323475,glisg
7036226085,jovlt
9990598688,dkgll
3313728810,zyjqr
3201676578,nqzhs
2022966870,pstyt
8492587269,gexux
2556867528,guysn
1534107038,aynxe
8128856003,xaomx
9786461468,rsbof
6833049479,valsj
8523086457,ksegd
3672823080,enxyk
8761524684,mwuzq
7692352275,qhbzg
8816448152,yerzt
2089861012,lesev
8805981840,jagxq
6751220935,aepao
9343319552,wlptj
4099588722,puhoy
3713505164,ipabj
1126371888,keaab
4794343709,cxchu
1794631271,qtmiw
7201618463,olcnb
3547882157,kkayd
1069148919,wsqdg
5508476558,yihmo
9153355245,bidac
4708482604,sieaj
2832993928,janif
8670407562,idggk
3502100125,taeio
7101853709,kuajq
9922956248,lmhzv
5053477399,yimaz
5987279065,cjfdu
9930456809,eddhg
4115417275,gvyvz
9340463183,gfjkv
2264366992,rebwd
6155010101,btxuz
8905429223,ncxvi
4945831452,kjytn
7230557493,oytes
8935587432,yoows
6374046474,rcbsx
5636080592,anppb
4982035604,uilfb
9799133058,llnmt
2530585789,oluos
7819675084,hpits
4205456671,prcpb
4034983001,zuybn
4183467099,qcnue
9182005285,eswsw
2771249964,rgcqi
1244035783,kxfjl
5090674128,umizz
1703724549,ntdst
6857962800,lwrcq
5025017058,mzzac
3681979289,toytw
5381816912,lmntb
4434559016,iuctv
3482276827,uvqxe
3762579523,hpjsp
5207435252,okydp
1522135543,ukypl
9148534812,mhepk
9290685847,prmpv
4584517535,rtfsy
6075584029,xltdn
2524499686,pgbvf
1132046241,fnhss
2264160643,mpbhr
9677880427,bhiqw
6453461820,wftnf
8971007083,ksiql
2110070050,dheff
6530528624,rfzlf
9311312371,niakd
1507751658,csmhg
6910791828,plsgg
6277447639,pdjrc
2909289977,rover
1197596975,lnnfu
1272724977,nknlt
5659458368,fpzof
3294130628,gbvjd
4941986669,igxzb
3640345443,uehzo
6130398914,lqlag
3602156167,gmtxx
8281632123,htvoh
3794834200,wheco
7711832435,kcfhq
2542367792,zqcpf
2206198482,cuoco
6321172619,smrlj
8821533721,hpoon
7269367395,qasto
1242648980,zpapf
5307992151,herip
3816532971,uockn
1345972783,hmfxj
1266079906,ypiee
4169441850,agcxw
9205038015,vrsre
7596526984,avqaz
8241785368,izquk
1733094788,zkffq
7913001422,iizyj
5553366457,bdprm
6103700028,lfdcl
5579160142,pwosy
2851895529,excud
3573921384,tsteo
6429802062,mfgze
1263942928,bznao
1880426413,uprbu
9151765218,qmeds
1683832802,dbxbf
6351436768,fckby
9716548183,eawmc
7277076909,yvjuj
1068999512,cibxu
3308925352,jkfuh
7393901288,ptfhz
7701677691,qldyk
5759218421,bmbdw
5260270592,wzhdj
5514668379,kpnag
7621655393,hpdbj
7445570643,uhrgt
8112602256,cjqzo
3397575070,uufre
2063741470,okszk
1827550404,fpvoy
7863709546,lsnmw
4966069587,gmadr
7032214230,umkey
9669808347,hqelq
7370624207,btrpf
3502211840,nisko
7508127182,mqfgv
8085900176,fbief
6418430387,paegu
7870344441,spmhi
1743882078,pxaec
5869597560,rdjer
2797122699,pnhig
5493679620,srqsk
4632907994,sqfqw
8091704996,obahl
7955130845,zxizx
5232504066,gdwtn
6599422869,odjfe
9339235781,eleti
3538879775,mrtcx
4314707815,rufvd
1861094021,kphzj
9824475214,ymsdu
7688434802,wsygr
7614249002,quyvj
9650865551,robtd
5948960239,dnrhs
9067961413,gdhxn
1100840686,owtcz
3428576858,ygecz
1398870424,daoam
6029093667,idxvn
5536948243,rsscq
5163237345,ygfsl
4255476618,bapjb
7053124838,jpqqa
5992999115,vimjy
7940901220,muivq
4509766454,kcprf
2763170074,srzit
4937414490,nrejy
8636640024,wvefv
7803440038,njxuk
4253246435,ufkzx
6837319199,wnkdw
2476297617,euwtm
4344787894,couri
1292974154,jtmzo
9773651374,ozlny
4841990961,eilrn
2879084710,yqfyr
2284831022,cbavc
1114094062,ykbwi
6650370636,ralcn
1937458538,dtbdi
3643234719,mewrs
6175473794,qmatn
5462662619,hjybt
8526740148,kvsrm
1666447453,nzaas
7757741209,cxtlg
6377861724,izpav
9911700716,uubwx
7333124260,jwiop
5191846572,vdevw
9339265649,claay
1297545151,rccyd
2392506204,zwocz
4446755329,klutc
9009257533,lgphu
9436020715,sjbsx
7977608152,rdldr
8085590977,amnwc
7077589362,gtcwf
7703302844,daorc
3394989908,fotfb
8089447856,ppxet
4907889309,oljrd
4110399829,vexnb
9215997976,uwxjg
6781353734,nersq
8756856707,exxqj
4990015323,aorft
7894451495,thqab
3061290688,docem
8378549968,juain
8578729423,bauuc
6800950901,rnsxy
4512630943,cofcx
2351534112,isnpg
1504504367,jmnyu
4943016337,jqfgm
4952769101,uqbiw
3056148667,msohc
6110189846,qmggl
1589604494,gsukp
9739944838,uawzc
7484805749,txrgf
1911008120,auncf
1220622676,optzg
3016031518,nivdx
3026683704,zaldo
7421383598,rawql
5226085936,lousg
9616462122,qyisx
5342473759,ozirg
3170833430,mwhve
7469279055,asizs
9744537179,eavcc
2143989089,fzxzj
2069600753,yzsku
8125486328,lochm
6630815506,srtqq
3691274580,ehmkl
6867086904,fjely
1794196905,xhubp
6635683638,aukxm
9742404894,dmkpj
2250454349,scnvs
4800693268,ofqmd
5255182875,isxbp
4100247528,jmznc
7901877657,qxlor
9517494507,oceyb
6022380410,leaei
8924650396,rwgkv
1209207728,vaqjj
9461993387,seknb
2018467257,mncfm
8739560134,tkvzd
9708149329,fufnv
3667317872,dcngr
8548834503,carit
6712006205,ywxjl
3712608512,aonjo
8041639507,flbmt
2625822824,kkxor
9241330882,ivoqm
6542747121,ragxe
8535825329,wjwmb
6193016213,aqrnv
4121290013,creku
1649325735,mcjqh
5717200225,hqfnc
2039662375,vwisf
8524283971,mzqle
2424804598,kcnel
2600351667,bcehw
6357866370,vqbyq
8845573861,pysgw
8377950303,omkar
3585701246,kcgse
1523061620,bpewl
3953746236,lthul
7909108033,jhtbs
4889466821,aryxg
6050328135,gqiyw
3338802682,dttbe
8913726883,rnafp
9953017370,wwxqm
5587204122,mmrre
4246386758,pfmla
9933673513,scakg
2682615589,zvbdy
4513265742,nequi
3538853484,auhjq
2380371887,uvqaa
8455985064,opfof
9716048733,mjszr
2336649261,mfrff
8765468449,ztotb
3430610312,uusgs
7427805552,qmkcb
5390080142,ddrfo
7580332060,geete
1584116596,opqyc
4375330033,aokpn
5056370708,rpxiw
2536787796,pwrba
6662324752,npywd
1140026377,qgosp
4331387998,kxaaj
3362509467,yycdp
2630450634,yjker
9284652635,bauxr
7445301148,klfbf
6794397474,naltm
8414849237,krvdr
2985663059,hiotc
5034861576,xfmzf
3074931456,wtfny
2833805670,xadsj
8266279816,htjlw
4144529043,ctuqp
1440271722,ufphp
6609165983,yoodq
3769437900,eaodt
4701229463,zyrvc
4632324772,llurj
9532438995,zbsqx
4603691416,rnvdr
9480065876,pwhwn
2429639522,wodui
4295087099,urdsn
8755303508,ppnlj
4460710443,ndckk
6136984715,viyvq
7521754379,sqocl
1374848692,ulcgn
1422132438,iiibb
1509016161,mycqt
4140049746,ylcei
4501120992,ndwzl
8628381595,nvovj
4302059582,hgryu
5570140334,etnob
5159069933,wewgt
8395026234,sdbhs
1768413439,bsomh
9736062478,fxywb
5443191501,jlnli
3399823931,xczfs
4540286047,yatop
6668008156,mbtnn
5279993602,pcmcj
5293013129,rjrgy
9924187705,bayjq
9330595011,afzsq
1530154460,lrwzw
8895169587,rnvtp
9942258199,pwfhf
8850995223,rufib
9105309515,yejup
7804996551,pkjij
5858682307,fdwoz
6418658234,qoykj
7536195141,tpqsx
1695432602,yksye
9687361997,crvpo
4858104278,sjyyn
5443307741,gfkwd
5253436328,ykepf
4796027799,idaxo
3806995126,cdguq
8629885857,ckves
5144205059,qmdwj
8269268103,ugjdp
4029991421,poebr
4782970238,ztxmj
1383947333,rgtmm
3231720259,tcjzh
6495766300,ghvzk
9230795568,oonki
5034360801,wgobh
9871717759,jcgdr
1934922502,jvzws
3624289025,uimqw
7172564790,dpriw
1074731305,tekya
6049267064,qnphr
3326471498,bvgbm
8948934905,mtzgq
7086158219,xnntx
7995994369,hzzlo
3804762738,ximki
8820219755,zxrze
9754791358,ebiew
8308975298,sjjie
5721424987,gwtvm
5757057552,jxuiv
9780099967,ukndr
2316081234,hcclg
5817818421,xxqpz
8810751382,grxec
9100336041,xfyqt
7970751549,djiuk
5123301779,elgof
8756931201,izezq
8828579260,yftnh
3104049249,yvvsj
6726655056,yiris
8462921973,fgceo
6977894103,rtagm
2934948808,wlfgx
7577465292,ikmvr
3472236990,ndiug
3566101724,qgdql
3458641411,ieuwu
7093472459,mwezg
1003460697,hmcjy
5186487883,aouih
1746924422,zzada
1468297059,zpduh
8154227948,riusn
7297628809,msrkv
6393817062,zbsjp
9587169209,nzxlz
1036079204,kwdkl
4509305420,apyiv
4304695479,aqisx
7361174806,hlcdg
6055384707,hrqxu
6296006770,cvwme
2092145609,ezudq
2655487414,bssrs
5908259834,ujioa
9784562012,bftoc
9602916186,oqnla
8380041117,cdtts
7336687520,lugpp
3438719816,acmor
6352246404,suhrn
4423642437,tfcek
8422108032,drhta
5929695040,avmsc
9513732684,fpwmy
1341901828,meume
8819629514,wpziz
4170889807,vbxnr
5282917918,tjuwj
1024584187,xmknw
2101500335,pfrrn
4123715897,jatha
1288292928,pbekw
3144178291,ptalh
4141250585,rlyef
1049268087,loyuc
7340347977,scqmn
4577811041,zwfdy
6834706420,lemef
9311248236,fodby
5937685375,hqajb
9240136525,plfkl
2993115839,bzfmu
3434873505,hdtxb
1256421040,usohk
8330302204,dnfti
8158075832,fdfjd
9029974225,pdcvc
2854919613,ixsch
4998082881,hcomt
9314550996,xvsxa
9741712467,nfofv
4890639860,lfuib
8706229846,tfpim
2980072425,qnguz
3235629969,mgemg
7168776772,oidzq
8815607981,weezw
7884546331,xhoeh
2148951965,zmkup
6964207114,oseld
6888909437,iryyx
7778655748,bjvfw
2446182484,ptgzr
7823600720,olseu
2998285474,kosiy
4636115416,mtgph
5959841674,xmcuu
7972922077,gvltz
2530636618,muqvm
8885880643,pxjix
4882344964,dsogi
8936820571,bpusi
7532800076,tmcub
7191232338,gbpah
3499445020,qjdrc
6606047362,ioxjj
7616433051,rqtez
8766749301,usykz
3117204129,hjbcm
5343064311,lhgvr
3659033632,fmkuq
3886278223,nzegi
8046969678,zyutf
1773299076,qgcdn
8044818688,uddmz
6258398394,ifqyl
1862727155,sjndc
7628746875,gghkb
1422045306,leuuu
7680001260,kehwk
5163769578,omkcb
2333681083,xuliq
6805627087,gydwz
2254055534,dmrji
5669332825,fwjjo
8161657658,powpx
3879674609,ziyxr
6442098081,kbbck
5300574778,rqcnh
7610512680,ztmrf
5073420492,aufkg
8775866539,bbcnr
1306665625,iulgr
9327224403,vzmif
1389133732,niwlq
6809286805,cduza
9907642591,zgnvb
2439941749,fqsod
1222702812,pnplq
5341723859,zrbah
9563426524,fimxt
7815730384,vsljx
9923822848,ayxcg
9225842208,binay
7797312009,ncbxd
2895242057,tegzn
1451660006,qrsux
7976766706,grpem
1372432071,ziktf
7026730936,spqtg
9393541106,vuapw
1412772635,wmwzc
5676012945,ddofy
1664271280,nwlkw
3801091953,bupwi
9130661253,fikwu
8342664669,qdjwq
6849575903,xcjoq
3980894642,lzzbi
6909016103,nucan
4138570959,frvdt
2854327888,rozne
8737109996,ztjds
3788517977,faysi
1071226595,rfakl
7823525221,yhilv
3940187888,uoyww
2861820989,mmlbb
7773074101,pogjg
1694398113,pteul
9931412878,bgihm
5471558158,splqg
3185979908,dlfex
2158922582,ygmmt
3932732030,vdcyu
7219601714,tkxgi
1360478052,vyqit
8700291657,ppgmv
5947512362,snyjn
7029791763,wsiev
3854538172,ersez
8728101175,hwypz
5632184356,hozfb
8214235253,comzf
6406939006,ceorz
7047919948,vtgmc
7254570866,yrdsh
5157896537,hwwof
6929361819,gbzve
7443561087,ijzas
2287418393,mcmno
3190470257,bzuhb
4068545638,ummyf
1801795364,vxnll
8367947790,euvbf
8575309279,fauby
4498620526,qzjid
6805436974,bkvze
1463317892,yuzdj
7491506247,rxnfk
5718205621,rruiu
6575962863,wxghr
6096153409,xpyul
8001683907,ndfgw
6719163715,jnoah
2538328825,pxnms
3264049189,exyzx
9987334327,weign
9662781203,ojvoy
7193050679,fxzex
9108283255,pfnaf
5232025818,iftoa
4192131830,csbdi
3207511223,pmhkv
4371445011,cnwgr
7553819094,mbjqw
8414515401,qorvw
5236386252,ureee
3431692581,iqhgb
5983269955,fsabj
7931203885,auult
3180669955,hukdo
8642162340,ajflu
7012511636,jkvdc
8074877489,anjmp
3442118791,rezso
8024163917,iqnmg
9757466090,nlyrq
7143277367,fwlrs
9310772426,dhnfu
7202281631,rnuzs
6341381802,chnix
6349115274,lahss
3970581761,bvxlu
3056204728,yqkho
5080388732,xnffy
8159473861,vvuqd
8376123185,dvssl
5858015092,vdkhw
7235799599,awbep
7774380927,gvpap
6281332297,pxahc
7464092864,xjwin
1261970660,upetv
7995972827,khlhj
1780262316,gkutr
4517108082,onzds
5005630213,okmfq
5585113442,igiga
3988659875,uvnzq
2793192451,gmcpp
9237326552,fguht
7022450148,ifekb
2835195943,pofux
7539362457,kwktb
1240575268,joebt
5936651248,fbchm
9442472352,aaiyn
6310358778,ezhfk
8115672939,ihhrw
4596373126,kwsjs
7955989190,rgzns
4455927797,kiazw
9502856751,ljhdj
2299112610,odjqw
5920766096,murox
8556675142,tzmma
8535796928,ylroo
1162303953,tmlvx
6673724393,kiynj
3911971590,ujgwn
3247990381,pzmqy
6266130060,duwqm
8200418697,pgxgo
7843485441,djslc
8562371767,atedl
4929477769,hdwlc
4928085346,uehvy
5567895515,rzznl
1297580362,kdbmx
8290932149,akatd
4695157883,dcjsq
1047090424,rokmn
5700045028,hahok
1444736435,tmand
5333138556,nvttp
8117953000,bmbmq
4359844838,lorrf
7300450785,velut
8503724947,uxcba
5880464610,fhady
4666699523,rebql
3123342916,dktid
2641458626,ruifk
4099245366,outrd
4439302838,gciva
1481991430,pkkka
5197666790,fdhtd
4899236951,jyiln
3988583335,wpgvz
1651820647,phsvj
1795801352,txzzw
8762219329,pvssm
4901560724,qlykz
9606115745,kuhlg
9500403480,zobqi
9379698116,zvefb
3427525514,mtwnb
1140619221,kfygn
4293931810,rwocq
9816842538,wsxiu
2037400187,ijsbn
7558218731,eysid
8233469506,ixhov
7518715354,ohtuu
2970449740,ptufg
1271135470,ckcdd
3831842223,sshmf
7463771991,avuze
3388812499,sphxi
1352796236,pfbfy
4658992615,mywgv
2719862192,ayeqw
2527410686,japsn
9300046744,tiazt
7722058057,rtyfh
9855109897,yutut
6528513447,gisyh
9446317185,liytz
7418644192,zxrvv
2147934622,prdtt
7397719523,riunf
3770175046,gujab
2561310655,zbutj
6851405328,rqjsk
6237958900,xzyxy
7516640451,xmadn
3173304077,yruzq
3962799677,qioqo
9914169757,ceswj
3389250264,enazl
1505024384,occiy
8241977403,ucthy
6500044940,rqril
5654322763,nqkst
2357026588,tzypd
2780976266,iqfby
4386704624,gmeed
2112255645,bvaeb
8574197107,fdfuj
6329285810,uchla
2286295963,vctji
3379873852,jjhdi
6046923843,arkqt
8874485805,ctnwa
4079021022,ucafh
7323213799,ieico
5546242828,kzvyw
8530463312,jqkvc
7987429896,vlzru
9186736657,vdcqt
5953816766,rnzbm
1809782594,ibjmv
8044204273,dkamz
8444898293,rdked
1739440031,bliqn
6031077321,hchoa
7060057753,nqcvv
4932558599,twitg
3048169596,urfaj
5503386271,txkhj
7050675902,nibfb
9788582909,gousc
8647416570,gftxj
2528874156,oybdk
6466419936,vhbob
3555405182,fkpwf
5882895971,tyooq
1357915666,sgkat
9193202629,pyowy
5157505622,mttbj
9976805815,nqbja
2211952021,kubth
8120535838,gwsdx
1417202124,anqfj
8378228569,bocqg
6101601725,rivcq
1458157974,fighl
4660038841,cqqah
4955195576,shrjr
4276046556,qljei
3048272821,bsyqo
1889519865,ikjkf
2989549769,wrzaf
4725562857,vzmvw
7141672117,gqdnd
7560123490,dikvz
9750564119,kyyam
8898194754,hbgow
7556974180,nccgt
6847055233,siidb
7432629671,xvvnl
9251214740,xegbv
5342053016,hocyh
1397330997,lzwtb
9707840394,izuxi
6563533911,cmvny
4132560250,kntgq
6096256974,fidko
3906822210,jrmzd
4220571836,mnits
1545360534,mpikd
1293497193,vxjjv
7328407324,hafij
1822783073,sudnz
9113362728,jbikf
3038005466,lsdns
1043479805,qkbcd
3366973890,pjqph
9951215976,iusmp
9267183129,zorkd
4345425660,tmomm
2566541037,apjlm
2114908729,gslfk
5226484601,cngnl
4217097997,rbcxz
5518875446,xyudm
6910962555,utyno
1198911047,pzvru
8101990853,oyafg
1195142828,nnupa
1983774331,dbibn
4591726104,qttyn
1312238135,lhaji
8979482939,locti
2767499322,kpntt
3106228350,mgfzf
5293968891,nkkai
6277806145,ocuyb
9172031734,iqyft
3226227205,ddjnw
2841730361,xpqij
7119203145,macoi
5200846030,tpxuk
5003075831,xsgct
9776760178,ipygj
7288845847,nyars
8928494235,xlzgr
3816371668,tstac
2735600964,uimvy
5625650198,atxcy
9210853772,bpcik
6863047181,tnlru
7915782475,cgimd
3934749047,buvzg
5166523262,pipzp
3922616970,leuox
8048028001,oakqm
4335308375,ueidv
5769084087,bmitf
2189693523,ckhhb
8725445149,wzjto
3601875092,mbafl
8372248878,lpazw
2153207772,pbdfn
9771103820,vginz
2553625981,zabry
1738052879,eokcy
9635493504,jcpgk
8995900977,itqfn
6644954555,fpxki
7152626766,tqoco
4571871994,nozwx
1846275560,ajooa
9793186260,gmwlc
9545525933,asing
5551794419,tgxcx
4033706929,fvasr
7097466895,nzqjn
5995662321,kyodu
1140274128,oicho
4327343685,dwprb
6509478475,ldwho
3030517572,lrtco
7731849650,ytoxh
1962637652,jjeny
3781883231,yzood
3799051318,hcosl
8255219744,dbvqa
3429253396,dhcwy
7850219698,oxfqp
6786918291,eogzw
6383644080,ifsoa
5178853575,idmff
8466225159,zoulb
3092895841,ndrob
2789575470,oefvy
7013233860,rybnp
5923468504,haztp
4631976867,aathd
3867624444,ifoth
4814150847,tskiu
7393911024,uckde
7853668693,klcda
5472961789,knojh
5292752581,fymkp
9731541972,nnobr
2384530911,oyzam
2477099032,dwnda
7900359703,tkzqs
5172011783,ajpqh
7013201730,gfioh
1355429981,nmggi
4254525161,yvgha
3876248498,iywcl
2949198413,qkslu
4750805144,sxjev
1594086821,udgpr
6816087572,dxofr
1878404836,dskqd
2313071778,vkmuz
5596397936,uqdkk
8700654524,ecntz
5610831949,zduso
7061024268,snods
1166718929,myytg
6505060053,jefoq
6208542656,abvde
3160378588,wwsoj
2733129412,lvnwt
8905783091,usntm
1919405491,anqfa
1527818125,wyett
2150497482,luvev
1647496095,ymxxe
8894611640,ewfnq
3222659549,jviks
6090377397,yymzm
7462755376,fkvaz
6840234742,nopfu
2332256164,obsin
5655198671,zogjf
5358895184,gstlz
8798842357,rmgbo
2142026927,ytybn
3453748317,fzvqg
4306555307,yvyhv
3475901419,wyqqr
3437051505,nbptt
9630295385,pjdth
9225189734,grrwr
5176361434,xluho
1357764912,tkzdz
4523551639,ufhlz
7550596545,jfzsv
3603937745,kzlwt
3901405854,lfpwb
3996583290,cmnvm
4082339756,eoqux
1723745349,wmhln
1478564078,exnqf
6375088792,vbymu
9296031471,qynae
8550880127,decxs
3618870718,sjoyw
2806496341,mokpb
3054780267,hecxh
1769987448,birok
1814225987,jmcnd
7551366442,zwbwr
3051285740,rxjbg
5416618663,tuhfi
1446041269,tilht
1270272439,znqgj
7156783865,mbtud
1478807532,xumqu
7463624120,ywgux
5233125643,vapqf
4878125352,ztwem
7019597463,euffp
1863442941,iuche
4282403710,icpjv
9570926665,rsfgc
5857921079,eliib
9764676506,hipuc
1492149476,bpkgt
6631309435,ucwce
9532317239,jtshq
8225510639,pskdf
8659106784,zczic
3793285281,zwywm
6009679490,wjttz
1377994082,zknux
7255908883,ftyou
3376261353,dqwhe
5880318515,fpsxt
1937924301,crwan
1821157187,kasai
5585508552,yjszm
1001673354,seyfi
8030374955,tstxw
8835864049,xiluw
8671807159,jblac
6868626910,eolkj
9695333685,mbrhz
2771344031,ystbw
8915696962,xhpst
2884094588,jkggp
3566196237,uxcmq
5881996676,ehzmg
5669521162,lvbgh
7575900944,mifwt
1235950117,mhofk
8350035093,uhkur
6235742754,ksedj
5051011290,gnqmh
4691523818,siiny
6173857466,rnyre
9708053556,hbyvj
3949507414,nqeav
1184794231,fucvy
4364412598,gbksj
5287711838,hfysn
9581448540,sxcck
5945101888,tlssr
9367622107,prbui
8974781075,ikolx
1002209673,ssozg
9065792258,xjucv
6521578770,trjtw
9607526184,vhsjl
9527332333,oyyre
1700701155,luyro
5869252444,cavns
4636355657,dicoj
1140284034,yxojo
5518594150,hgnje
7350629398,zfwxx
2534813319,oklyy
8819094124,tzgeo
6151116594,vfbum
3244371202,hgyfi
8707648164,wzvlc
4317207686,pctyi
8824415398,ollvi
5515413362,cfhzn
3964790855,kdzev
2213303990,jbrev
5097810670,peuzm
1982031030,xpwiw
9709171892,rqgie
1939759797,nlfsu
2596231699,qsqdy
3988372719,jewho
2119057796,ezxkh
5634263396,qiegv
1425715925,rihag
5322615012,ovjmj
4523648903,htfjp
3601124357,jpuig
8712605599,tvhmj
9530221982,dbpue
8526136978,wrgue
5461661909,pwgrr
9518619979,pjsii
3237333336,sttqh
5506717073,qkgyz
6019945098,ooxle
6190630387,vxbxg
7229870498,bvdqo
8112741131,yrods
4992605667,cwihh
9899081270,jjhti
9727772318,jepzt
2433904365,euczj
8450209981,tseym
7397481782,kifvy
1235194002,wrdkf
1105670330,clqhl
3332457845,baeva
6144662536,ccyew
8497826703,askxp
5830874564,iuntf
8454635767,dgotq
7671976215,ibars
1810039635,mjvjq
6334147612,makdj
6511620427,cvunp
1602816961,evczo
6793036790,spqmr
6583003252,twdpb
1680541473,viyyh
3093137778,jsbcq
5263477540,ajtfv
9517456977,pzmhp
6059807254,vyppg
8850114192,nyscu
4210859261,yimef
7473995788,lkikp
8088905180,qfbqd
3629567814,tgnuj
6759429615,gkxgk
3185756123,tgcfx
4874232093,ihdnk
8570846390,iqsyk
7877392140,jifrh
8352116380,keont
8100322585,utxer
1140169605,gcagh
5699029745,marli
4034795812,brcuz
9115808403,xqqeo
5502044070,igjaf
2465277281,sejks
8283621567,isdbq
1808993760,usvfr
7925509025,egdsm
6815006687,gxbjo
9201349792,oobcr
4919245965,gilqe
8930579329,cnihm
6821502311,syarh
7500203393,owvih
1259659289,uxvqm
9980955288,sqvfc
7574160064,zlolz
9407606513,nvzbk
2641956597,dmypd
7919285406,nkegn
1201234791,chavc
4417307180,bhjzk
6946182872,vnirt
5086044376,xwazu
1303152493,pauxg
8023459136,tsfjj
5386078362,tqoaj
4161798395,decws
4643901881,ohpda
1948005802,dhbhv
8580583596,rbngu
2790921937,vpjjf
1948505926,kzgep
6852933866,lssqy
2682716664,ywwpd
4478898753,jnmxv
9469532811,xoqbv
5596115993,toppy
2410802181,wfggw
7527063903,kaxfe
3586534894,mpanw
6593254573,ffkam
3871963496,fadek
1157127594,yruxs
3643882739,apfua
9154650737,lxtyd
4975514774,gvmkb
5005534054,qnlzm
4469407192,ssrag
5446671717,ffsze
9292988238,qukio
5610702440,bwnxc
7121458666,edmor
4936167261,kvnwm
3923517700,bpajl
6501245993,gcahl
6603027568,kooqj
8079939228,egshy
1237812872,pmarc
6026062879,qtjkv
4620073870,luuue
2137529649,jcsam
9808303667,nmuzv
2612200776,mxrbe
1549327927,mfrdr
3368520514,dwwfq
5732163321,cewqe
3178056388,ywdmm
7874495813,cujpo
7075431598,xtvyx
4184139390,potmg
9743499331,mgvko
4304766321,tsctq
7754419318,isjxk
1796328457,lxdwk
8463318168,umvpj
4727005423,svvgs
2722854747,mcqju
1145859394,fiubx
5728973460,sfwei
9753283117,bwicn
1590871318,cfwra
4586282288,fmabg
2071494776,iwrhb
3927878984,pglax
3774340773,nmluj
2558479831,ddchn
4164986987,mtucy
4941832738,tmfbe
1213869444,zayzb
7753437259,ynwal
3689871978,ypluv
5913649373,etehu
6475565828,emqoh
4836468648,ohchk
4835302520,fvkji
2918027133,yzrrq
8831663392,yecrg
4987492160,oobbs
6336967144,gnvog
5342813103,gqqav
5442255088,bggeg
6001893356,sqbno
3517240522,edabi
7188817105,wjijp
8252522967,gzxgm
3730544125,rfgzd
6024546967,oihdf
7228759385,jldrp
6008274657,ixmji
1518563950,uzkoo
5253246365,zgqno
2868870039,yfzdd
8874315786,lbqqj
3995533638,baevc
2733994151,pbmln
2402409428,pymyy
1019218977,pmouo
7585519598,xdmlf
7477564259,nqess
7597280298,magpi
2410635098,hzpnz
9838164731,pkprn
4665477649,hutzr
6316509635,cuzul
2463624543,zvwyb
5566122693,lfoiz
1846993208,vvuix
9046423934,dbjkb
1284358264,dhome
8913703750,bknbo
2203183606,nohir
8400442546,vrryi
1657147289,cxudv
5748948069,djkta
4165039739,fxbny
3875356759,rlecs
3068283779,bberm
8955120774,anayh
8417329614,lttxt
8843794766,iiqyb
1484092290,qkkuk
8632693328,vtbnl
7354572650,boktq
8702767178,lfkgl
2085921225,fxfyt
9510286588,ppuab
4263358631,oebbc
4587312601,hfefp
9453652135,sxpru
7194674298,lxbhn
6477043989,tbrsb
3619107120,oeclj
3361569682,amohz
7694392455,uvnqu
1915626364,klhuh
8091911661,prxrm
9404079206,idxrh
2161810595,frujg
6886415822,fefnh
9339300810,tihhe
1215868272,hjxxn
6601413545,tcrdo
5635386256,kkxxd
4545082778,tgvtc
5051396292,msifk
1852618197,lrtdk
2945512505,hdqrw
4357586179,hqezv
2015639631,wpvln
8424810534,suune
5556919309,lzkvc
2166504557,bznin
9108465117,hqzck
4770349072,spqmu
7350909192,egyey
1697194812,lrrmw
9718723867,arjsz
5592507748,svybo
3030275940,oqwik
4144142232,bhrfj
2792379969,stpcr
9083897419,bincm
8591133824,nltro
7397488659,xlkox
6955606700,yjysf
6942912899,ixctk
9085844415,xcsnm
4573888312,bsrcb
2261478391,locoo
8765780385,jektv
1836052475,ksbnv
4797126197,mcypg
8725819330,baimz
7917612765,qwfnl
5845292687,xsevw
9589627689,dyoqq
4880785531,rpkai
7663269154,bbcvi
2802694331,bgffk
9873609908,xqqev
4483740961,wigel
4013499753,nalxh
1602188209,izvcl
1014081974,fyjeh
9292524769,qnmiy
9006227987,urlxh
7784192742,wpvvp
9581693784,iznde
8350451934,yaodo
1826278626,tgmcr
8043953894,xotvk
1342293349,ygook
7164408181,exkai
8631231700,mddbx
5062368463,tomdn
5470196918,bpkzo
8074461566,mpiol
4906114493,yzurb
2431977828,tsxnq
9944286802,ohuhp
5351835060,saytc
5220078335,mwgvt
5849842035,lxvzi
1498761339,crkbf
8939130482,hhzrv
8730944490,rgixr
5865935031,fzzsy
1797852979,pdstf
1174199597,mqdvu
4083966445,mqaee
6685033609,gzvoc
4581328035,kdezk
6003855367,ktloy
9550648151,gpvzd
4382297550,ldnmt
1393838457,thuzh
7747537253,zoqqi
4818401546,wrzxz
4635922445,knfrf
9852033667,ycmgr
9265787825,pvuhx
9661211889,snysu
1159585733,boffp
6869230445,cqzod
5660418358,hftbi
9902761403,aphql
3259961141,xvhmp
1839907562,fyfaz
3954483624,zoaqy
1311289309,sxzsm
9641144122,bzhba
5561572203,gjvkz
7403032278,bgkja
1636284718,wafqj
3681730208,qwppw
5743784062,dfpnx
4821840425,ikgyh
9219179855,uinjs
9352735608,pdlio
5431463818,aovww
2012785679,lbhsc
5828734072,pvwmi
8341421535,ooovr
9917357767,xhlrc
9344232960,izbdi
9645393016,slukx
4792522952,nluwm
6184806598,svmjx
4962953778,ihtnb
2869105542,hldqc
9050550838,npclx
5183738631,cgxor
5277526417,nwves
3967314257,mavea
8022162759,rlvji
6266253425,mdpoo
7280543327,tjoyq
9783137870,izoio
1470139104,drvhn
2914692292,flren
1971415705,adaen
8753663639,qrwhm
9077634870,dyspm
7963198907,tvdxt
6856675039,lalpm
1029966395,odria
2766604984,javua
6143364264,itqzf
6371059837,ccwrb
2778605063,navzf
6738844047,iprzo
6905201614,rlldm
2103445416,secfm
3678873933,yitsm
6683318018,ojfyv
6840145087,uswvx
2234812350,fzlat
6218943075,aqhua
1395269145,jvwoi
4879630655,eacjo
3998454932,yvlrh
6190304585,btapz
3665213208,lythq
1860108328,akuqk
6187359335,axauv
3613616877,edihh
2611354326,vjxze
1479525364,msdlp
3574907489,sjmkc
3146148635,lfydk
8339526347,ofhma
8561426311,vpnwi
2172223741,jdkhk
2648844274,ymbum
1795266714,wtlxq
4829765958,vbivk
5993543756,ubgyf
1446852789,pjzha
9927692788,iwypa
3264480254,firte
8483862574,bowwx
2006311332,bqtkc
5564982648,qwids
6792315776,obaxc
9071520691,vlrkd
8696797014,zbren
9151545102,bwdot
7732379587,ijwva
9281310691,kxfdg
1844259240,zwaha
3963567341,ppitn
2791870877,voqwq
3365176801,ihhwr
5045968001,jlqrn
8642490372,ewuoq
2083549692,vtora
7253841485,nsrpw
4844098096,gmift
4432052997,rsdrk
3914082939,tfzlf
4559062845,ezysz
6434972857,kairu
4571096683,voarq
2136259495,ixelg
9783443589,xifoi
4270552755,nizeu
9423069095,tnabd
6594077525,naqbh
4942040127,gdbup
9170952370,wcxzc
3791281764,sssut
2281485042,vrxxj
2433215730,ztjgn
4292133867,vsqft
3943169919,vssoi
8178154204,hvcea
3800576278,tqjrm
5706923014,iqqhy
7825929889,klyto
6912153059,exvsq
7769684972,iuqpv
8060685226,elcse
4838464784,djosu
3308095660,fynbl
9086203500,espni
5466324078,npfvn
9574518732,qhpal
3749685002,fjley
2234028437,ynkiq
5368404997,ucacc
4661094749,ijsfj
6985392715,iumvz
1610754734,kiztm
5033175344,ophom
9797229520,xcvbd
3586497277,zzouq
1374886930,lpxtf
6374993366,yldch
6290314478,pyaat
3516437452,tclkh
4242328029,zxkre
2621928295,mponw
6093019233,pmcyp
3072990102,vtsml
8982611856,vkjqn
6294658433,sihkk
3394861765,hkaps
9588959390,bpblw
4212451312,qvmix
7806082433,dqlrb
1009809501,aiqkc
9135284542,jxcdw
5990887995,uoncx
4259748795,yfkpf
3576016628,aiham
9325989327,ipblm
4920867806,ucqvm
1753061248,apoub
8033412707,zlywu
3813357466,eelzx
6285538040,xpdwr
1769553037,owqze
5408730662,nytdi
3403484167,aecin
4986762343,kwxjd
5112607741,wtrzx
3346844997,rapwd
9973440100,zyigb
5297194012,xtqiv
5949238074,fljyn
4982670144,todrb
9598832471,jmmwu
7526556035,tzwoc
6336352142,nkezn
7814622188,klddy
4244037028,woczx
8863665710,junmg
3509042239,lblin
9424255194,kxjmw
2684397805,bzlli
4486866435,zxuez
2881759838,aaucv
5098052216,cyqzz
2515442827,zjijp
8704471873,ruflu
1700152105,aahek
6267743224,ebsso
6442892721,iyqvo
6482802200,ifqeg
3554840792,jdhit
7094197367,cjptj
3850790545,kgvqk
6457395848,aayzq
2865571917,rflip
4978647779,azryb
2397857917,jjwbv
8999355634,agnwi
3912572880,vgtuu
2649902158,vetez
9018443351,xpmej
7953705651,asgmk
3578077406,buyvt
1062826503,qspnr
5604782851,zhnqm
9181532170,aomte
8272771243,ajuwb
5139204299,lsqro
1438258134,csbow
7022285494,muxel
8816749858,ipacu
2474259142,vqfdk
5574310656,lxatw
7502358282,azkkq
6264807784,lteaw
1774308268,ushbi
4231394025,bcpfo
2589020340,ckieu
4175611786,kvctj
9832010320,csslt
8801719953,lzfin
2049843862,fpbzd
8887059153,mrvjf
5966089662,lwpsk
6701257007,nggjq
7466896021,nvaus
5071225874,jdgvb
1507177678,axoht
1926000399,etzjl
7236552327,cjqof
5104820358,trcvw
2788136373,znjgy
9115845832,fmkxw
4759004411,vexjx
2271872206,jkxyy
8192099788,gymqj
1612591165,ucvil
8456569227,uqyiq
6036761096,kuhal
9463929893,zzodv
6462251722,yifao
9290985536,uytqu
1730516705,xcnrk
9613426332,fdaxp
9851151657,gahpg
8544750887,ackyx
8490475656,jpckc
8550708032,zpwqq
5878281762,cjccb
1369631023,xhbog
5952292397,zlnse
7257931960,qvhjk
3005407344,qvytg
2137211591,owlpz
4583603061,sxsxz
9553223061,ojwfy
3129678258,neugq
5031790478,hfmju
8917823583,vauqg
5232255715,aflfc
9848498713,gtius
3926757641,phkoa
4408832425,tscpp
4192845550,ppokc
7533522329,cnezp
9851606381,vzsnv
5923072438,wfxam
7261178890,wqtqw
3861156474,zdrgw
5938473621,hwcrl
1796158730,ksjth
6201936604,bpnjf
2489945552,oobho
4856589684,xhehu
4324458628,lhpph
2594635991,jolfa
4630491780,yvnie
4809256176,osrnj
5182680116,nvour
9891025423,dfshw
7237499426,ktkwk
4102467311,olfdz
9231472461,djbmc
9384112371,dzevy
7671748072,meyem
2349828825,hkszd
7961584324,rpqhh
4827826059,kyoxt
4216681780,fqwdf
8696264577,shqof
9881261311,gwcst
1676687323,dokxd
7945546359,rpilf
7947210775,djhvq
3721492931,pisif
1856779884,aaiyi
3327529728,xvjkq
6051740565,mntzz
3524367724,hzzpk
9771590113,nhztd
5549445332,yqnwn
8407262153,agyom
8685613020,umifb
9703117623,gqmzp
5656128804,zjvis
6389740177,drcso
4017934101,eqyou
4968887455,xfvkt
1743059876,gtgec
5142011535,lwjbi
9313891352,yzxgb
3468748512,qlple
5397605151,ncbbg
5421915079,umtth
9528180246,vddqf
2297247834,hbstu
1261626719,lteeh
6722734313,uluko
7704319579,tfpdo
1878108839,gcxjj
8509537946,guwlp
8307619156,flbwx
3116273148,ljpou
8493125168,lcxwt
6043447204,rynms
4982017920,atxnp
2370645569,rolqc
9204199159,mghdv
8777157614,krxtp
2933249012,xmojr
3633172787,dteik
4657857800,btzwl
5116434577,efbmn
4448852634,cnygl
6665046248,ykzzo
5130959166,dvyja
9229630237,npzmr
4050779923,kjtav
5031976898,mjvjj
6081365393,sedla
4131374731,fpdct
4748931005,mhnzw
8441753073,qttix
9962024896,vmcnp
1190334817,mwyhu
2508076061,zeivp
4260788560,whcvv
9486730756,anozx
9707241540,machh
9659575859,oirve
7550258951,blzzm
8778483870,wakak
7929599852,hguhg
9624475107,kpmfc
1159739070,pflhh
7423872068,vsjvn
4607857429,msykm
4582473731,cuakp
4990730686,aasig
9094167825,nstvu
8852320256,qebmr
4651770203,jktyu
8239848769,zrcfm
6166034499,aizop
8414502421,jsonz
3125379030,mawuh
9987276482,usnrp
1465183402,oyrob
1730485919,aamjb
8931723651,iatee
5186752171,jvxwx
2046246496,nfscs
3608097194,pbfbu
2546038737,fkjsu
5492014252,rysnl
3059028293,bqkeq
6504624330,uqkmg
7814043900,nlalb
9489217629,prcvd
4346967023,zkrib
9154391209,ssbym
4504297992,qajlb
2535557618,wfujg
6973334881,zsxlh
6810267297,rqwio
5755353770,jbijx
7238441312,vpvdx
8794498531,yuiai
1874434886,umtbc
2883352166,ujpes
4680255096,ohmgk
9065588289,mibne
6037969583,eulri
6793287976,ewfdv
3537939076,sgaky
9048458281,bplqr
8200666186,jyikn
3351987034,qpcmi
7711987987,zonos
4161641385,bjigp
3582473983,mwqul
6904228178,mfrrj
9190941783,mohvz
9462725594,bfyuu
5511291565,qurcx
7313991099,hiczs
8269515869,isrje
3919123124,wzswl
7175511400,buqpy
4328560800,fjcqt
3581722408,zxbth
5316953396,ovsex
9679429242,njeqj
5060085722,ydndw
7065585341,eugiu
5652015724,sdsel
2625525942,vzicr
3587260482,ywcdp
5747958184,xqstz
8810322384,khcwt
9138862638,bxnze
7415276130,cxkyb
9335087704,xywst
4221674258,tockr
9588407913,wlimo
6779291172,kbfdh
4470676434,vlvjj
1381920928,zhvdw
2264326459,sicok
2831474210,wuguy
8443439184,foepc
4882376773,tvcrq
3765698589,ylbsg
3542214417,jycyv
7530901616,gjaxt
8691582756,muttl
9544587693,hhnil
7738424117,mpxlv
6814477820,ypfwr
9581149464,acrhi
6329311926,njdjg
3050710373,igtym
8249668253,gfbqv
5606539235,ctnuv
3918281654,kaufu
4126330973,njqqy
8971468195,ytjzi
3387782380,bsuim
4932162476,mbxlz
9023932332,jkmgm
1986718162,ewezc
2383963729,uzadl
3721199768,gkcbv
9065176898,mdfpk
6036621216,afrbs
2360581386,fuzdy
8130892758,ehisn
2101145080,qzuan
9465152242,zmeqv
7793576106,jbyco
6727786428,dkyqu
4918507099,ujlsu
5068717363,nccso
6652533282,dfxob
4450611748,tpxok
3197683824,tqfyi
7304069659,erkdp
2618970096,pweci
6670732485,zbgyr
9237822271,caqzi
8821349447,badha
4552248392,gbosa
5327490912,qwotz
7259040917,gqkfb
2799613408,vszor
5201724511,xkzzp
8224468030,vlgva
6341063924,nuwfa
2062098738,tvbfq
2259316404,twcwe
1781825176,ckqfg
8158136701,iuapl
7407885347,fguvj
1164260183,zhspz
9929150718,qofix
2280897771,biwxq
2937290759,lfbmj
6906620523,vqkfb
4954363478,gbezr
6709249318,vxkuk
3035823709,lnmwy
3865557086,kdvmf
7570016401,encja
1497951888,jbmkx
7087617178,tmyww
7314827728,jakxv
4958444678,zowyp
4612510651,xayzw
7926594197,dnozn
8529146747,uyibw
9721204013,cizgq
3645613169,fuqzu
3438922096,zvpqy
6801988150,fbzdg
6316534277,trwlj
6475319139,eypoz
2994455573,cgsmf
7852616434,jtuwn
1525345901,rirwk
6082890468,ofsvo
6028241588,ijzpd
8214053363,tgfbn
7199645190,jgdzh
7658678323,nvmnq
3389529036,paogy
3177555621,qwuyj
5382308325,nwnsb
1630574767,oxkui
5329007278,pjzdx
4254889032,ppacy
3591723860,emgzr
5124317821,criaq
9133053024,txwki
8123030091,xendh
1242333262,rtjac
2716330105,jljvs
3184525645,yttyi
5913883935,hsgya
1642391943,yaspl
4763575684,wbiba
5832269830,ntnnf
4642028476,fmoai
6636131028,qmqsv
6153307806,dorsu
4343237115,clunc
3458368234,fsbpc
2177490145,cerlb
3649144161,iiczl
6004049777,qfqpv
3491632556,dnynd
4470429486,bvqna
2731471518,wludl
8613690272,vaqwg
1015501927,ssfoc
7801961676,opirl
1515871527,pzeum
9413873836,nnisd
7129236473,elotd
6778125838,rbjfc
3570699980,shncd
6996256674,zcqmq
1074913293,gbdqa
8576146096,inhqt
2230849555,ldmfl
2297639900,itabm
3913697162,ebpum
8052172360,rskqu
3963589042,nbzpp
3883815116,whgab
8134154428,fnhxj
1505306654,uvyrg
1707430944,xlzaj
6219358583,qiopg
2111024444,jcyke
5259691656,rlczw
4012553942,ccqlk
8945222480,rfpvs
6715788768,vfveh
2010676569,mrhdq
3947389676,mzndc
4740063981,jstdg
7322086000,prodn
9582099919,nlbma
2712259876,giqjk
1204683805,ccrzr
7590737590,qlbny
3016263761,tblsb
7792300845,rctlq
6562379119,vjezm
3173443227,fwssk
3064375767,fkion
4948964062,ychwm
5183395146,ibilk
8303362270,sumxo
3820232048,gnaaw
2733277239,hgjoa
4007970102,extik
7645668220,jvtmi
3010308167,evuld
6936811125,gcsqi
9389633804,wvlbq
1618871491,fyfuz
5033264053,beugu
2949413592,ejvpc
1807729113,vfhth
6772854813,ndkte
3935641377,nikby
8032162318,tszno
7114885526,gauya
5462049727,qqepw
4641414016,xiegr
3225535216,bvhpq
9459380753,mvzjz
4241606941,abkvw
1100754535,kjcag
7594410340,kmhrz
7270484616,tdgqn
6134780846,wdbdt
2414015564,efbdi
3531115095,vbllj
3356058373,esgrb
7222195086,qyeca
7830909310,ekqjy
5433484248,jwfoa
2828818635,toquq
9488460186,wnokl
9795036841,iwilj
8017283092,ywwho
3488003286,krnsf
6863687080,bftwb
2671894725,bcdbw
7261050403,uojoe
8019204963,zhqdl
4541698609,btilg
9040021274,vsvix
2599433301,slsou
7577641073,agyuf
6643721165,doyeg
7160089922,qealr
3919712286,nxjii
1987648185,fueyi
5894740467,zawiv
5805427393,dbxci
1683631561,ehglr
2123051501,mlyrn
4284904090,lcvlo
9072520483,wkxrs
6835212459,nagjx
7641411338,nlbuw
6821472462,ybedv
2699598735,yserd
9569638717,tucvr
3900439248,dlzbz
5045934880,eagmh
6853406193,jhbzf
6682294556,czxqm
2300764910,ivnke
9482003240,kpiae
3207188037,dznud
7276812761,jyrrk
1287638876,qgnjr
3589145357,owbbu
5305766380,trpyo
1546363490,dbshd
6032400546,yomuj
2527490875,nlbik
7172415050,yacmp
9998709715,kykgy
7769963135,qgyod
9427127255,gfuco
6881460029,yojeb
7163020691,hwlcc
3268151649,iydre
4766488618,qqfce
5851041582,rrtpc
5752647638,nwtyn
9837590893,etqgn
7377806586,yklss
5343363766,iyjbt
7671212144,xtifb
9867800404,qxmsb
9079963171,xafrs
4631890481,wdudj
3782457418,xyupf
3489686934,klgqa
3095052034,txcgy
1247005780,qdkwv
8758177417,ymzzp
7315326095,ydtfr
7273927950,fawwt
1681441874,lydvm
2474373557,krfkh
7022957201,bfspq
3621766644,gupgh
4502098448,xymto
8382781548,wrrfh
4666080466,rthhk
2880865057,knczb
8557687971,csszp
6731811136,laalr
6632641606,pdfhm
8379265227,ersgy
2974369313,pwcus
1543006717,zvggp
4808164707,fccan
1889298779,gmroa
7677865525,clerq
6274533106,yqbef
3942951755,vqujz
4834070247,brnim
3391973094,qexuj
7334691338,rsjbh
2181853454,qtxwg
3642321164,yxdzc
9134997940,ypfqh
6926014808,wcrko
3273531161,kqcaw
7885155164,mgjdd
4124321042,hofss
9587634936,msscx
7299049484,eqjev
3073631464,ljdtx
7674277993,jbhvy
7763359823,jugkf
7298198168,kfdpt
1735064016,aqjpx
1574514680,equja
6630486289,jhfjb
2686398136,lyxkc
7161100996,hprtr
9270704779,gaaal
8236061564,aopnt
9054792559,zkjzr
8136147873,edsgm
8293083671,uxsdk
9317755643,nlyyh
6089809314,lfdps
7080159534,thnca
5747900325,huobx
1846362619,ejrbg
5570566219,nifne
7731413656,nyswj
6753281467,ccoch
8995294553,haayn
5535590984,nurfa
4342452769,axftr
9997354890,jlwew
1965909200,wwked
2813711981,xrlam
4549309018,srcmz
2071857462,oxsqx
1460589843,ydjyr
6262836167,wznky
7299827842,axhgx
1007247518,epdvn
5558455072,gwgai
8068738253,jmqko
7752656477,kxouf
8070631295,kwkdd
3536015904,zztla
2336144159,rltzj
4176469040,lrkjc
2041962117,edslp
6152508647,pcbap
4456108773,qhofb
8755433439,ygjow
1052973467,lyniu
9456736086,jhktp
3085417312,mfzqw
6250480014,xthpo
3783879993,zkvcr
2358110088,vytnu
4502462549,ricyk
8234832636,dwrzf
2133665583,iafqo
9974170354,jjsey
2497110625,yozhu
7967980768,nilkl
2627677751,ohefk
8364482229,vozrq
7071288903,xkwus
2674658208,jcnzq
2460199466,ixise
6566765557,dbedg
3505856642,qbsei
9093692190,jchcs
6577078265,jfmcg
8253193989,qgfln
7084842781,oykqn
6161221366,mwhmh
5684461287,bjuip
8547420321,kmcad
6319517591,guzxi
7071291088,tvxtx
8773958429,nigdz
1722285429,irgxz
8703281290,nbnuu
8367440974,xhftj
9784439006,jbuse
3476165968,fefen
5363622785,zagkg
5324858178,lvtkw
1240628898,gfmgh
4117511413,jlgmp
6523602612,umhgs
5257030177,eardb
9802911715,cfzlc
1076128049,ltute
4283728480,qgsmh
9776754695,sjsoi
3308139898,yqngv
7496616074,dfgki
1361312482,culgk
1212070704,gkqno
1874309719,edpeu
6679415823,lyyro
2133559701,euzzs
4574254961,xgnym
4010250520,rfiei
2206320605,sghbh
3940702557,rzfzv
3000704042,ssizt
6846439263,fwspo
2098003247,oamwz
1027213185,orukq
1386802131,huejm
5500093958,jspuj
8856507155,wflty
9263630416,rqahd
7849068207,umpfv
7366089847,pcttu
2857777379,rqzty
1749029528,ocgts
9218409268,fqcab
1886632943,jlpai
8645419785,cbicz
2232051708,sbvxm
7354602820,ljewm
5057254046,ltufm
2413438896,pljpw
9383464807,zkgkz
5197511156,ykrvu
5737962587,hghts
4181678069,qqssc
5503210673,glavt
8339553907,wymzu
6389444623,uhhxt
7982003781,khhdb
7433432423,bnxap
2391233547,zwger
5405097699,banod
6633697789,sozlw
6932116224,axtha
5935258759,eixbk
7022523890,zuzlv
8314606810,fpmzf
7010813228,cyzvh
4591225539,stgdn
1918222014,lqjgm
2546663572,wyxju
6476592021,rxlbu
4271760169,mzknu
6966962176,ddocf
5512953675,xgzcq
1765030192,xquml
2137501349,cauja
1989338138,eabcf
4405454842,oqsev
8630668627,friym
2080774130,ywtnp
1307745303,ypnre
4457500283,lboka
9592945153,drymm
4262747541,whhux
2296206194,mctry
8879397612,buemx
2002606729,yjlbe
1450317875,xrjph
1401893803,qusxv
6281423493,dskmc
9640275017,sdibo
7852061981,rsfcv
7117058133,xoswc
7267788100,wscij
5899325412,vziun
2334307880,vtkcd
6863255225,kvmwx
2945629965,rvysw
3803255317,tdrdr
7769228096,ojjah
7452943968,jderc
8696979400,zaikk
8784792418,tycdo
9473698624,pplfv
2230573962,gymck
3932103439,ozqdi
5170983113,urhki
1539325022,oorxk
1104797809,orshd
4066110845,qvdem
2835912152,agmxh
7378372118,avrmx
3848796563,rfapp
6788251017,lfvce
5568193633,jkmmp
7878937103,yvapm
1696031685,dlilz
1498286974,gdzyr
1256477098,omezk
2205018367,kmsgz
9932901201,hwrcj
7480109218,djcyz
5462573678,pwldl
9131575394,acxiw
5772455163,ivkno
4775553980,totrf
5875917148,jnnlv
5718497061,bqsji
6541307122,qjgtu
3896362974,mabyl
2153765871,vzjws
8334186007,wfoir
4917817762,xlztq
4035863799,eytfx
7838949019,uqzhz
7734379676,ucwbp
5369488006,yuumn
1017829926,ulblu
4261693685,funwm
7761138728,nczlh
3247079335,bduno
1309186996,evkxg
5353304453,nyuok
7222120927,vpshc
6566968073,ckxpi
9910748293,wlwcn
7267094122,weqjd
8344275925,eecow
7751150971,fjswm
9632482467,arymk
6296201373,fnlio
3645693178,wmfyz
8607388584,ybjzg
1786012774,akscj
7255042151,uljhx
6493463069,xjvvw
9559914381,hsnfi
2901641306,wtcnk
1272812245,gcamp
4637096475,dewnx
4252648906,ozlym
6254415379,anlwt
6932340373,abjam
5666994806,ktcuk
1442657328,naqst
8859360578,mconq
5420752686,djqph
8203874796,fqdqp
9994035307,blmxr
9406498665,qsjew
3215520581,ratgn
6015859836,akncm
2595696569,onfsu
7106859824,lyokg
6228581461,kbykg
8115557288,edstu
5450925758,cuqul
9220128526,lhegu
4207558733,djgxd
1569632077,hcnmg
1446273305,gekvu
6665656898,gqvxb
7208925292,jtxhe
2542219639,kcnfj
6085136274,jmfox
7908597205,wvtyf
3200373401,vyrxo
4250080582,ksdwx
4313389673,asgbe
2328060135,glvgt
1546330023,jtsqh
8038784557,jtkwg
3857183570,alfek
2409048290,lylmk
5181252831,mctpk
1836492023,pulli
9015573049,jiesg
3511068502,uwynd
7471402922,fzyfl
4406694222,lodgg
1437759381,gtvok
3929981505,oiujk
8531285472,pbnsn
7123391182,eswen
6104355822,autcy
8615669419,sxapc
1447766180,picgv
8287515164,yskfk
6476818839,ikarp
8990552190,idsvj
2686976657,gmjsg
2567235128,sbqrv
4910053511,bfupz
8323690970,wcold
1787167219,pgpjy
9504911278,shlpq
2212770218,tmaou
9922177920,dsyna
3999390968,oozwj
2235796428,cbjbj
7903233370,vycjh
1930976597,arhqu
5772249670,qxluc
5819033362,kekbv
2574902618,vriac
5149648975,vrezr
4380945742,udkjj
2969601654,hywsb
3763565095,bpiga
7890582428,ggvmf
4046778889,zrusn
3186115171,afqya
2797749770,lwdli
2621332581,xqpmq
1951247839,dvmma
2117301082,ruugm
8990485588,zrytn
2514778135,szaun
3710668587,yyowx
2538808325,ljldf
9275860096,wakor
3304970871,cijmt
1477227558,qggse
5235656649,zmkmj
1265026635,vmdrc
1477117648,qokhd
5622901578,oupsv
5555489701,jpoye
5908757120,ohror
7508913059,mvdpi
5601074855,vjwwx
3180970122,ugftr
2678510761,tgifb
9316319585,fhczd
1511305613,fusoo
1743497825,fhcyv
1824306287,wbqoq
5583348562,zjgoy
8565066107,mvnke
9904749396,byycq
2300618040,vwove
5722982696,xcibq
4978096163,jcnrx
3056212078,xseoa
3215531917,jbwzf
3142639041,tjwap
9770815461,oeseo
8647679552,doaum
7433762057,yhuaf
4112803147,fajvb
9377324113,cgzql
9709156418,qqhye
3905094186,stkbw
2478793457,vfjdx
2863642181,ddspl
1213302068,oopsy
7836601902,qkcak
8716475533,mdrdk
6980722823,rfdui
7891027086,iyjez
9421701453,dnzvo
6720183586,serxj
8522439533,xukey
6805229085,uqrjg
9122119880,zqibv
1528099068,wggva
5411988526,azxrh
9788520483,irvrc
8755583962,winma
6484286308,byhxn
2118011280,zpubz
7063431224,hhrur
9687731425,yoebz
4006798883,catfz
4103607391,zhmyk
2564832584,mfzwb
5892523577,warpb
1912753757,hgjaj
2062417211,icgwt
4280979943,vabte
1341141139,wvnwx
9393484343,rtpld
5973870621,djqxo
7533058442,nftlc
6195534615,yaotr
7767473106,xytvl
1389105795,rdgnh
2617195835,xtlso
5485570280,iogaf
9799925405,xvuyf
3687870759,gixib
6530691448,cpjle
3352773021,ikade
9562513405,grlxm
5826254776,qsnkh
5091310234,fwabx
3069306194,sbdne
5663445638,lllag
3643861807,uavxk
5939063264,ykzzt
7315908191,uojjj
3511876909,vsjkg
7481507735,xtldn
4886094483,sszyz
1743607122,qejab
5696083706,wieca
8504476799,mjdse
8310260893,tdfsy
8825741443,odptc
9895337089,vqvmp
4959085064,nrtxq
5210354072,djwcz
2174466834,hemqj
8311550196,ydujg
7417199650,lmmpt
9973466961,wpfgx
4282428375,dsegg
5590210657,djrby
9681107256,zgbjx
5455076313,uzalf
9831426405,sdwqj
4541539103,zidql
9912288206,gukag
9336892827,vnnot
9177505769,merkh
7930255037,iuyba
8109183951,bhprz
5928018582,onxfp
1914852653,idifa
4724631288,rfdoy
8272854162,zbybe
7360364309,tttxq
2084966467,tsxmi
5528292768,gnmck
4720612687,pijyu
7025978201,cwfsx
8016789166,alwzt
5608469864,oqvkw
8894585844,dnpye
2042706918,bmqfd
5547086816,nqnas
2411734220,qamcc
2580597528,coter
2421150349,iodqi
8682315870,ixqig
7152104086,imhmh
8549660047,cyyca
6802917560,ilzin
4925795866,vzyen
7636744711,tewli
5512675543,lzhlr
5448412391,sylay
3845550838,qscvf
5722471967,actbf
1562727502,mswuc
6481432446,aieia
7509791229,ssyof
3006198787,cvkql
8252399753,gkhjo
4282576902,fwdhh
2871161674,ppopm
7566636851,avlgd
7932347876,lwfjj
2324794755,snfzx
6571144030,cwrcj
1801098794,kqcvx
3865589831,quacy
3496978501,axyiu
5804606054,jhwrq
2095467280,xchag
8483315526,fplku
7088051386,wbgap
2734988795,gnqry
6618900826,bzqce
5743914668,twjob
6932471202,zebtm
1693176744,hyuif
7571132487,jlwqy
2357043150,gtmxu
3664132729,baxeu
8221975206,tqjpn
3421976311,hfzjc
5530319812,jmtuu
6982108481,eemti
5399694491,tywwu
5827238899,qrhuy
3585302668,ryxhq
6172560127,qavhf
3831638685,atssb
6590639292,imeht
8261840035,sfynh
3202347653,cryge
9896696928,pqyuj
4085603166,mhmhw
4991725276,qctps
9986398637,hpsfv
5955641127,buvca
9536299484,ltcyy
3674788033,bcibg
9976691226,ftjuq
5233600518,jfekd
5859508309,rgzcp
7160262433,abmmn
8965840534,mkcvd
1521935167,rgfah
9023848183,ybotl
9967304128,bexbu
6022329172,jfuia
7123687632,cljct
8633247025,ieede
5396888683,pfxmo
2154796287,fvggd
5074453635,ocycn
2035156443,cgcra
4660338435,wrudk
2427237351,lyabn
3568723924,xhckf
6303687153,farlw
3808433375,xazpm
2288041735,ymtai
8179918077,dfawu
2945702104,nvklm
4901975158,lmwee
1387421434,esjzm
8642481419,zqgcw
3608879664,ljtrs
5490682113,abqxs
6892844812,kjcef
2002975593,bzmss
7406111425,nkvvq
7232918540,skwdv
5316652175,hgguh
5558318077,tznad
7940309549,giweo
9750197897,frxuo
4094050573,aabwx
3227838322,zllwz
7665665005,kqpqq
6039865714,btjcg
5925051880,vuxwm
9386987398,cfilu
9312657961,azeph
3591072878,gukak
1511368171,vyaur
8289711078,gmfgd
9126267645,xstva
2376232041,wnriv
1700206438,ytyyp
7505830804,nujqa
9422235589,vouhn
2090508423,fskcb
5810771767,fsokb
9397492401,hjvgq
5102793840,nrxsc
6247858944,qbzrw
3760354122,iybhk
4184680180,yojes
4987473907,jxjim
2403854998,uqtvb
5805747173,hosat
3834458186,nkbld
5305750803,rfycq
5696961083,smugs
6382949320,ecera
4784544123,umuzg
5318413869,wdwzt
3793619934,vpjuy
1765190694,xfvcv
3826410647,aebyq
1226139518,ujenj
4448041573,jnycw
4471884815,kierx
7490952555,tpbmk
8623791418,ofejn
2381186373,buubb
4045830090,htxij
4051996796,vogvg
9339970710,sujax
6724414005,llpth
5672710521,hhvyb
3542186460,tafys
3776846827,vajil
7839494964,kfydf
4424729398,yaswp
4086410810,ijkkn
1429361875,oyknp
7652441452,znngg
6065314165,lppso
2826327408,cvfhx
8241942925,dgjxp
8366475732,yckty
8669749700,klvwp
6375917724,yihmo
2152153813,mrzcd
8351739917,cnwop
7650060458,plgnd
5674702118,sdkwd
5925413202,ailej
7797175928,oogfj
4321885610,wilnu
2615737562,cpguy
2985036017,jpbdp
2828658152,eqluv
2830176096,zdjni
4754459292,pdxve
5853146372,fjsom
4578582022,garsk
8908288823,vamld
4016210570,tjqxd
3452405154,fsmtm
2450937827,ugvup
6068454778,icaxf
4894579697,osjtb
7669272621,mpzfs
5988900696,hbafd
1802915168,rycjf
2665703218,ntzqf
2313930021,uvmkj
5660928827,rtrfp
6232114642,ayhra
4629043536,fslqn
7432826657,jjimt
2814387739,lxdza
1921122161,wgvir
9409940020,evbzd
7760499504,mtodj
2207566816,oegsd
1613619239,imkke
8743130916,logjt
2499396279,ipawj
1907072882,wjuml
5335763315,ksmva
2221598862,qtsif
2701253197,qwohi
2964897345,dkjnh
9622540595,eyezr
2594683804,vxdve
4073409324,ttvxl
9661863077,bfftn
8617294702,akhmz
4730895372,sgowf
4952253466,ksmrb
9077702783,sbctu
4389661256,sgirr
3798121283,mgiig
1917138788,zruph
4269682538,tnfrv
3514615785,olydh
3423466212,juzaj
2110558360,jzvcd
7821960977,eammq
7527475059,sqazu
9077505045,tducd
1941592770,ovchg
4277320602,bopbw
2399999711,ounjy
1569409779,oajea
9667477052,itxaz
3251957750,mljwz
8869508920,xhddf
7294024608,ktrth
4538200701,dukfr
1580244169,natbt
9337763191,bhvtf
5937834918,lmfcs
9362235096,nwhyy
2575470823,tyjvv
1375705725,qhlhl
3260594015,ppdqd
8936351627,tseky
6748499327,mljof
3177506886,jocau
6938822005,davun
7416646433,flpdz
9104957896,ppwbs
9854441942,qkjew
1413985093,mxkns
8691344470,kxbnq
8410750620,eczzy
3128808356,wwoyt
3439518791,npsgl
2821968671,dhxpv
5673227340,vqyyl
6271265611,dgvdp
2770961404,qcgus
1915614924,gcbhf
3787965056,fbmlp
5360712196,gwhct
1472434475,nebal
6059301166,iwdgf
4919523730,mthjk
2254884369,ztbxc
4717357192,mfezf
4543007386,sotxn
6741695208,annve
7151875344,umlvy
6604229425,hyszf
2298838968,bxcxo
8731377313,sltim
3681662141,iqnjm
2288031418,slfey
6674790632,kvjrv
6411076810,pwwwp
6960938206,emqrj
7592587017,wtcju
3986524461,efcnk
6536470098,mrdku
9755246363,otiiw
7180371001,ljmth
3252335659,mfrvw
7630843414,xcfoh
4173856960,dnveo
2236380496,nhfjz
8168873556,kskse
7609471235,jqfdd
8414743906,ddeut
9149642093,ufsov
3854781866,vbvse
2506125691,hpcfd
8172146278,ogout
5215303746,rlzbp
1983809585,hymqs
9777494999,qfhcg
3177987124,trtos
2609575946,dochl
1111068126,soqdb
7802367137,hvrev
9193834361,lwrtt
2258711181,fdqkf
3097052332,mrask
9300968726,iriyw
9511152938,swmhm
5826211074,lrggy
7175299740,gofci
6566652763,kqipf
9205181961,fqhsz
4095319366,xtriv
9886209254,zmnnk
8548764064,sibxb
2375662177,kwhlv
2234476051,uxxqk
9197743475,yxbwx
9444301933,hxmbx
5373176834,fgyvy
8643972562,udatl
7560707806,ulzyy
2874891559,hqdsm
9190381748,kkmia
4750045048,cmfxw
8841310192,asiwz
5448699979,udtkw
2505915464,bnvej
3313146873,oyswr
7235879274,tzuuh
9833593498,tphqw
6104825078,aesmr
8985704740,asflf
8126724018,htken
1552448954,nghpl
6935096893,bzvnj
2217863882,pwjnt
5093943093,ywvue
4553467114,wzrxv
8175482312,pfwpq
9389649695,hnzyb
5628864262,mcpbp
1571388117,dsrjk
8051186036,ksiiq
1615554414,ftmrx
4999303157,dnfqh
3241304412,qkill
7783634742,ywwxp
2347972196,crvad
4164659223,vzqft
2384024889,uurbo
7929443518,kqnyt
8557467227,ascys
3634491415,fdeja
8602290146,iikxg
3740554976,xydvs
6675845044,klbdh
4241048783,icknp
6181657703,gwcva
3520666112,krjmg
1062199322,vmqnq
8993449595,djeus
7958288048,xvqyo
3330045154,fwcxa
1277707154,xhoua
4895861371,adurz
6216102957,ezttj
7497479921,xxvua
2125438815,wwggz
5844873112,qjkii
5793268198,wrklf
1785481570,ukdcu
6912804665,cykic
9386828106,vtgzt
3359561581,azifr
3983838331,rjpwv
5037807077,myldw
2198883413,ycpsi
6897225132,hxsqv
1377456513,jbgxp
4642867728,tgtww
4474444889,jvglc
2700300676,udghp
3570159567,uxgck
5509095326,tclqz
2635172909,evbtb
5712756551,drrcs
8346901922,krklu
4123312851,tjrap
5619699964,dqfne
3049809173,ybljm
4268305763,bxtor
6097737261,rmahy
2405717971,wlktm
4247294663,xutah
7604485714,ivtiv
8403655890,gxkxe
4973870870,jxfyx
4743963084,loamy
7598400807,lzfiy
8219595024,wvkfb
5410094131,lathb
9152501267,xbwvi
9187167674,ltdkc
6402862436,pzxjy
9269014353,lrmvc
6515246342,mgmnq
3965076838,asdjh
1999121913,mhwpi
1190156767,vwajv
4619083231,fivni
3809688475,xrahv
2208661605,btbiq
1922345624,kopdv
3585526818,cqxus
8959605047,rddyf
3182652458,djuog
4654077963,duxyj
6368814751,phizf
4425780186,zbsct
5395308399,zinkh
7649635588,sfjvt
8111113664,ygzcv
3542345890,byzwr
3087016401,gdhlp
1954638670,ygpdx
4446690541,vcqoz
2806263816,wcpkz
5869065425,zhcmx
8131003470,iaxdh
8902844012,ojrjk
1639018125,noljt
5818583358,nfise
6834239011,jrxef
4979783199,hrodc
8368059522,edyob
3870553305,dyjnq
7890711497,cjjwh
8932720818,lnkiu
5887804875,odjqc
8318587346,kngyd
9963236165,odcth
5881495683,mpkaz
7351604205,vzjlc
1867333013,xlfgb
3007332869,qtwdp
2240440241,dnwtg
4153647371,nmmil
8572362603,autdh
4234647841,bjatt
3970396479,jseod
4213483029,sngtc
6969032957,xmjww
5993929761,kccvj
9066678068,aipfy
2541372930,jhkof
2397553265,hpqco
3924028510,nvgmy
7614188843,zkusi
7918884572,rhisz
9573323573,lkwnu
3264435090,sytez
2152976497,jrqtf
1274446986,livpn
1403282981,dgkxr
9615865212,pasan
6370101437,tanyl
2526600503,jmiyb
7002678105,uffvu
5945998414,ihido
1234459329,iuahp
3594204411,ysdav
7242277108,hfteq
6458180196,iswxn
6824334570,fmnph
1302205318,fmkio
6229679715,ikyzo
6737522528,bifzv
1082816895,misvj
9818938250,dywky
7210135187,mxgzy
2946076151,bcthw
3162570078,uwsrj
6946046726,pdxoy
5649601450,wrdle
1993543682,mhwxj
5504754800,navfs
3603542270,wctow
4362917059,axyql
7962039957,lywgf
7840417546,liaka
4503379076,wefmw
5810931757,npzkh
6604873862,vkoqo
6584514499,xhvlf
2778635163,bdxfr
4071900854,yljwi
6964092005,ajayx
5509892602,ijukv
2332762301,grmyp
4863671077,msiyw
6065633289,dfxsy
2305050444,wqsdr
4136853540,dscbf
5188351786,xbnca
3454310949,zbzjx
2871414896,rrpis
8011981113,uljfq
8522386610,bfxay
1123831521,meosj
7562389142,vpeju
8108865277,jnzgt
4636994908,aybdb
7540001209,vrcsy
2254786044,qaaut
3043590612,gnmda
7404730378,xdjpw
2677590683,txlyg
2223195267,wavoi
9001053686,qbqfm
3922029034,wlxze
6002925270,oexgf
7162068248,mvmwb
1670444824,xdpqu
8572967106,ouvrs
4900528182,iejya
2203663412,uddqy
6801153114,iloms
9459726252,picvw
2722071549,irtap
5521535810,dpfaq
2549940680,ojkmy
9772488236,xheot
3361267261,vlqyi
7795243704,dtraq
9849930533,ztvzn
5905326534,jnzfp
6964679852,ujyqm
3523971343,giexb
6182384796,hezmi
1737008234,fxjkl
5028713912,leglr
7393327102,thjkf
6305828511,dboao
9608412097,fprcc
6661039968,pvvow
5663503449,ulwei
6861841347,iwvxr
2207906693,jqyct
9954197113,mqwfz
5593160424,snsls
3348242806,ymgrk
7175219136,dvhgb
1694040915,rhefq
4477779906,nudnr
4759487660,ebhkc
2613017879,jkpwf
4841259912,vjlyg
5797195316,jxxds
4580187953,tyaxw
2230022588,uqnkd
9949620702,voyzf
3794019656,aqsri
7179935258,mxlpu
4487289419,gdbcf
1603718200,hpfzh
4378861126,rkmqf
9795520504,fynwc
7896882956,dsoxi
6186565468,yssez
6950602269,gtjui
5223816990,qdoni
4657211675,erfxb
8444373664,gmmhx
7412140375,eavou
7062695850,bikfz
5930258468,axdji
2041606462,guiuk
6891124566,yzhlq
5448870121,cmiww
2687892460,yquyh
4176685328,bewlm
5656122956,ipuyz
6786140014,uiuqu
4267804649,edopp
5931037990,tccup
1368381288,ygiht
6708909508,tkpvf
2979833935,zzkvq
5609924329,ruffm
7218775288,ajcns
7840036306,xcxor
3457820520,zfmiz
1519980454,vauuf
4329411214,midkv
1932517781,halhj
4465297597,jtufs
1339100568,bwkmy
6526288014,mavde
8404119508,tqkdv
9829793467,fdbxs
6369955025,rcckz
8348825632,ismhe
5626678636,vhryd
5485860129,nfgfc
4399908567,hylll
3701710359,lrvpw
1883091826,iixxl
3439614453,prnzn
4549335714,uprmh
1977719608,mkxyo
1212819903,vixpz
2996532683,xrbfo
9068103013,nywvo
8576806959,qotfu
1566504298,fuhou
1351529542,akyav
5412336400,cbnaf
1733892579,ihhpz
1750026289,lxoxb
2460342761,obriq
5946952027,zcbcj
8822997707,yizyb
8590668927,hvngh
1643475298,tkpfk
4252353634,czgel
8890698163,tdsxk
5316028798,wgekd
5622332811,oxkvm
8883155344,kmeta
2186658387,khofj
7456118671,fwlnz
3475070935,cgowc
5916934810,pbovs
8758892741,whmxg
3505962737,ppynp
6467982366,ivxcb
9373879872,fxqlt
8574190703,vcuyt
7737165580,yilhl
2813748623,spzte
2559440764,mhvko
8860288005,kyaqq
9920847406,zeojv
6224841305,yfmej
6824644771,nkpgs
7719639807,gutjg
4427871613,fetuk
2319903726,adbnu
5590968455,qrzjp
3381488283,qpuve
2015928025,kzljt
9656710706,oszna
7642291528,daqec
4229230790,uposs
1265340323,bgipg
6392804074,mahzr
1587319406,hzpdi
7642342712,dihzk
3224610313,jgcgm
7545968771,tjfey
5527164527,ybatd
8810682215,uhaxe
4967110990,ujxip
7215089305,ctkal
7338075768,spdmq
6103898270,ctbyu
5728400139,ynfbs
8889284120,yjtei
3853815760,krxhy
2400232747,dzsik
8051330330,ckrci
1728684236,nkedd
5677460793,lbedg
2694199522,zzkfn
4026705502,fegev
2522578699,rdslg
8792988129,ohkxz
8200711242,kbjuu
6097256792,ysrjs
2283244070,wllvo
9734269361,apvix
4770445557,jdche
9282033601,jqizr
2596600497,qvkua
1300505783,esxlw
4143139083,odztd
1387515520,klaui
1761858268,udpna
4248478494,jnnfn
4936098769,brlmi
4491552756,ghven
7957203052,yncrj
8520806708,brqwe
9059187738,ytdqa
5722798880,kbral
9321201010,xhsjg
7367993324,qesym
4380394998,nphmy
6312100701,jdaep
8826893258,wwqnd
5491363622,wgmgw
1942755417,pjrey
9749484560,louoq
6626403602,byiqk
3646502768,migya
6641527377,kfdff
7552223880,isliw
8222779436,ndmaz
1421091151,dagbl
2400014984,afiru
3655860439,pknjo
4457279098,asbzc
8890406048,xeayy
2552653304,lcjko
5225641383,opyws
2122605963,ruazj
6436546611,xslzk
3330718622,tejrs
5998575497,imtzq
3135428636,krtdl
4794468330,rmaan
9587342795,vpbrq
1823105685,kqlbg
8858426324,xgzch
1214466822,zxzzl
7043738209,yebcb
2821176249,jysuy
1697384463,qetai
3493910774,xyyis
9620941922,phpcu
2975747436,cnlor
4231331973,zvhyl
9799065009,anldt
5001169954,rxxri
5844723450,pefll
3067161000,utmsu
8351884480,xviah
1831262668,otqva
3990633693,jmwwh
1566678436,pofox
7280376654,yvchs
3728818361,dtycl
5639212069,gojvm
5783136867,jsvld
3114531753,ryplm
3096977488,nteoq
8172504542,phzsv
9484059665,laoip
8798662336,agvvu
7503865876,myfff
9711601119,fkbgn
7243757192,oyqod
4256747252,wykis
8222445191,gnxxt
8159061762,pgnkp
4428773573,opmhf
7926419560,apggt
4872036930,oewcb
3987457008,gnhat
4045638710,trqgw
7155391963,ilgyz
1608089045,zkxbg
8415641137,nuooy
1518958026,zqkam
2886159776,lknyt
6029285069,wskrr
7728155220,ajfdx
5105163804,liwjh
9669543421,eitme
7630923190,kxrmq
6553862270,faife
8237227848,wgbxh
4968236289,drhjj
7709252451,akemw
2811228778,xhocf
6165053905,barlc
1836998887,xirqu
6715760645,axpig
1935623736,jzdiu
9900658789,hehhy
3149963910,dlvyi
5371379607,afyln
6649406710,elwld
5279271148,oojrm
4007209591,mnvhn
3517506511,knerp
8023499650,sjqcd
7643444535,cztka
3072639546,cyacq
2051723994,yyegw
1726073570,yjtaq
1502316189,zuemd
6021671992,wzjqw
2762487131,qdrap
7170993901,cbuxn
6156028475,cnwei
1693436822,mtire
2066401147,qksbo
9565642943,gaill
3286463098,zgnfm
1873566160,uwzmi
6356526685,avxft
7091768948,auqir
5973560631,fxpam
1807685962,uqtqs
5015499642,qllaq
8111655184,gized
6621086909,oepus
8289581464,bbykx
4242737736,zkoca
8070353278,yzfnf
7664619570,ftzpu
8241482777,vfibf
6329683347,phlhu
3309780691,ydrsa
9468503226,xiyvz
8436172240,gcvir
9974791384,sdgdm
2917222468,glyxw
3027612270,jzluc
5545253396,tximr
7762048853,qtlcl
1961500033,ecced
6628531646,phhho
4791724968,mlklf
6560076564,wucye
9297983872,roaci
7896498557,xnfhn
9966315017,mojzz
7459593508,eedlu
7841902975,xpmxu
9036469699,kcieh
6001016762,ciikt
5021878519,tymju
4778091814,ijtwo
9709561701,gcxbq
9431935221,orkvz
8756495395,yrmdt
6425182202,ojzuz
4941115086,sbrhh
7560625709,perie
7047005790,lpphn
9795152705,upofj
3055300375,svosu
4214136832,nspuu
3658575160,mkwqn
9104140454,dxvpz
8529698772,tsnus
7085567470,rprlx
3609797357,zfpmc
1702429543,crput
3895978348,yznoy
2936283347,kpnhg
3932969511,hlnzl
7961030120,uqfyc
5080192487,hdrng
1251907807,dagxx
6746851292,hwsyn
4835784646,agxoz
2151913775,ittiv
8108267206,snhfi
4698867690,lkjlv
8933254544,iqial
8063857947,vhlqk
2159943229,emawd
9224032565,ujaxa
4379001984,hamsa
7549012713,agrpr
7600120216,lfuzm
4107696280,evjpl
9807974596,sljhr
5393527099,yzwbz
8927693919,wqhiw
1332594049,soswv
3609148849,crder
9860407264,hhaau
4908399993,balbq
8963822829,tgdbj
6348353923,okjmh
1430121165,ixtfl
7500896913,wxvcf
1261661004,sqgza
5427375013,lpfxl
5494060357,ksxfd
8199808955,umzwo
4625669385,ososv
3272489035,pbvxv
7095745048,kghyn
4015042279,llrdx
4687838235,anozx
6532445618,jhkor
3251162702,gjopy
3134693159,ifcam
9300882738,ciptf
3881534988,kwlqt
3255830234,jmnqi
8510339888,ljlca
8422155042,jczfv
2039093501,uapli
8632864630,vueta
8953328559,nxcmw
3856581233,ftzbw
2846350471,zioux
2120110662,zzhbp
2185565196,wltcg
1668913713,websu
2685785543,ghvgi
7643896666,ifeok
1150824968,fjhpu
5555205610,gsqtu
1706296444,bnejv
9454903063,rmkvs
1185456134,whnfj
1472032961,gtpen
6431606191,wfpzr
4518201142,mbfsm
7654850439,ibobl
5712557394,lmpes
7475193207,bodtv
2097702984,qbyzv
8687793158,auqzn
2096892028,rojgb
5213610729,qbzpr
8382876190,bflmy
5388331700,dvqoe
8373760270,qqkqh
5139583136,hhilo
3193528346,ecapz
5323513220,czgub
3732644800,fxwiz
7874770588,qoxfb
6614261159,jcydt
2167693333,zufrm
8545840296,naacn
4096972340,udojv
2843432907,vhbwj
2468337612,bazjs
7397559151,ohjjz
8843797016,hlkbh
1025784599,dachz
2427722930,giogj
2801520009,hwfmh
7160484178,ntxco
9775951348,hqbna
9778428452,hjdat
5313205614,amopt
8552689501,uljtc
2221725506,paxcw
4245182582,callr
2657306221,qjtjy
9308187691,ryiku
8763238182,orqfx
3284727146,qscxd
9157009870,ugzpj
9373023729,guhpg
4954852204,kscln
6511247629,ejsei
7729381979,hrcbl
6876954034,hobyj
9995622381,kocvb
8417365659,eniuc
6420154461,tebnb
9062093572,yjdhz
5129367062,imbjk
4203652646,itxdc
6518995877,tmrje
4271182211,yvywe
6213188012,hqdhl
5148339801,uqega
9014275566,lomhx
6215403250,kkoxx
4967609388,vcjsb
9410489064,pgghd
4153738685,nqvhj
8428007087,hehzs
1084458741,ivqbl
5859813947,eihei
1174986551,tctzp
2366546666,xtkzx
6882900858,zkycc
9680652141,oisbo
9767775121,ydcxb
4237254376,pmnmg
8617915736,skrzn
6740098019,mecid
2156826896,qjmmk
5338671008,yymlp
9240282480,ucwya
2815384677,eluyb
8886764086,wdmul
9705515329,usvce
4853159083,vhfbf
6671087655,jgbsp
1970368331,qtchu
1654645217,utiex
5240821343,hwbxo
8653196156,lvdih
7125833559,piwqe
8436241243,ucysu
3641871643,mszoi
9882701744,zvwsh
5304859564,nhmqb
5104352475,ehdox
2559639680,nsvgn
9726450035,kvemq
8371518036,goiyd
7042126647,zvesz
7410310692,asgvm
3585333877,gysfr
6407136874,mnbsy
5154108660,azuck
7439562955,cyojb
1560200173,atime
6815633421,rqgtn
8484743933,uepiv
2548750732,lsjov
1151123780,vkrdy
6690655447,kfnyv
5711137529,cvnjl
2378069288,ljabg
9374176459,sboiz
2742139653,eqwpx
6548989618,ybmgb
7695912807,oivsq
9617907724,gktdu
8593031038,afzdj
2565583454,gqvvb
4799508868,zhqac
3824125317,sxiib
2429519850,qlhfg
3828477843,hewhz
5910559478,rfvfg
4054601004,ycumb
6287444403,vqppk
1635546017,oavvq
2520274929,zlzyl
2101546667,lwzhg
8205041657,uimgj
1126413212,jnclv
4890833449,damqx
3692973539,haecd
3852032606,drpzn
2732212040,orawz
3017210485,beniq
6342976116,kuokd
4757923023,ehlpq
5102141416,greof
8819981331,llbas
6009347387,sooai
6084031116,jwsub
4909656573,illjr
1954632260,vzzrx
7484243463,kfoso
9267909912,qhqxr
8200313324,syptd
6268438444,ztsmb
3391627693,tibuf
4142962633,isdwe
9018220467,eccky
1752560709,wrlbm
2121639486,xumwi
4280969901,veptx
6574948531,adimu
4548364325,gblod
7426127943,gshce
7550177827,szbav
8657146549,hqtln
6136370596,qmzfo
2556427282,lskkf
4256946693,ubany
8020320886,mzkso
7707399543,zmqpv
3546928500,xzfnz
8946441431,egzvp
2709551159,zywgb
5773072908,blmua
7270953970,andvb
4536041988,alqlp
3016667853,enhcu
6021014634,zkmuh
3077582850,nhbqk
6565181501,vtops
1015680740,oxlxi
6268202433,ngfts
3181744057,bcelw
3271732950,godwk
4255742410,iwtqe
2008286139,qsipn
7938923143,ivvko
6944105348,ywsen
2344374981,hwsly
1483417037,gbhuc
4840719781,zrruh
9436803123,cnfbw
5455446333,elxsd
8192908866,pnyay
1615063219,vmjzg
4283508750,nhpwa
7956688150,vtiwp
2804230383,pgeda
4071180308,gttqf
3800687742,yhola
3903161562,yocms
7525242679,bjztm
6018108628,gsfun
1359254843,vejgb
4324084743,yrexb
5948310705,erofw
3875749191,jvkre
2142575442,cverj
9650762723,azpcv
3605759964,ojuhv
8047734408,oyqnj
3506475810,nguxj
1211658043,aeejz
8451631431,ijczw
6320769987,diecv
6027253291,xiuxe
1049413578,pgfjs
8251128004,xsonr
3712812739,mbred
2349830122,bdlgn
8220773414,eeoco
9896693777,fihkl
6721886688,qoehb
3717291885,wunve
9947084819,gwqpq
7423311634,pcfho
6805993719,itmuf
9431966915,iqjfa
3985855571,sjogu
7557380179,desoj
6489618216,mncwd
4854266868,zqzhd
1825187984,ginzp
7170607913,nwucw
7165617836,sbgos
7302117075,zoxes
1376172925,hljks
2634949933,gflxp
3922483077,bgzaz
7527437732,xzlln
8867304649,qghoq
5387818664,jyvxa
6607563480,jxdav
4228982036,ynjtn
5291370604,zcjas
4425617550,tcsdu
8852267801,qmjuj
7588607526,rjgzi
8545197079,mpllx
8877551651,opwwe
9007659649,edcei
4929424000,emjuy
8951855121,yosce
3973410783,zssbc
3955083645,npqui
8923356334,cizvd
4580826905,fdlzi
5365021573,owxbj
8287938568,ymjar
3989754202,lvoto
8900486821,xihwu
4247639237,azvjw
1193765998,wzpah
4805469134,mvzbt
3384392134,iicrd
6830050266,cksyt
1378006458,xuzda
3656117102,ozaqb
6102202905,oghmp
3905057301,lnlpp
3674018216,sjsrj
7925136808,zbmsq
5469775961,jzrgs
1220490997,mjswk
9975038013,iseuk
6906956102,ghgio
4034860941,azhof
8053698480,dzscy
3334945999,vaett
7549625579,lfyea
7172092245,amned
4867851973,murua
3567374146,rgskr
1073108388,shdmk
4595987093,axtgh
8316726885,lfjjv
3559996915,ynsli
2952975837,wjcii
8704440815,jwmia
4650185210,puhzt
9968835216,kfiej
7322918238,habuo
7494241278,tseqr
2689460782,dbohz
8537282599,amiij
2893692757,lzyyk
9947283349,zlzrs
6299752552,telma
2516047159,vsosz
2631051281,yrull
1557407717,ulvxi
2375752559,plrbq
4339720271,fukke
3390225941,zyjfm
9003047848,wjqwr
9192555683,yinxv
4051220240,eoixr
4381477444,hcdry
6767135260,avxei
3488126857,kbzxh
3828725594,pxblt
4136960322,bowff
8907632512,udmdn
9730693696,lqpoj
2447544102,rraze
5092478691,yvdcr
4988119901,nulct
1013335107,fursd
7093203961,merzr
3437189249,bswny
4424887556,pkexj
5652942966,effdj
9111481373,yjfph
9559146252,dptil
2457180590,rgjgg
3826009605,foqmk
4879354813,zqgbd
7737999274,elhxy
5593036501,tgfrz
1932452999,hlqtk
5193681404,tcgiy
1078151310,cfccw
3320789393,trapp
7097670301,plveu
9914053125,kcdfj
8245361797,tzbbq
6844650629,zkxjm
6344078856,npxlc
1459461365,sffmi
7932475605,sucev
1013224049,zxwev
1569295339,ptwxx
5768832601,duhxd
1844673860,xpcpt
3205122669,uorjo
5621633990,rewhk
4755431062,wpoxu
6149225599,vvvag
4189223309,xmtui
8544062202,bkrmz
5728179880,nuumy
7546043726,xahrl
4866012315,vqwby
7098980870,jcbnm
3386660776,zpevp
1932864529,kqvvh
1879711243,gaxyn
6836152426,ydcqm
2690712567,cnylo
9505649974,pjoan
3580427188,brvyv
5081025370,zpidf
4015637967,eioug
5200470398,gzcuf
3830641601,sfbki
8267348894,scoiv
5088137889,qyzfs
4571757657,iseds
2376988984,sjehz
4896719488,flqrf
3352279886,uehgd
3918848401,dqkcb
9715230989,jdtat
8223040139,eehpr
8814050039,xcyjp
3245413071,jrpsq
4590709538,mxnts
9981416967,pcuqh
4100430737,ivusi
8821575327,upowh
2541785291,mjziv
1203814744,zhxmk
7644587352,hbzof
5504814646,ffuct
2679252198,mxzrr
6237813821,wdanq
9061862754,ezjqk
8176998683,jdfsg
1945202495,rbivb
9519233613,rkvqj
8240904384,arttl
5969313338,znmdv
2789227904,toypx
1833622262,donar
2470089437,vukvx
4059379111,cvetn
8484796197,emhmh
1381284683,rmnsp
5552528675,mvmaj
3887748713,owrek
3008166413,rbuzz
5247094991,akjly
7182433671,tqtaz
9846352974,kegub
1821898096,difvw
5572543506,ldxug
6792455138,ftqxj
1721800723,vabos
4834515806,kkend
3102689561,oqbmf
9444964077,syaec
4701599936,fkdlk
1307062069,tsxkf
8325942446,zltsc
6608480532,aqtga
5213413901,qvkcy
5085259462,nsodj
7217141455,rwibh
9008963070,crgpg
7005355217,gqqdl
1638419975,shmjo
8357234338,ljdxa
5497089864,vqoox
6281980411,oqave
8179021179,bofam
9412937039,twaya
9498229696,bvmkf
2214630896,sasqv
7064470743,awzfk
4034227657,plvao
8140028963,dugko
4986285176,ianxg
1393858750,gffae
2233261844,qnyxg
7521716990,jiutj
4521730009,wppcy
8882185620,ezxqp
3401459310,vqzvy
2511774203,syvev
4769623467,pyzmo
1428412615,pixhi
4787150991,sagfh
8708766309,wyyne
9190293794,yfpom
6348316573,uazzh
8506681232,emtyu
5121902053,axnlg
1785862843,kfysm
1436799141,gfabl
9272965325,vsmmf
4605695842,kjlay
6364491426,czowg
3628238677,eaxwi
8413783820,ebgzq
9609883312,nbnfp
6789860707,qkixc
4189603622,obdrl
6092533978,bzllg
3073129902,xcgbt
4473538825,pqnoi
2533321626,zjmco
4660578487,jaicw
5346798459,ysaxc
7133522676,ibxyi
9060929875,xcqfu
6678246972,cuqtj
9322709812,slpqx
5707080120,ybbzc
9766322094,zkjgg
7635702286,yjlaz
9329310451,otmqn
5181508199,zalju
6414034063,hvbrw
2212088560,dhjgh
9183196225,zkhdf
2063104114,ksesl
9555547889,xxfcb
9344824453,yjboo
9277651709,ahtwi
3325256336,ozllp
2563009731,dhaav
2860486172,ocptu
1506426528,alqhq
5086858500,kjxrx
9808261385,iosuk
7070866311,lsfju
4369941421,wfalz
1210355850,xcgsg
7743345432,jnwfu
3099169827,eqhec
5840610572,aqqof
4805186546,hqjdz
1224577432,hlmum
2457056649,yrmic
9059061060,ypizw
8283712186,msiki
7942347996,ztrpx
5428747024,hifov
2822336443,skzpv
6639481564,wqihu
9825782343,ggiww
6001357086,qzkep
8805284166,fbdiq
8655505722,gvsfj
4491435089,nvptq
1688673651,ntxey
9017451944,vbidg
4855953313,juqlz
4155241642,hwhfk
7133319788,rlwjs
4670862684,vquad
6830466972,xtjjl
3692565712,unicv
2421663946,yxzyw
5326019490,yvdec
8286017230,bjddh
8477667858,zkfjp
7914076392,nzmgy
5518047892,zzuvd
3736531379,djbpw
9136761166,kgzsd
2932753373,bpgsy
7341456883,kohre
4300988869,aifce
2597665580,jnump
3833547264,aiqbg
1218986937,hrwhz
2985891020,ofbnc
5780298470,rnhqq
6661680760,bzujw
9761051896,uzunf
3182004346,pczuq
4720114380,earjx
5300828609,vubto
4400081870,pkvbg
3463971897,myzdx
1031672924,vnsqf
1562765247,cmsfn
2901454861,oasuf
1049000522,mpitp
5591147245,trwen
1034903788,petpb
8792633350,dmiuc
7209867883,svcqm
5278676937,bccjt
1564057932,mflth
9847664351,qtcay
6618572006,pklvq
8706421447,fgatg
9694444508,btxvd
4126675668,njryb
9933694766,ucdgl
6994228205,uyzds
7284642174,wdagv
5214647885,xbepn
6905932907,arovp
4505093560,quqek
5440711315,fgleo
2481588669,gvstm
5755596481,hrvwg
3930069985,otgdl
1472867626,fyzgh
9621261927,mkiyy
7877997391,ggnbc
9781886466,jtbsj
7773235675,xegba
7044697304,yitlx
5965962612,mhygy
5709408374,zqzlg
4032064060,eqjle
4545374693,pkhdy
8757695543,shrud
4053355546,kquev
2612587185,pskbj
5192685163,qrljm
4375054070,rqiqf
1055336773,qfhnl
7765227611,mujof
9491114604,amswe
9565031692,xjksj
2566342854,eumvu
7388240877,wiebn
9066499601,nsaub
2203514827,uqaqg
4203473095,vxpbn
3469004656,xqgrc
4669802662,mvawa
3644134267,iwcsh
6063070211,vpwzg
6953307558,sdfif
1994195006,ytcjf
6310398013,itvpq
2993610040,woylt
2239309369,kiany
6333081521,fnexj
9149786227,kgzms
2381050793,qgvms
8656985988,hqkfi
1409325095,rzadt
5669760281,pakpx
6073981181,rqnqt
8252127339,tijak
7676372433,dhnqf
9152946190,cjauf
8549785171,lgcnu
3879579315,nbmys
1450586495,kcddd
3686348268,wsamv
7901091500,liqui
7753464628,uvchr
6810186819,ywmuu
7066466672,gcriy
5899041632,fgocr
8604874095,hkwtc
5294831825,icoxf
2888050508,qbbtq
6062352178,lupmf
3767108221,gycrg
8893980317,yvkgn
9448645063,zfviy
7673639443,loljf
6031763678,nykhi
2488418514,zdyfu
6774279293,ncnwr
2968072114,ibbka
6296909882,kscqk
6727096216,tgdoz
5702739420,qyyfa
8291671393,nmdll
7982012465,rebmw
9371670479,znwmc
3512912479,umfpn
2816248329,kmjsq
4459406241,ipspk
1461401310,hbbva
1947814546,rbncl
2335618095,yrmma
6856027256,fmqjy
9387395396,xzmcr
8352652271,wdzyf
5799742531,dygjv
8872587692,npert
4199099460,hbnek
5835975820,btorr
1916373600,xerlh
2959546381,oosad
8166521457,ydqow
2105460522,ximlq
5250955553,vnlwy
1648706436,ciqsn
7742778080,kvfls
1628148178,yytnx
1747838969,ahdac
9701678552,gwdro
9734259953,yzapt
9317334475,ycgds
1784057075,enrec
8426593004,igyqs
9475262586,ibaut
3252615614,ffzkf
3796869215,rpqgf
2907767729,eelvq
4407584699,efspb
9692263036,qdzwh
8019594953,tdddr
6436697610,yblqq
7050017419,vfnhv
2444577991,wilho
2628949124,ylcar
6572071417,doctq
1413615015,fwmcg
1290328795,zxysa
1225189987,dzbag
9562963230,grgwl
7491782143,yfuzg
6044465123,vlyfx
9456288497,cybhs
7289264588,ebsxo
9709237332,iytjq
9866845388,jggpf
9858177104,rbucb
6042196166,qotnh
3350557609,ulnpv
4412718623,pkaix
9839824608,zsgsr
3842868960,wpfgp
3520761247,aksxy
1171992913,zdxjp
6791949761,ndgso
8782631473,aqhmw
4276802779,gbvwj
9837351610,wlfpu
3084138677,ltptd
5890133023,ikiee
5332048851,xemii
3919236537,uxyjo
1017620441,tgqyc
9552528022,wjrkb
4146304313,xxfrc
8899307839,dsskr
4768779437,shqln
6043833399,nnpsr
4610098525,iixbu
2823175962,jbwti
9430712400,gkknz
7131546641,normm
1591846509,fzknh
8218351359,jenny
1466352314,wqxae
1123978438,joses
6973812554,vqsmo
6122742150,fegqj
5339072491,rvdoc
9686743564,dxzli
2797955691,uqcat
3198033741,xetcn
4667728780,ywkbm
1387276648,wzzkg
5833218029,xerkt
1252776592,efruy
1907135792,vkers
8506578942,rntfo
4515077145,dzyuo
9801342947,necfp
8029098547,xjqog
2743889660,emmhu
6083036175,muhep
3256056418,iiroc
8056350150,revwn
6581921437,ezviq
1590625344,vnslk
6210775690,jjpkd
8018796878,unjzo
8294366089,bnqck
8895750582,ilioc
5289139751,nzxfx
9167676304,vltgo
7851216794,mfvax
6715854823,ockph
1550823841,ywjnu
6543591306,tguei
3804741092,jtvgc
3368014695,cgabj
6191775455,lgfak
7078941350,fdnnw
2607895050,zrxdg
2326174464,xwjzg
9867672331,rkzen
6449536688,ldugp
6899557607,lkhhs
8931710533,gkfmt
8571780201,kgqrz
8838930509,dvwuf
1696717902,jecyr
3083435935,lygbl
3423878997,ukmvb
1992826633,uhqpb
8474141447,othuw
5040651261,wgxar
4344915477,tjobj
8838293062,bclbh
8053801313,cqyxk
7546338792,utrlr
7297161309,ihwkh
7448316366,jdnji
4811768229,aauoa
9379011958,shktc
3944366194,vwibt
1041709957,iytuo
1407065418,wbxgr
3395268427,efraz
8461671920,wynzv
3967224132,zermw
8696114278,amxgz
6315869200,nimaa
6170549795,qmeio
8737735760,vhgzd
6655518762,eqhoe
5580077158,rhfyi
9226964625,jjlgm
3490640204,pqslp
5263287162,vxias
8172369500,vlkuc
4572241483,nuorg
8641277882,fycmu
4187846327,qzykh
6353699647,skcns
7463997148,ongvk
4669170433,zfrvt
6787798323,sylns
8703421583,dbuna
9475957540,nkydx
2064536370,ishvl
4409852950,ncfxo
4945357161,jikbo
5682840763,bedxr
9738919334,xglsm
4589121146,uvwiv
4383770285,ktjyf
6793210189,ckbtp
9204305846,dvrjw
5436733497,ltipk
6253368843,oicxk
4224233300,gxiam
6169718260,hjwtb
8527777435,lcjxq
1873877925,nnwiy
8325513582,yvier
2440461669,dozkc
2798701389,lipgj
3072306699,qdlwo
7838623593,qzxlv
7530317031,qvunp
4486440732,aobgo
1282403666,noxwj
6754184562,uwhes
5942401011,kuuzc
1623476642,inwdv
4866671003,drmvs
2433406454,zcsdv
3323639401,xvayx
7300932191,ciita
8032007531,gydwh
6159515120,gxcoo
9947874949,ovuno
3686352419,qccxg
7383603953,odyun
2937031817,hpuxs
2331035292,nslze
3579802022,vjjhx
1885979937,nhsvu
8660365888,ijsst
7184741679,aljob
6684518073,jponz
6528080128,hofgo
2354461587,eadgo
5319667358,haobm
9461967917,rkbxq
6728229673,tevsx
7095883358,cjotj
3609681225,gnziw
4034470974,cvyba
4429887088,wrend
2630398546,hycyk
8511267323,iylwe
4822738343,zotkv
6563082442,dxnqd
9376602295,uxgdq
1339470696,faefr
3749590334,iorqs
4804383976,agqod
8857422253,hzvba
8323238151,ncfmk
3489492039,xcvvg
8825571910,zqztf
6593920874,tnxqv
7935981435,jyiev
6559384437,ouosr
1506069058,uooik
6333117374,pdqhn
6378060011,dpblo
9051604724,sctje
6762769537,hjtcn
7004720360,nkbcl
5931344948,rlzhz
3445711301,cgbka
4586499706,mwjye
1668200944,xyffm
2469331621,lkwjr
2988100570,jtnsv
3974822761,fbasa
1919011936,vcuwb
4801068885,deqax
4887166899,dvylm
8843584383,kgsuj
2039075766,ndyuw
7254836175,nyzfx
2619959827,alihx
4062571257,xythz
2367353870,xwcuw
4327823109,vinva
7417870808,krvsv
4470523166,kntme
4246342523,eldmn
2259405791,vjied
7756611114,sivgl
1291345638,ejtff
6297360186,vdldx
8003003772,hsshe
5933628644,jrurt
7450762439,leyom
7387400085,eihfg
6152973786,jrrvd
7692306436,cnind
6871998280,zdnwj
7198331495,ywszy
6413240624,towge
2629628095,vagfw
1103631049,zxhon
8127194896,hswgs
9974116420,rrufb
1907621927,pfzho
6122676335,xrins
8748020253,nlsfm
1479061576,yrqhz
1673343397,cpdxv
9169202716,cxtab
9820905961,gdupc
7458664871,ztuvw
7380293821,tbtgj
5782479733,bxqif
1660768720,fkowo
6505628082,thikc
9350990124,wqtlu
6315252148,rdspa
1735018078,xpqyz
6087687555,gybvw
5405993524,agewz
5003969947,tinfm
8005257839,affux
6115675014,ydesm
1214549931,duqjd
3448745783,cvuzj
5946288218,thgep
1802400716,lccon
8099891199,fngau
4534041983,xfnlm
6851857555,nbdtk
6706436732,pkndx
2346437473,vhryb
9293902506,cyjsi
9346514318,magiv
5248751562,grggv
7107579316,nwgsm
8739775585,gtvgv
3243629640,xjrsj
1925418124,bofpr
9551162640,uofrk
2942479302,qogal
2360358659,rhhno
5901649643,oiksg
1296778372,wiblq
9608391993,waiho
9466621785,nawgi
1032154628,dzrqr
4601311223,grwri
2368965380,bagju
5134516708,agsul
9707267162,vcgom
3145318931,vowsk
6140783197,dscgu
9252195407,sbkrk
2152391424,dyave
6906606867,txtkq
8936404859,ylmnv
2028871691,jhzpe
5982559120,wxvra
8106632982,iosyj
8373069889,mfgya
4631304050,hkncj
2799481949,iunic
2464507475,sqgth
7474620354,eksoy
7222708001,cotjk
4706998954,zovyh
3319951535,kowlt
8382066211,nxnpe
1666038783,vtpij
3123450714,jawom
4405639093,czkub
5972145834,yghlk
6472815974,uwybh
7574855281,jjonc
7828801941,nwuho
4124894046,cjigc
3245850475,hwenq
9970631184,fhwvy
9137177246,hkcgh
8097804426,yjmoc
6087681219,oftqb
9983305726,sjccc
5854353405,xmcle
8866087621,wiqjg
8502100115,dlcmo
4595415536,jwamm
8926114169,ubhyp
7769539358,cgvfc
4165254204,epnyl
1110275483,wmoko
8311654916,xgftj
8744747633,gsedr
2955345268,rynaj
6275778243,vnwqb
7632612129,mzmvr
4613828041,gtgol
8687868987,rvosb
9229098414,kcuxq
9192601216,tebsh
5796057667,tpamg
2464647682,tincu
5790473672,ffnjg
3469587680,fvizy
3548724838,nsril
6547001923,mjdeo
6322664428,cxyfv
2388339659,kdqsv
5846685255,nqxjo
5033994148,eqyqj
7662800253,txype
3465449693,fehks
6733748749,vbnip
9046490392,wkocb
8477636025,wbhum
5091027369,hsxpu
2569901787,dkkdp
3233331566,ktgig
8455787460,nekeo
1712619642,rfkrf
6074539368,sdfto
6162867319,vkknt
2222332609,cbshg
9093314200,aqggv
7426832687,faphp
3653970294,wcutm
2793065790,uoqyf
1120185422,sqsbl
5753235082,dpmat
1990457927,pluxo
4832447611,eymun
3185987171,gkmli
3566219826,ybdce
8323231241,kpdhu
4290524431,rrqeg
6319393673,zlljc
2595158987,przhn
9790878635,rrobd
9828914557,guigt
7632766939,ogwkl
6477457592,lwngy
5221094015,arwpn
2734687651,celbf
9544238295,hnvqd
5931969454,vdkwi
1425323797,mxjga
2048157548,occrp
7977076930,ksmlq
2251493306,xcbsm
8251959328,rxymb
3437601952,czukq
4038374376,rzomo
3591171061,cntkl
9810895508,ibxve
7385483451,ozcgf
2527520595,upstv
5432832792,jgese
4829238061,mskjv
1738208273,ohsyo
4345817685,zszhs
6469021687,trbko
8498605597,efdkw
8748328321,tsver
2152086114,galhj
2398783537,qcgad
7103964668,tgpky
3583475219,gsqip
3128695429,yyarb
4819358707,jpoki
7254293312,vpepb
4529977534,toyov
7430702948,opmef
7946316447,qsdyi
9481995239,rsyqn
9992829343,erehs
4351570054,uwykt
6263835785,xsskf
7426593234,rhqwn
5775241489,fxfiv
4140177915,acpnj
3190447979,gswwf
6438006264,izhlv
9015884623,ljtgu
7139917112,isvek
8153339140,cdruj
5900092415,jpsch
8960112572,vzlpw
3402582371,tyjar
9953684026,vkqnw
2912114324,hravu
6450554180,nmoyc
1459051307,vxiye
7810669374,jajre
7353315831,vstev
9683941390,pnpxh
9070998831,ayivy
3100336833,xtzep
1934685270,zozym
3624278009,hvawn
5248980579,xitat
6767411428,fjxpv
2547087961,uubfi
9620769571,wrqot
8974938711,icmlp
2652587571,bufur
2228988214,ltcme
4823200638,qezrh
6682482610,bgebr
1522816951,ehtug
4441691982,fvkwx
3451499404,iyviu
3989777441,viyik
1429055314,uomeg
7968830886,tvxbj
1470337691,itszk
9972296939,pvase
7306466794,bokmw
2800261733,smbcj
5972546752,agzqd
1421611475,kjbzn
3089279051,kscxt
2410977407,oummz
4949130428,pofud
8653566295,ejxwj
2273602774,augka
6025403386,qybdc
4519342922,jsycy
8580387583,gapfk
5822876723,kzime
8370448923,efril
2444674378,fkdrk
9519768739,fycvd
6255937690,hlgwv
9239105778,zeain
1378025976,xmtco
5186393214,eiykt
8928636705,okkdi
3240120226,lmurl
9609186767,vzyuz
3870366391,nszlc
3931416572,wjmyl
8221556165,toomt
1443135567,ltgpy
2181880685,xwwre
6691642612,vaifm
6832785792,ikjca
6797864102,llyjw
9447192247,urgug
2824924134,eacub
5822353438,iwncm
8618202770,xqlph
7714613683,cjddw
2861853019,zdqqy
6105048150,tjczh
8897612042,vpxxl
9465204977,xclat
7195214012,iqlhp
9645891346,smsbk
5816493457,mhhvk
2965496101,rwmii
6952568128,xwhen
1276753584,jukth
7729968062,yahql
2162491983,ajfah
2437603504,ccpwk
7824161595,tifab
8691218115,gvmxk
7189808373,usjse
3680810854,bodjr
8628844103,mlant
2356507228,fcoui
1177088017,rfdor
6540789629,eqlee
9460373561,tcfwa
5679385212,cgzlz
1001554725,vdrzi
7896812507,zemyp
2689789237,ezton
2006579286,hwvcv
5474355936,undae
7331988819,vivpt
4664352008,ydbrz
2842888443,gdibk
2322983737,aoqrq
5178185357,ptrzt
7715242634,uqlbr
2863333783,eonlr
4435853689,zjkwd
5867792848,lgceu
5608841505,huwph
5631036107,fpmeg
7603569071,wvqlw
5728586769,cnqmc
2686452699,zpwbv
9914169214,mbuwt
7802473798,itlht
5869455576,qsioe
6265802969,glovj
2027071444,jtsbc
3348716570,wcwgh
3018522511,oqmyd
4398901935,kfcbg
3043521939,ojhaq
8162418058,mkdje
4775652186,qzjpf
8624692112,wnkxq
5529838534,ntlmh
3526869028,fnmat
9792846545,xunji
2145248205,ymyzj
3429989004,tprgx
3748706089,uyjfz
6860629271,uhxvr
3825490826,ujetz
2746093474,tqfkf
8102065860,wuiia
8948483828,xygen
8963752141,rdifx
6906428293,udawt
3030235814,glixh
8823844416,opvbl
4434291792,pxcpn
3154096299,ksreq
5866698319,rhgze
4884931928,mjxll
7931151559,udcsi
9801995799,rkufx
2065670046,pnjay
8544436093,oduje
6576085692,ycfzd
4023343538,qewsb
4310728719,hrqkp
8186545206,wkssb
4912497908,rfiur
4635193602,gkcob
1685288986,ryqxf
3619347878,imvti
7184002597,taomf
2874576820,rwckt
3238462684,arqqu
5394726490,dilim
2042776232,jxsqj
9831542661,ypofj
2997048722,mpybd
2870812810,exbkn
4982141620,radfe
1757914204,loyby
3699428983,mtkvd
8204585433,rorwo
4692437806,jlqcd
6995887668,ckbua
3775917680,bxydm
6750765808,kbuna
1903236067,gescm
4232498388,irnmn
6138966136,whjhl
3445570703,tearf
8725009449,tarwr
5309544351,bonrb
7270182901,yjxcz
1578858987,dzigb
6148154167,ygxxc
2972184447,fhdxd
9516949986,lruxt
4038648904,ucycf
3070901111,vxdgt
9471211673,elqel
7056550133,swfmi
3376725148,kvewa
8664977241,bsqdp
5087747528,xaysn
1653938203,avsnj
8113377909,hdlva
6396096893,cfsjv
4062063492,negfd
5037606788,mvygm
3507692286,vdems
4120844495,jzkpz
4719753729,mpkga
8489177377,xifjq
3391309150,kumuk
5449787201,dawpl
5996095138,chrvx
1607325581,ptgbj
1794068226,ooszx
3910716971,rvpjr
4862974657,pdscz
7229121727,ymlkr
1421059318,tczbr
7604782174,whrfv
1629379486,wudgr
9999837959,sgqso
9546534140,osbjz
3124752639,goqto
5902168535,twpbj
5616591444,bsbjt
2974000342,clujk
6860017503,eznil
5915804268,sdrxe
4560149553,yvafh
7013303202,tpxrn
1345463398,klqzz
8001842300,ldevx
8042445394,shzve
7295627213,jzvzy
4231731157,tsajd
4147960334,sjxjq
6309341244,pmhpj
7027701650,ucnhh
3725926931,luxwy
9739751452,uekbi
8183776726,gjgix
2078582726,kmgcv
6854627573,ehjwe
9804690323,lqcgk
6249993212,cmmpa
1694611530,ldpag
2054487052,xrrpj
8666341087,paren
2713981938,cambr
9042610765,whixe
7160086580,exjwn
4823114681,rltnh
3709715291,rasdf
2732012615,jomou
7125881887,kgxgc
4826436177,ykxpc
8072772971,mdjkl
1279828549,xryby
4138391517,jkawu
1112097453,cutyb
4941030478,yggch
9233955812,mkpgi
2113724525,ajins
7715824701,fqtzu
3622041140,nxzoe
9380372145,kqtwe
1087136645,wjsyx
6499344972,zwzio
8269545103,vzjxw
8589238027,zeqlx
1451677930,wpqta
2610401929,lnpyw
8263780758,sjkvr
3079098968,dnzip
7374934327,tqskg
5887678801,sirue
7636174249,dbtqb
2777557082,ynipe
4690152609,gcnjz
2012998349,omjch
9200399178,wblsc
4508592344,yqrht
8619106185,sgsnh
8081405011,bofge
9465862671,tqcbc
8393568689,bxvbu
5881585936,xffda
8117593371,arfwo
7427608099,ihyah
7301062607,jacpl
6901355680,mmjwl
9590025096,xmgwe
1283248063,ahkvv
5497843093,ggxum
1071238819,ctowi
8163905075,indwm
5496648488,wzjgs
2138047640,nwkoo
6629343655,efoob
6950537072,nsjte
3893869245,hzzsi
7691959584,edphb
4469395730,wflcf
9506522694,ybmqg
2124836252,eenuw
3965374724,uazhm
6976708184,aktjy
2275105654,ooheh
5839585196,etjlq
8689179161,fenbt
1377636329,qsjor
8639654475,xggdq
4124778681,xlzet
5241010486,ivmia
6118947004,tqglb
7221100660,qqfri
9998652108,tbdge
8967670338,bkqjg
1411372322,bdwag
5175020380,voggo
9029430636,kfoli
5462586097,gdwhh
1593520660,nxyzw
5501037956,mrntq
1415549591,hlsxu
2183118031,jcxpe
9003918478,rqccv
8795426343,isdtg
6114674537,uqhgo
4700989330,oyook
9426351871,wejjq
3184509415,umiuy
3026060343,dghmr
2346764261,aaucg
3465012387,rfxyy
9268072715,riazr
7044726486,htpkh
1584224457,tbmdj
1126884937,pzqxm
7733771013,jnave
3537510822,efmvy
6729702462,bagew
7440114246,vykgp
9677242003,zvkfk
7529307114,wccvq
3473066534,fzlzy
7525411986,dgujc
6030031269,eklhv
9178149206,yilqp
9370496484,ybyhi
6494112979,rgavi
2953962560,ztpsk
6949656789,vltan
3079800181,oqtuc
4888890885,qadyn
4400057037,xjook
7915989745,iidzw
6712883475,bzprn
5044703762,tovbs
1793869572,obwpd
8443893340,kkvtt
5828905772,ejnsx
8641610037,evhwi
1411685064,vwjtv
8083258151,ulgte
7382020589,ocshm
8876150800,mufwl
1883779867,kemwq
7383841209,hswqf
1058812355,ftgns
1325285477,wuiba
1453793550,jhnvm
3669232941,awauh
6592996301,gdwto
7042663926,firfp
5641697586,bblty
5692251024,bwbmg
9192713645,tfisu
1311210522,nqpdx
8609774040,kscim
6750454482,hqqpg
2840350482,nique
7588788679,onazf
4872146115,zuzys
7446955685,rilzh
1684479298,sglxk
2357357363,ktqxp
7255025525,nwomy
2185917675,esxtu
7900370205,smjqt
2383200229,ksjdy
6653985430,vbqui
8863624647,kxdbd
4048560337,swgya
1740492764,vytva
4712244113,rbwaq
2067742367,lhwbd
4099160063,uamug
6058416340,cbxzb
9951537453,tjypj
4450984303,muoye
1772661595,krdlw
4295524443,xthfm
5770365869,cbvrt
6632255535,zhlls
7764119947,bsbvt
3893783470,dhoym
6415742602,yeyoo
6599225228,cxypk
2149327956,phqga
7336608131,djmue
9239944687,acxqy
6924282432,frtdg
4880785628,jjojx
2363649884,kfzce
4205021393,xgdoy
2016979670,nnhzq
8837758911,dvjkg
4090691996,kgmwm
2462888270,esksh
4154271641,vjnmu
5455160158,kwajh
1181447012,jdzdv
9537269493,eemef
4960496759,zuwxp
6100258481,kfqru
9708872861,eklag
9775142310,hmjfz
5421821985,bhkxz
1928984177,aohrs
5916166007,otgqu
2894047205,fgdgv
6684979070,euscl
1676443289,cekgy
2670987772,rzurw
3852996763,bgtfy
5404893464,nqutu
9401266470,kfmir
9719504053,jsxzk
4425074933,fpprw
1787119787,gmvsn
7880610953,mrbgo
8166140875,neyxd
8439673576,zemrq
2522882299,pxmwt
8225780513,dzizg
4774930442,iqrup
1056923673,icqxh
9280372527,rlmmh
8303154820,oehvx
4521515579,ehhih
8025252960,uantp
4934004869,izkpk
4835422358,wbovf
7229149985,jzrrh
7827698031,xvjdt
9859441776,yzzaq
2144003213,qgkxs
6820099285,ofcpo
3714160977,innxi
3404866335,culuf
1711851611,xhqkp
5258497525,ktopb
9059940401,clylc
9062109372,frzkm
6834901409,uinpz
5703033510,trhoz
2619461482,eusvs
3330969946,fjign
7524994089,whvlp
7904736513,uuhsz
5375586469,vhgkn
3148303101,nktmo
3649455453,zhbwl
7268709709,dkboi
6753138852,spues
4684940731,bbltf
5464856485,uygxo
3121476462,icvzj
3406993640,bbyys
3968652491,roodw
6504612966,sfzvj
5213734951,nskui
8994827790,ymvoa
8801245768,sdmtw
7504430868,flqwy
2303629300,dxntg
4093899281,ixlzq
7278794561,twoxq
3809417836,lzioh
9952757790,wkzim
5748045932,oihjf
7531764400,fvilt
6784382616,whjuo
7663547175,zonpv
9167618767,xgsvi
3336411252,mcgyu
4793404082,ghbnb
9898770982,jaavy
9623420727,wmokc
8068617958,umdqn
8717130305,rhtyb
4819991820,xjrgw
3049271007,kydek
8456201484,qqvnn
5860881746,bzljz
3828531444,nbpls
5078094147,duitv
1598353004,cvxoz
1131517409,rxbsc
2395215095,xvpal
4227594935,zrvay
2410444775,jwove
4985355542,hkiko
4429957784,pkiak
8579213199,jikbc
7509863130,ygpmf
9220785737,tasrq
4763325601,trfcr
2793180896,jmxyt
5552634731,gngri
4997082155,uxzto
2464430678,ivvxy
8976454379,uowom
1365684403,qszan
3208392450,lhumf
7297391998,bqjcy
5037894770,twmww
9892994788,ddzsc
2466920367,cycyy
1950612821,fijqi
2707674224,tciye
7136436605,fknpn
6133414386,iepay
2274705827,phane
4847816964,owgwc
2719258802,jsnjw
4901965435,bharu
3764137492,oebwt
6130602389,nadkh
2408463385,mrwqd
6454622785,eidln
4130106106,yqlzg
1134759640,wwfio
7308918935,hcmce
5535208807,vspcn
5584014538,qnnru
7537799606,vthhc
8387391659,jytiq
6894800115,uoezk
5306105173,typkc
9848343522,ymeyo
6478198787,jwqwy
6902142106,jznhh
9494164164,mikfj
4471806845,dkhjo
4047058778,vmbpc
3519908106,xemao
6122562625,yxlvx
2034854749,tjmpx
3378663629,jnbkm
2305390197,lfpcu
5501213589,eumdm
1570859649,evkmi
7775008659,kokjb
9177471938,evwmk
7553867201,rdkns
9593687926,gycdo
5867060273,injgj
2873810175,xgmtw
4362779533,qjnrw
4063448462,iwbzq
3552525629,usjzx
5658851183,umdye
8332908184,pgmhh
5684799285,fgwzp
5159005745,fgndp
1636187457,eaizi
7712504633,qppad
8243304077,vbjkh
5468266578,kmhoh
8768615648,aitpi
3218759819,ipfnb
9261694163,oeghl
1917246034,zmcah
6847544978,fyutq
9877372029,gwxpz
2151186192,umwch
6177419434,tcanw
7629250410,wibcr
9109125297,wzmhz
3893950119,mtekv
8044519539,vefhx
1074133471,idpup
4424490028,zouri
8519603259,emqjc
6741602783,jjjsd
3880369360,wvweh
9963887629,bafrq
8341155534,fpfhp
1435672938,svuqf
1477712733,awizo
1327020295,lhnhe
7842071754,toesr
5957799810,oamvt
4676777336,mhscq
8071662762,ivhlo
5947450854,hygxh
9808570238,wyqnq
5535239246,yufwj
2254160205,arlmo
1793749296,mnlqu
4559274586,czhff
6988867661,ilhxu
2081351195,hcxgk
4721789245,aokky
3805131990,mrwai
3302407679,aswtz
2455253718,gcldw
9367825340,qoikw
9787500769,cwaax
6414895380,qcsfd
2708125001,lejrn
5667328885,mhhxb
6197937795,cspzx
1241458468,vbwve
1526313339,dhuev
3404138097,hqmpf
3800387188,apunr
2638739736,lcnxw
4912472331,fpbdn
9469965909,axnpn
6960591328,daakd
4154157515,mxgks
9925656240,kozsu
4178965844,hxbgx
5969257702,rintm
5800500598,guzuc
6566583848,wvnbl
9606956210,knbwr
1681862722,gxxit
6140853578,lmrcd
6299708600,fimqd
5275813682,bnaqu
8469019767,seugn
4739900882,bdkzp
2021033603,qjnls
5106682569,lyizc
2275878260,zjvfr
2659336101,agpbg
3588675655,bousd
1201175113,afchd
3485329745,gzhfn
6878768630,qtona
8121566990,jvbvh
4799445677,zagdr
4896008305,nctyw
2857389187,ocpmi
6329883347,tvitd
4713882558,vpfda
2288366432,xepdd
4449450522,ftsok
3277653308,kfeup
9841157402,zhzbk
6883221948,afhee
7232818655,lnsgp
9574289169,broim
6529037402,ktoyh
6385392796,pucas
3439067114,tfsoi
1349298226,iqxnp
6089849525,djyqv
7158038520,iznqu
6593119266,scziz
1476348580,zjhgb
2831395753,gmyeg
5125213574,nedmn
2933982464,hvnpa
5700018103,klrwj
9816301579,xtgii
8818014167,ghxkk
1710938544,wkrtl
9949141789,ynkpj
3165207949,mnacd
7867762233,jlxxx
9900780765,oesgc
3318250900,bwoxo
5044755317,tzwom
1842920653,acosi
6444189833,jhiml
3795853383,yrnqz
8784658112,uorvz
2508738968,qnkur
1784346346,ibchk
8215273312,icifj
2334933594,qlouv
5944373763,zippd
4411859639,dsoxy
9235229853,yhmte
3062757778,togkd
2634728867,krael
7346418826,aaywc
3471241093,ejxeu
3336365070,sojws
7989114546,wjsmr
5479237116,jogvc
6599304386,ntjwp
8336424052,yqnox
4554327500,xsypn
6696307640,ycdik
5343969639,qyudm
8364431442,emzij
9791242346,caoaq
2319452106,yopsg
7104799976,fqomu
2022386486,ykcrm
8749401578,gaowx
6243598032,tzvmy
2894952829,zxhqe
7103899552,qgpeh
1612468957,msvbs
4525399641,nwtix
8842197174,wtusd
7503454949,lgmjp
9854074767,wuptx
7017861648,egihk
1520368079,syfzh
1739335859,cvina
2585266001,icoqv
8529404460,qmslq
9667872085,ijaqo
3977098235,gtiva
6420279213,fpyqm
5569697002,iudke
6518401096,kpvcz
3725962081,gsayv
9523550629,jvuec
7523606339,izuju
8413338581,khpgt
8278202442,zzopg
5272002755,djmxj
2209532191,figjz
1056992417,wbxld
7331827758,emyvy
3251543008,zdvbh
3656811396,trmko
6082441734,qxnqw
1092023072,ypwnl
7476765710,zhgvu
8734183246,erxay
4362814545,wpnxu
7472056409,yymqn
1784892031,wbehy
6958910614,hxgyu
6142552958,xjrnz
4913041586,rkxzv
4954611966,awwtv
8853248139,ejodm
7315805615,qcecr
7438431929,yntcp
2184855543,rephj
3724840417,odzjb
1664547623,icunl
8295449100,odmsx
3287473995,hship
9197263152,pzpdu
1504438528,yowqc
8909925573,cqqsw
1673439403,mooho
2797365217,ylwnk
5844033463,dyztl
1768211882,qhxry
1136139929,kloqe
9905782302,rdmzx
6311223303,wsyit
5193415802,hcqjj
9407815365,xurii
4050426312,dasdt
7526535797,fmsxs
7815769536,amgew
3083615786,qomhc
2285853567,ottyt
3148165162,dyash
8484031059,upsqw
1554313404,klkxd
1418929310,oaavb
6076037974,qnqhr
6677046490,wdzyc
1463753209,ysbyh
7523673746,jnhhj
3038734206,zkwvx
1837417861,iigqm
2884102410,oekrx
5033256972,hagkf
9589367418,mnpcs
8724972286,xhkkk
1082274383,osnjy
4550871042,tsoao
3517316220,mwstb
4758410986,eppcx
9454230387,xksew
5390429917,hmtkt
3419871438,euddw
1321087403,ntuhc
2443570498,vmcpi
5779708862,qxita
7631648868,bcgqj
4364414041,miyhl
8047599520,vaqkq
3863018607,yveyf
2215525774,tzrrm
3316944566,ajrwy
2929905808,wjuau
3761255459,brsmx
8815440228,tliyx
8729908885,gprgr
4654400642,vfddc
8505327935,brhps
6504219613,pymxu
6444559575,ahjxs
2664611313,bljah
4778800163,ddffn
2193799993,ldekf
1433829821,zmexi
6468319385,yryuc
5186670374,ywxgq
6928142526,bcpul
3030227120,qzwyp
9937408095,odahh
7284753737,qdvbf
9697383210,gzsgl
3623245471,ujvok
2787683621,ijwis
9192817634,zfefi
5543134513,xntkm
3394225511,sykqr
4562121205,jrxoa
8194343963,vnjby
3157058650,rabww
4818803728,zcuov
6244983260,vayux
3306708403,ihwtw
6420545724,yxrsk
4799807203,lpmvj
5805393504,blzhn
2022924603,yvckq
5945411586,mjbzz
1849493043,lihzw
3854107006,sjivc
6848467742,dvvyu
7408721727,vnyza
9045658140,mogom
6201105160,rhwzt
4454102578,apyhc
6719428450,mtyjz
4681771221,jprnz
5082883007,zomyy
1014500805,vyaix
3997197429,ujqth
3205534349,pugoz
8612807162,emvtk
6560277617,drpvt
5090136605,dkhga
8228088567,szmvm
4114278378,kxnlw
4841729575,eocgn
7000312340,rwlhf
6138517155,uyhvf
4807569018,afoza
7990971502,dttsk
7354355782,iahvb
3347138055,aeeiv
7797726480,jpecj
6597195886,egldo
1625558888,hdzko
4392090826,ykqke
2849359353,mvyvc
5424381967,mirkz
2697612244,ycniu
3454723750,raulz
4409070893,tcsfd
1348298841,jchkq
4929804176,ezvqa
2780013896,yvjmn
1558918217,cxxzw
7065994269,rjlak
2126676051,abymz
6950047818,ebyoc
3256801143,mwybo
9871789630,gkgck
9458521008,wjhyx
6759855094,zysqy
4759875870,xdwdn
3197645880,nkeci
9710011987,ixumd
6553980083,wcllg
3785168554,njfbd
3652364072,bksyl
9177630187,ogigy
4942136262,gpoku
1579305753,apknb
3583569978,zrchf
6410107924,gujjm
7787371817,zfgnn
3928962737,sohxq
6057085086,kxyje
5928153215,grfje
1201748432,cftag
1170729913,iykbc
4355094614,rqxir
5003356938,izgoa
6090857734,njiej
9314101887,lucwt
9911768210,hsuto
6970000974,tybnx
1440452632,gvdcq
8174545341,nlcvw
2940308468,unqay
9798322443,fobxs
2367798166,hynek
1871219645,nhuij
5498603953,uhegw
4741806164,qcnxz
3768876688,teoab
1633727551,hmaup
1282916789,bdutx
2620111277,jjype
9902747223,sglca
1523588995,hnlkd
2493309164,btprq
3323842605,ypazc
2237829676,vedeu
3798452956,juqhr
5071979321,lvpia
2748665526,ghmdp
5490866124,leppu
8169211511,sbsnw
2447341256,nukkj
8983567013,ibdmt
6831703425,lhivf
6175287880,rppym
2296620894,klgza
7448182296,evkjh
7808124421,hkuyy
7455467722,esqun
7437571238,dpgqp
3047218994,lkgzr
4582911171,zzvlt
9937466998,yazdq
8199881344,kgfom
8417465428,cqsom
4082297553,kaetp
8903929511,xblmj
2861066908,zbgzq
5489494433,fverh
3464338247,csrmc
2842051577,dbbwz
4075362860,jhiae
7326645932,wqujz
3532420648,dyczj
5108637121,juaex
4403369731,jrvux
6202915681,cofpq
6723449377,pxsnb
8405351678,douus
7581103245,qwkrz
4951359675,feppw
8798029857,lsfpc
2742656163,lseib
6583616950,tqpkr
2794532077,hrake
7090873769,dyeqf
4353510626,rlzfb
8865398884,kelgu
3608459916,fbjai
8843276572,dpgpz
7212538569,ubnrh
2979904624,rksyb
9444170219,xhgqn
8134184118,zjcdw
7773789600,bchhy
6461844657,wfjrc
3390686292,vodkk
9574971144,tczci
8943187304,ajjhs
9765895426,bbiah
3957229116,dcwzd
1373207583,vzzvi
8139555494,abqvn
6294885547,fjoxc
4141104421,txawt
5533611581,zgugv
7897597220,dzodg
9673974041,mmwcn
7310139061,lzlnl
6249314041,jiopq
8062337523,qpmpm
9780284192,fanpl
2184212919,fpphg
5003595667,jzikl
7231631837,sviqm
8234449570,qgcgv
9755431078,tqxqi
7322191310,sqpwz
2104051051,vuqgk
3069369190,bzmab
8437144432,grlhq
9958286276,lusgi
2225093674,veccb
9959408243,niily
5509578880,asgtk
6818792483,yqtyk
5786459626,ojdoe
3175182171,qzznv
4390647915,kjbss
3459022029,fpxfn
5951184962,ikisd
4931568525,eksgv
3673179976,ffkgw
7344732031,mkbex
3081243892,povvq
2237737399,zwdtd
4936480704,tjbgj
1784087848,xmcvx
7242712997,qwgcp
9016173141,gqdfl
4665844958,tsqev
8332790832,zyvuc
4394297918,qwdmf
4175310249,okkqi
7754588941,uzlpt
9960949321,ghzuo
1900954126,xedsu
4756267179,oawgj
5564069371,qrlgp
4690904995,kwumo
3164039656,sljmu
7875034601,psvdw
9194996987,dmcea
8885647349,tflfv
6083082342,cixza
2128053004,xqwma
2808999318,abpwy
9136156066,lpcxr
7987542464,mqxfj
6236300327,uwxmo
8223284180,oggmt
6587288873,lcgkg
9415736017,ouuqq
4913807596,arabj
2362462200,fvmrz
2840350119,vesjp
8392736838,qltyn
7702273338,nvbwv
1829814451,cclls
3440848197,txege
4066401410,jjvxc
3869405044,qxwxv
1890069888,zbamc
7142244921,hdcsb
4249396968,auwlx
1442418953,crmee
1332186173,afgms
2248372442,dugpv
6168610123,vrsdd
9673856189,tgikw
9660044006,hesij
5612133993,zltzg
7648187676,wzhrr
8233388841,apzmh
3527440824,fpipb
1180694215,uotqs
6946111648,ggpgz
4974494889,szswi
4508788385,yilbz
6122347696,dynsf
7513555926,rewtp
5857038042,zqtoc
1958626397,zcujh
1224621453,oeieg
7642441968,bajcd
1404393677,okewk
6223256527,frkye
4462654304,tknsc
7640897321,fyvgu
9297914759,ltvwd
7549632703,ookix
7487725738,aamhh
2455544415,ctzda
8795666906,dqvma
1072350901,hjtsl
9780664841,pbfpi
8034785485,zqemz
6463580120,luxqx
5400165620,ouoyj
6244760726,qvkyh
5296336970,phely
4945060928,ksxlm
2968494839,zsjgq
9584984022,xtfng
3755424008,pnvtw
3418014971,dtepj
8033730564,qzlcc
6172820476,velnu
9083551959,ddrry
9382159929,drgwl
3852311842,liyrr
7698178827,itojc
5210380635,myzmy
9968985449,xigyr
4855264495,yrjvm
9201763199,yefno
8745606323,yqedz
7480433448,swomg
6274335911,qtyop
8282527064,paybq
3145268648,hcnxm
7287842018,mbffe
9325760775,xoqqy
5959150541,pegjo
6705330638,qsdqm
6799593863,oaegm
7439276264,zsppq
6614787421,ymhvs
5455482011,gfcwd
8086026567,doswh
5446370641,xzqyf
6390551451,adimk
1860890940,wncgj
9687528238,ylsgv
3555018209,jlwvr
9597793735,bspeq
5081077057,yhiem
8280237120,ivxmh
6439327641,rtggg
7670411297,gdeem
2206918978,giwuv
6947227533,dbsqp
1093175667,stxva
2349886673,mpwqg
9956606567,twvde
1204065329,lxmto
6155563432,snvqy
6110531999,blyke
8148432367,boikv
6978290514,lmlkr
5146625968,wzrmy
1959298970,oodaz
7844331320,ytcxf
2541814033,mablz
8972092006,qbtkv
4323977877,uiifn
6927175727,efitl
2630142532,ztyvn
1005148063,nzyks
7762495556,mwjux
9133892536,iixpj
2753211035,bqxxy
6622059208,awyht
8334398899,poqnt
8951591298,kivkr
5980806979,tuyqk
3755569544,htzex
8076668149,kumkk
8004707063,zlthd
7725520319,wcxpx
7853846751,budbm
9900353885,ydsnv
1732164620,pkdyl
2078564883,cbdvs
1180016971,ttnbx
5371637362,ejigf
6453338343,jysaf
5842151436,rzlwb
7902049202,bxzts
7642785438,jhzpf
3823000614,eovgu
3336755795,qubev
2367485240,obxgs
7231144059,rtntg
4092822216,grbbn
5599921387,gikks
7627994665,vgjqi
9387909986,woedo
2643218815,oyuor
5824562711,imnbv
8682262417,qszxe
5986529323,irmzz
7381033827,fjpvt
6702403334,ivdmk
1156197404,twsok
8473443807,fubhj
5851754185,daotu
2100390385,kpiji
4003551239,makfk
3105491320,fmyzz
4487269000,diwhj
5534720543,xpmmv
7442325748,bacjp
4102530389,jbauw
3959383099,wddgk
3881071752,wxcpw
9089570028,trzwc
2404943669,lxmre
8014001774,rwyzp
5601425857,utnqq
8466685299,poxof
2403843020,agihd
5428133528,pakgy
6406092632,ndpfd
4881103867,cwzin
8091209281,elgcb
7630423855,nccap
7891389587,btbzr
2832730502,uqkiz
6197192113,ukqgk
5920094692,qatxw
2203465449,ubria
9119786549,zgied
9764234010,fwmvk
6396797164,gkzkw
7356108938,lxwot
8560948036,ihknd
9083548078,uhyhv
7104065319,rguth
4175546166,oiufl
2467683888,whrsi
8395642097,edjol
3811009465,arewa
8668989902,ovtwk
1656167668,vxbui
2384831983,lpoob
5192423150,toshu
3220292069,wpaax
9962427620,kpexo
8947551395,sihii
9004999890,abqtq
3966432136,zubvi
9472348239,lgjtf
8005784871,diond
4919489098,xgues
9892369221,gvpxz
9952697112,iqszc
5296622027,ttyfr
5661135075,refaz
3114457830,ftxkf
8562337955,gxtjn
7346978101,saxlj
5162616820,ghuhm
5919048307,optpe
9067144060,qiifv
7581761239,arryd
6012569913,gfeng
8968375038,jlfcf
1110211126,xpahz
4614214918,ytbhj
2124268907,khkuf
6526944427,dtatz
4911745365,zubhg
6185222149,joarm
4952570765,vxman
8962532048,cfxoh
9132879811,vvrit
6994412993,qgosu
1917987527,auwhw
7925716035,fudce
4574667866,yvlcs
9152739981,cyfpo
4883800710,ybrew
6466360519,yvwpw
3347683100,dawsf
9238943495,linsd
5693962510,adzzh
1558511002,wlczq
8298130223,cyreo
6923589250,fvhqk
5362620153,qfzmy
3661613712,merzu
4094000652,fldbq
6517376968,xuzwu
6277943034,esflx
6002142368,omwmt
6993569136,jmcol
8311977257,vcjfw
9522988721,mawyq
4031215796,qbhnw
4088793264,gzvpa
2874332468,mdiys
2906355271,bfqdr
1831199287,atrwv
3426186319,pkhnz
4391093719,nvfnp
8554212543,phhhh
8230628463,qbzxs
2879083643,hwxoi
6174540686,fcbwp
8863077783,pvokx
4622398051,zohop
2638347814,iwzsc
8476443515,mnxdt
8812445464,ivxin
7928320398,djugw
1330030906,enaks
1109683694,vynmx
5711823446,ntnvk
8731761275,nttfm
3539715281,sqvwx
3539076844,gubxx
1718180678,bmqri
9615977744,initn
3828033761,xmqdq
2017348288,tpzxe
4773449649,eewwd
7798654750,ruasq
1560285686,umruw
4760644695,yjfgc
1285541327,uckus
2847892732,jvlri
8389798464,pdywt
6586903884,jwltj
8486526270,oubiy
4305245664,rwnef
1144171201,bmjjy
5601238935,wurtc
2703631924,kwjhy
2487483992,liexw
3866428830,xqvyi
8115000299,nmzxb
3104953971,pnuuf
5319311776,zthmv
4377841138,mlfwq
5539955140,kvokw
6706351100,kefia
1254627776,znyfs
8761632365,hctqp
6264301829,brhaz
3082108636,tmayh
2539630131,tashz
1903538588,pwgrn
2206774378,twrjf
9089862809,eqoad
8240878155,tauhn
3864491310,isebe
5248162175,tlbhe
9352182033,ghssp
2738128521,aiwkk
9779129616,owpci
5113955127,eozjx
9175335936,pmikd
8557561773,impgv
3601601918,zeoxi
5763734503,drznd
1012606364,cnhou
8425284293,auqwx
2998378848,jtrtk
3100875298,fuhes
2464660073,tzric
9300578465,tdlds
5944092494,pgiyf
3283335626,ttrzu
4793326742,pnzbu
7476246573,xbvej
3129153561,trpgy
6030380793,bnvwk
9335400133,uonic
9475370483,ifqkt
9341677442,bdnkn
1671604493,razml
4787233432,fspne
1691920209,btmbm
3639410834,amybd
3237393446,chgfa
1586122984,zmhzv
6122347380,durxs
5987765536,snfkp
5771449809,xieyv
8429616024,jrwxf
9270334733,jaojm
7446830363,jipsk
1963756159,rskpi
1152354003,nxjzi
8009128441,vlllf
9928785599,xclil
5418665710,hckrj
2991983212,womis
1661228158,vfmzy
7865251232,yajmd
6596616363,jtfpd
9486188917,ojxpw
9704722789,qivvk
7741012192,uhchn
7222035233,rpesb
8254238455,czvvp
3827542828,vdosp
4444810833,tnnpf
1897353144,uayhi
4203874130,qlfvg
7785572465,mpppe
3935609232,bfumq
9044440974,yvnkw
6357665966,oesjy
6905541580,wggmr
5834977778,pwbey
9705417456,abkje
9634284863,iqucs
3436435085,lmvye
1393312884,hhnfy
3098158375,soenp
8601293966,aqclt
4969003770,bulqs
7986888947,xdkxz
9132429629,gqwlj
6426049278,vkeuw
9758958761,mmzzu
5913184919,guiuq
5630837054,xyzqb
5829366724,smtdq
6433556361,fsrdv
3254054003,zgobk
8809299372,phzdt
6924756057,nbevz
6995510700,bhryc
6933814957,qfzoz
1651150060,aakvy
3031447936,ldupm
7428470658,avzti
7523317966,chvcj
5786350939,kefwn
5418471979,dgejx
7798265558,wcccb
4278979257,syzbd
4670151132,jdnft
6532081907,rfkqj
3081512039,oetzh
2719301431,hvcut
9543396953,eosxz
5787625013,qodwz
2512017506,xbdrs
1369890025,uvzje
4079952893,berjl
7804821086,bclsn
6316227281,zwrif
7677777286,beqjj
3814946088,kzukn
7690283202,wsars
9200241715,ypnsf
3882983362,mdjix
8597327070,qcads
3705479179,hevov
2605590347,clzsj
3773816190,fjgub
2660795817,qqcig
4761004780,xtrba
8283639004,oczbz
5917263235,vsuqs
8180512647,hlfvj
2932532556,qdhbl
9408862272,vcqgt
7966594294,gingl
8419471346,mtibh
3679973590,kshao
9576886116,qbjqo
9981456867,zvytc
6885036449,sjyez
3080575224,cmwkr
9875026216,qkpxd
6626350305,pppba
2853202371,juanp
3051100113,isomc
7137511807,opavi
1087056440,ialdb
1165556954,grvlh
8218904452,ukjko
6046556635,lslny
9974860331,vsvsr
8234095458,bprow
5945428564,pqxao
3620060153,whsul
6704550479,kkwft
3681908668,myiwi
1356241207,nytrp
6323519100,neccj
3251729925,diurl
3150906970,kasvj
8056905369,srvld
2846290191,dramd
7425887368,jkwmo
5137112542,iluak
2275133936,gsdet
3399990597,wwwua
1558916954,krmhu
3039454871,ccsxw
4820079344,gaiio
7246207946,ezgmm
3999075253,lqavj
1331631204,lsfmu
1195293765,hvxsv
6322860167,qjiks
8858245661,iqzdy
7820691872,sbmma
2532041109,mvwhr
6158636608,bjlbo
9242805028,zsmmx
7243640164,btfef
1079800070,uuyfz
1543502298,clfqx
8829843618,nwsnq
3692565315,pakwd
7384980537,cnbmp
6087881615,tykue
4702137100,fwgoq
8608879948,gzkae
5961382543,kkhmp
2593832017,igsfk
6483622566,eyigo
8053197083,oljfw
2379683893,fcnxu
7851949904,hcbiy
7116582110,swhnl
8619602975,gpvym
3762576959,vkwbz
1452448660,qqtca
6904176185,qykkt
4622782325,micra
1045605508,pkynj
7840492474,sdyou
5761530645,hbfoo
1606647929,lowxy
1398059242,nusmi
7971920538,iehet
3238011942,upepx
2402120098,rbcrn
1146767221,iujib
5910577897,uwvry
4639773016,hfxbw
6275921533,irtmj
8961304503,jxjoe
1665091238,qftkc
6328237641,ygwud
3806150233,jluny
6737413697,cnbzm
2924169527,bervu
7845395735,jywpx
6074808908,kymef
8198978922,vbzvr
8928575901,wvlpk
5984857335,qkwgz
2413945943,gzcmm
9954453355,poanj
6269098595,ihmwa
7269564759,dmcdx
8830777233,egbeq
2121642662,fqcde
9264007253,cewae
5163170897,jkhll
6184605329,vogdt
5223628607,dwjna
2378930917,hdxke
6135951377,ylnsi
2429365430,ooxhh
7711204091,sxaen
1880495220,pbijn
5306887876,bnjcb
4200119485,brgdd
9084433247,ahmnj
7521318856,umjvf
3353293587,iikzk
8865751114,eofro
7334886761,vgyeq
4410020472,jvmfs
7760593902,ccanx
8287263405,nteho
4949835538,nuutw
3350621166,ebzyp
7825538535,sqinw
4840265269,zyhbs
7087039808,ibmpp
2004765289,fdscd
6844298948,nivop
4907918974,fqqob
8337401941,uudar
3791235068,fnrrq
6992368928,gyxhd
1935763779,fzaxx
5568547739,ptdeo
3725162761,irhoy
1373553597,xklal
4025790798,phsxo
7174281005,fsyqw
8972461560,lqcqy
6374977152,yumuy
8847421802,noukf
6226703510,ufzfn
2578976707,ycucv
2802652190,kvxdl
1550760334,epyhy
1233013782,nazdh
5524382096,qnzdh
3918530175,mmxyk
3494688242,fptri
1671007268,ixolg
8821367510,xwmun
1471218526,nruju
3294531525,syrpy
6567050643,hvcxp
7855406081,vqzjx
5649344689,ioetj
3319923854,hxpvd
8095901262,ppyjg
3697740318,xnwpy
6832788340,jdlgj
3311564542,zelqa
8941359240,tbsrn
6405201020,eobmv
9934648992,votki
6812475607,amjpk
4701075238,sxdvt
1905413488,iakor
8347098490,sftql
6136121487,bluux
2149899584,cbkhr
3871300841,ugzni
7816944247,bkequ
2578612068,xnnff
5537302770,vdgwj
4273936896,xgzuy
3705301260,xscbd
8298763265,eskgx
7403443366,ofkrl
7374733421,vwfvu
4047532036,ceerd
2118359537,alsyj
3928327620,plxgf
4776281935,kiigs
4897018902,hxape
4313366363,upoyw
8794701401,zmmcl
8714842992,zyuut
4397726262,jsonp
7324962915,lwhti
7544518695,aozjz
7396807972,vyusf
4231623325,qftwy
4156898282,qyymj
5134325952,ahgou
1258746273,nkawz
9853472966,etfnq
9299127430,uiqbp
3509186133,nlbmq
7620720417,qkbay
6078736752,lkjjn
4918619709,nradt
9159591556,ganmd
8179623086,zpjtw
4883701113,tndiy
4532761818,dylgw
3522262016,fybqo
3171431043,aszaf
5881316148,emvhu
4320172094,hnqlz
4578861444,mnsci
9196116469,xfpga
1992235511,qgrdz
6298480926,knpjt
9567992072,lyhig
8286773258,bpuob
9863162446,rdmca
7107250966,gskuj
7747683304,gwden
7388344929,yrzpd
8787809728,ekewu
8713425322,cbcvx
6134363625,lpovm
3679373662,vghzm
6121707764,vdznv
4897221988,igtwa
4621921754,hubpi
4889919816,ldaep
2680122804,cjwne
3552237996,otqli
9719842685,fxusl
2155422658,njktn
9768535121,vfkax
3556898300,tqeen
6020515107,wliky
7301880568,sofao
8609609162,xfnxu
9801376711,xqpgb
5341060605,fzxok
7233607245,urjou
5867049470,xrvxf
9179813257,bzjav
1430792155,amfvw
2590965834,lwdpw
6514143433,muvyc
8013806809,cpmeg
6776449455,ntuzv
6421025330,elgsw
3801555090,szqzu
4046743120,wbjii
1343238190,ovugp
7921272927,ikglq
6471930529,coqwq
7884613131,ipwii
6994382607,hpvul
7197715869,rbkll
5950160913,rdnwi
9450778288,zgmxh
5413827628,niwci
1353829457,exask
2196000209,rufnn
3222869975,wokfl
5673170278,oextd
4730482720,uqakg
2518378521,kncwu
5200205369,ihkko
7924576255,iktvk
2806649200,rtket
9330309556,pamrt
7162068404,oefzg
6094229439,nooec
3984188872,znjxd
4333148602,sqfca
4056729249,itwdv
5253200327,pkwvg
9869568483,qivdu
6262250258,qjtoe
7710146957,yykuc
8476054840,mfoqb
1628729918,gtmkv
8544064569,yiioy
9935935494,iqgwx
7123526631,chqls
7210307655,abxkn
2518717058,mrden
9615473187,dglql
9673803616,lztsf
1704048926,bsclw
4936241983,dcgoj
5410711940,ssown
9301963143,fqufx
7515811804,ovkwy
4836191115,huqwi
6047193422,pnxce
8599518636,cqemu
8839217478,hvmjn
3186793337,mvqfm
3162394302,lyzqe
4251908996,iwwmi
8305456924,qbuaf
1749201270,uorsm
6908028075,dbcqh
1146054387,wmuhy
5782607310,kiowp
1712816169,xnefy
7285364999,czevs
4169112598,wglip
4439281422,dbeun
6124434094,cncpj
5527170444,jbevf
9135857983,zsdca
7626272397,aawnp
4669650691,lmynp
2499973461,oldur
4383359300,iectp
7808432684,wogvh
8743173082,fboei
7146281602,sdzoc
7812510621,nvfnl
9588770957,dakhc
5131522883,nvdtb
2379399838,xwmmt
8450276857,eolyv
2910884654,gvnhc
4790221042,rbikl
6665092898,vgjbo
9549300203,svwlk
3428225988,mziac
6442289223,zxcpb
9853676594,mpmkn
8183730151,lyoyv
3292237076,tdgrl
7793104162,telxj
5541829313,ukrud
3315508366,hhlre
7465989772,yyfsa
5406577595,xdauv
4137546029,jnqkl
6635079183,dpcgt
8148688530,cscob
9268925980,epzlr
4029210483,yeisl
5551992154,ttxqy
4181935194,zuidn
2064786627,wmopa
3211371366,yznkn
3411425349,soajn
4193592743,ivsrw
7110250658,hzpwm
9865094887,tbmes
6499804727,euren
2179999615,fvfkb
6118881896,snjjn
3557760998,srxvq
9276903863,lxndk
8416513281,gyfpd
7792063291,acnmj
8859853813,emllt
1534229143,baxcl
7269920312,knbds
8516608767,rfcjm
3473074329,zxkjs
8167544424,rofax
7348561728,qalop
1894275866,uwtyn
7899631761,ddbbv
7010513459,viwpz
2218256429,xinaj
4599686428,rpnvc
4787697529,weend
4079567071,xlhor
8438495112,kquvi
4251336570,gzavn
9328384577,oncka
7451700737,pstrj
7072733676,uikzr
7041593235,gqrey
9764691363,zawvn
6213460782,jwhwi
9027927551,alpnr
8654995690,euwcw
7431896414,nupdw
5329782906,ehlvw
2094022520,txjvd
9381906848,mhbce
8623207295,kthjh
9898758004,otagr
4670871128,uedun
2499105690,gncrh
6733118106,nyehz
7671298621,whlfp
4767175102,rpfgp
5814977813,wsqav
3912516650,jtoxx
5645416959,uyway
8754576030,vrkwj
9424456908,fiskm
2549615567,wwdwt
7777764597,svhbf
9701300524,pquih
9494311498,iwmvu
3576685082,jktgk
8870226842,iutaq
3459743665,yaobn
3166016094,unxyg
4579019981,yvafu
5968116303,nazix
1959167903,vhbow
3385866492,hditq
3116693767,cbkis
4968579349,muqrv
1632149722,gkfwu
4527436275,maihy
8530809986,fgxyl
2910829466,zjrwz
9337465122,esxmv
4400818935,wqbzy
7387058568,prceu
3571761532,bfrxi
8861380607,tpusp
2695416117,zineq
1007002071,jxcdw
8817567070,xvgod
7158059497,zhpbr
5196782058,lemaj
1653191190,brtfq
8097390936,lipbe
7897232796,hbkzl
2797294966,rvyxf
1765334028,rravf
4256592668,njieu
8166455962,dvbdv
7949229549,xpydf
2558275388,icwjd
5742296773,kvban
1622912648,eqctk
8667285936,ehjwx
8707311835,qzvow
1466939987,isgxd
6327612897,ranpa
1352540589,wjhzz
5818537641,kayrc
2546936993,pqljz
5777665277,lgvnm
4521862497,hrpvp
2205176838,plqvq
9921691823,cqkrg
7575699279,pumiw
6351592549,ckqpn
1881103697,aolzu
9133036982,tvlbk
9527862912,znjyd
5164560699,xwecu
3797482662,ixkto
2659515576,rziay
6939040115,hjikz
1919341863,liovn
9835282581,hcwgj
2864862789,ekpjl
7842422011,bwvoo
8914509719,icbha
7533092617,olreh
6128862797,lyjtl
2054379732,fwtie
2991091143,jtqbj
4159481060,qwhks
4012167558,mpoqs
5172927888,duvdz
3702958676,aqlpl
3941773837,zgyet
6302184556,wlfid
2963371246,ynnea
8378917779,eyucy
4251276579,isjhg
4761540412,htyrb
9854788437,yamrp
9830691276,lymfc
3952797818,bbhor
5840624808,janur
2650075631,pbqrz
3200795775,kakbt
7419855949,qqbzq
1978384257,cgtaw
9537542191,ofksb
9931817917,lodfl
1571478464,xpwvg
7186793585,npnix
5399827386,uwgis
9465293976,avkkk
6149896971,jlajf
9149444027,ruxeg
1932965450,wwveo
5606747687,vtzmw
6334665881,ezbcj
6317942913,ckkyh
6735224116,gyywk
1628164865,uicqm
6142648684,ctapf
7803935081,qusbj
9090084008,xfbps
9868083133,zhnjq
1628415696,vteop
9961326514,idphi
7786481933,vntxd
3273139441,xkeem
9448857877,jxryh
1124115564,kmuic
7468284899,labei
7178244562,chwoy
2890969004,lqfqg
7962584667,xgvon
8170946959,vdnwu
3551237480,fhsex
4714486872,spxlx
1593553755,vcqda
7668567677,egjin
5357323662,zogny
3065139699,pgjpc
1150817789,rnisg
5077392516,tdxek
7235813574,poknl
2748006601,srhlc
9531890567,xqpoo
1584120629,alxsw
6430158816,azhbi
7169215767,eidfv
8775157269,qhpsx
1666956001,ynijs
8024589789,xnntl
4845440961,whfbx
3131592197,zmmxc
1661410858,aidyc
2680282453,wdbxr
1818108996,pbvsg
7455314678,uxipj
7544270598,pqlxi
1849546342,vrhdy
3454012822,wyzuv
5380597002,ksiff
6016961188,heluy
4710752706,jyuol
6863667677,honpu
5698388055,rjbvr
8693090460,kcglo
4311923533,bkoky
1683654875,yqsab
5077994134,yhmya
7472805411,wyjpc
3196148685,zcoor
3815459251,wkgbg
4230248330,gylhy
8999132883,hgceo
7845395020,ndaqz
9478420518,aegjx
4998550041,gsnkh
7476742660,mxqgt
4200840304,ojisk
8081309896,apcup
7650408235,wsuny
4286053932,fclbi
7408156877,grncm
1512329855,svkbg
3465117277,ehtua
4385210318,xkdgo
4012153830,ldoxn
7046147499,cmmod
7675021971,uowqw
7242260384,tqzfo
1780523397,knoou
8198450306,qiywu
5485744357,oaxxp
8691197612,bpqde
8116233506,inxki
2341419186,bpcvz
8984808223,jpjge
5929538856,reymv
1662553040,fqwuq
7975533526,jbmfw
8566004672,bxaha
2456340541,euhfw
8413583053,vaitd
2163202336,fyree
5028310513,dyioq
5703847241,yxiqh
8985877369,ouran
1973004122,pipcp
4158517133,wydxx
3095148086,ekpzm
4449871356,nzgqs
3197997640,dxzpk
5581949589,mmunm
2524823737,hsxco
1905149301,qilnl
2595787212,eefei
3567717659,ckjvq
9345609072,ydqrn
2167658912,whfzw
8634450061,oarhb
5424878884,eqqkn
3863287907,hcgus
5001124079,lzhqv
7730793343,hgkms
7186436880,vhvex
1225451089,vohxv
2137714809,oayzf
5268550875,hwfir
8646725680,qmciy
3745226444,kncvb
3336267095,qmtja
5614487435,mpyzm
1523407312,aiimm
7145102146,knxho
7138885751,xvdit
2935448935,qqcva
1212058002,adovo
7550280976,snzzj
3585347303,gylvn
2240514129,dwwfd
2232193483,qjqzx
4856333552,satfs
9529407744,kilea
7344047902,hsuim
5688155978,raepe
3559024965,moscj
8787171252,mibou
5628511263,tdead
7761573591,mtgpy
5080595060,vkydy
3364273577,ekxee
3046362498,nojat
4786278186,lqvcn
9590954905,wrsuk
5019943503,onejd
3358567447,gtaio
7295534665,yyicm
5299932570,grfai
3155851411,gqgum
7217225092,ffmkb
5169068368,plqfm
5645091875,tzxyv
8502870645,aibsy
8312733102,iscow
5834258339,ztldq
2477607059,ytokv
3425037892,qmymc
5857967789,uhhlv
1120033436,zanfn
2052836785,soirg
7446521855,ktqsw
6545155410,xuihd
3334569387,cqtqk
6989015406,idvzr
3653632884,ovokd
8725245530,ilrlw
2391719726,xweff
1373530065,tmqet
9401033921,qigmm
1512822723,afpnj
2434142715,gtjat
3892413451,sdnbc
5242891163,lpsek
5473424375,jbbie
3009068063,xneuq
4633144019,ucsbs
3047322704,hmxci
2455190458,moxus
1033900776,dmkeo
8153661108,tglfb
8154655952,qnkqd
4857477453,vwswl
6184764277,mgjzi
1401113754,mkgna
1153526982,ijndx
9912799009,hyrql
6749202859,wlgrw
4131198764,ncaso
8938198500,lqyho
4685039239,ifolt
6840785721,dxpoi
5087088026,zngjy
8259154297,dfghd
5797454433,qezun
5980045577,porav
5881135897,gyyrp
1078523000,ayzlz
1444702235,oyqna
2519823801,rsmzw
6590169152,zytjd
2925044471,pcbwx
7122840861,ildjs
6494198137,figjd
8335776566,fnpce
1263465256,gslai
3478934970,fkioy
3337451720,jxrka
8217450544,xfbdm
4115800848,paynu
8933107656,hxobw
6205177502,lrmja
1404577475,joppj
2427166078,ykrip
7217747274,mebxu
1388692093,qdlvw
5271872265,zerlg
2662482215,xoobb
3179459408,tcwcv
5118761633,rlrls
6101913774,udsvz
3884936656,tohhm
6050434332,xsxve
8308046347,sgcck
3076457319,sycaf
3048733188,wzumh
3809290090,ovuti
7544981566,tngad
9370740105,pcala
3801334987,xqygq
6710893438,hztyn
4923375746,otyjb
1419752772,ggxec
2348867446,aukau
8722430532,ueeeg
3492741238,jmzhh
2060924659,hydpu
3412203677,mgjwa
7516659704,euuyk
7193643914,cufkj
8625699678,rodjn
6647048453,kfrdb
3894959071,ajtnk
3720480746,bnfpt
4057567819,bapum
1143998354,babjo
5103859686,imnpl
6395486298,agpxd
9037647457,mjdnl
3581241536,xxgnd
8851314970,jkxoc
9415450200,tocim
1180254283,kobfd
2585870823,pmnlc
5613391823,lrqxi
1770522741,ickme
3747741758,owela
2145378482,xhtoz
9202376337,nbwlm
3524190610,ggvtz
5514040151,krehy
5155084661,rezym
9698590868,gufkd
2876913792,thakn
3978261353,acpnm
5991112635,skylc
9130601645,xkywi
1873151273,tmxre
7667868940,woffx
4221147055,pjukw
1065303592,sufdi
6221140921,ltmtr
1551652324,wbcyf
5559608358,qfrwf
1041359506,ndrji
1265229110,jjcqn
5907015662,glvux
6345239669,pvziz
5000658082,ibadz
8528004082,bumac
6042626704,lfzbn
3691656720,ojazq
4400839668,xihen
2965786203,apgpy
7394753341,erqne
6469583668,jdfkq
5753430124,bvypq
1617958622,sgeyw
8165261761,dshjv
5857892878,qaxwl
1648598246,afiyh
5001122988,lzhys
3708958236,hombp
8713709103,hiiiy
4674508329,yducc
2376601203,uzndj
7380365003,jmaby
9598239949,vfety
6277960867,tnucw
1607876686,skhre
3922290044,dawrp
1608946091,adbfl
9840791741,uryzs
9615034734,pxelq
3540751075,rjouy
3851104307,fypuo
4746854185,cubfr
8176747724,kmhwu
5666927897,aaxiq
9104478728,fydah
8665017445,tzzwh
7052973609,jicfr
9965711836,soxlk
4920603970,idtyr
7921185057,pjuiq
6812459901,hvjlj
5997205690,bhmmu
7309307428,lkjor
6073463359,jqbkk
6200458568,knjll
8547114790,acqvp
3542067145,sshbq
4492941753,ukyzr
4895397765,wuvdc
1269620435,xhdyr
1226526773,mvdqp
9677579741,ppcjd
6687910104,lqzou
6121270888,jeeqt
9716748840,gunde
8019745231,jwihk
6841494793,isdqv
2636879205,oifnv
7524134758,aappg
4860639125,ykotd
5554615224,lmvou
1499984934,pupcb
6631263407,kbuyr
1016869445,mbybe
1966529126,glnmy
3244718216,qmpyl
2062745414,yuklz
9686705694,skpnc
4329327748,iaxai
2300410881,qorkv
2844294811,dadzp
9345008322,yahus
5441854757,yufvp
4191100876,tzfuk
3840299158,parfr
2321878372,fjxqi
4015805953,ytwff
8314389673,ueusa
6501196219,jupgc
7743481470,rlteg
4773284153,wmlka
8687290154,ekxqr
8595824898,sodbi
4695674930,nrswq
8259561003,bzzhg
1133095494,utpxw
5725833558,hkppj
7123272328,xwbyb
6714926420,bgjmo
7557764349,xkenc
1107308436,mpgki
9171136545,crebg
3045984751,zwszm
4574962777,ictjs
2640433697,gimhz
5690011027,nhmsj
1184934914,ixbks
1223582444,iqwim
1176207360,cmecb
7470184292,cmnrt
4067151540,nfigc
6704649356,owdyi
8583668318,ufffn
7167973161,aosoz
2350790150,frycm
2675858201,hrpka
4335910960,hxjoh
2712503034,ntogn
8131085177,ehlik
2935905318,vjnuh
8660291409,qfkji
9781847473,cnqrm
4045341918,spfby
3799825906,uaryu
4133565211,xpfbo
3162958981,ncqjy
7406827551,auulu
1539505783,bvzte
7545055835,aeczk
6691960052,pwieo
2937537580,zlkgq
6751919453,xikwp
8777992824,dhgns
2888926338,vpphz
1265505144,jtrbr
6889249141,vqzqq
9770254001,bmnqd
7278750548,ibndy
2348964587,ncsji
9467279141,zling
9105624540,edyir
6440401549,ojyjk
7615535456,jpndm
2789212987,bsttz
8190166379,epmma
7378967442,ttzll
4150614544,mjesz
4207759876,wstef
3271115760,sycud
5557140355,lukcb
6318564708,syazi
4926806904,hmnew
6708853598,wfeus
5898169748,kkikk
5939404411,zrxov
9203490723,vaynt
6916531467,rldpy
9005904957,efdvv
1879948467,pprts
8475430326,bdzlb
8348390880,rboao
3247480173,gkibl
8249094695,sukzf
8843879099,heiic
9192335335,honjw
9731823644,rlfse
2359316900,ytnpy
7010477952,qqqve
2159896229,zqrmf
9774505823,hpvch
4835304231,zkxni
5263076821,nqjxk
2599266166,djnbq
7487352978,ocwft
5599118122,pydkt
9934021238,gqlnn
1148723769,yprhz
3032970261,pkefq
6396321292,yxbgn
8013649449,qxjxs
6921460632,jrwrb
6328220796,sgmdh
9887858464,cmrdq
9693885422,trlfr
9297519718,bwfqr
5166555520,lehvw
1911682641,otmuc
2842302002,aktyl
4558713323,vqitg
2345692487,czdnt
2383932011,ybjgx
1910047466,tphav
1954564723,dcyfm
6217494396,jhlef
3433331854,khfmz
4642282061,nsoxi
9648053519,lbrxr
3594661401,qjlzf
5767063160,chybx
9950072349,scsuz
6224322848,ylelb
3692951470,prrsk
4299995799,jldso
5276856070,mkczo
5301043690,xvbpi
5231650683,yptir
8903363496,wlutc
5499237297,bdkcl
3140894869,mwwxg
3571666034,iknuq
7398553612,zbkek
3915477577,mxdeo
7475447055,hfbur
4613624952,cmxep
3324187863,sxajh
9644345320,umddu
2139141477,yzhos
1117454491,gcrwv
7726485855,hjgtb
6092544369,edpuu
3459664935,wxiap
9063008319,uedex
1660421132,yhuws
9986094411,dqghb
2416496130,huuvq
6378538658,pouik
4623417613,josgt
9588649652,jptpj
5065387437,bpwxk
7006912762,efhjg
1580562365,ckevm
7545795768,twrgo
1850908127,okvsj
9199113712,bvvib
3818235831,qtegt
5709403445,bajtw
2418566749,wmvvk
7019915860,fpjhf
6967555395,hvbgz
4667706327,buina
6192704838,bwqil
8988574977,niuon
8558033176,gnfqi
1403223602,dabbo
9248257338,czbbf
8526608116,zxcya
2946288057,lzpds
4313275473,cnvle
8543984865,eafmo
2851014086,lwqve
9640893541,xgxfx
4558558044,hszep
4837083748,gslnw
3820895093,qrfia
7177537130,tguzw
9708144140,jxfwm
6121897998,fquqy
1976269783,qbmjw
3797595498,vynef
3504183031,dcatx
7700510495,nbsyf
8224459925,mdaxv
9042221557,ppucm
7416392781,tjnao
7441387534,xjmte
7482103002,cpezp
8021909728,bspff
8062993795,tkcqe
5085412715,ahfvr
9010567224,skfzc
7483577445,bkyab
4984833524,jkwzg
2535067506,depsn
7479752655,ehzdk
7557944242,faydp
7551803263,azxys
1833945247,tnxtm
4068717587,srqyw
3100320448,zbxiw
7646518467,nmbxe
4638846407,zjpgt
3039402229,ghedj
8536021270,rllnd
2212740274,rmlpn
3250768025,pbusi
3935393514,xjupw
4532646573,vqgwr
2293935573,wwhnv
3347659673,lfxee
6875614475,sffkw
6217434654,rtjdd
4213577663,zlpba
1419406477,hiwci
5280300605,rloza
3441686120,wziad
7971793680,qthss
8586560596,xnaik
5548483122,kegpa
5238587718,vxope
2266163385,lepko
1660482857,wpyud
2586113409,wixlx
5728030677,oshok
4619474636,nhsim
1141432010,kjluv
8479157344,tlxyl
9592033807,vunju
7038728329,uusae
4364707454,qouhz
9509583951,ygyvs
6108276806,cnlwj
9095266495,sqwks
4762426224,coshy
7699992920,uhmur
7844076492,kltws
9575766388,bqbac
1681997775,shype
7587169012,bizdb
7902177115,umbhk
5194915124,oehbq
5837893883,ywtxz
4126315019,tirum
6599844786,cwzlh
7926042434,oobfa
9741001502,eizva
8603555397,vypqy
7840256518,bkonw
2645169652,dymmb
4802407831,qzzsh
9304895284,pqrxr
2101427398,zpqbp
3651639647,qyluy
5723098829,wtwik
4347723786,eouyg
2198355727,wrmlp
3607669297,qtmcs
7982066954,ivroh
6658720255,xcuai
9647389310,kzmpt
5862219752,rslnl
9596742919,ygkpi
3601272996,kdgjg
3122772802,hqbqb
9782282419,bcrzb
8593785529,ikqnc
1281722057,lsapl
1014230294,dhpmr
9951508783,hslcx
3361916452,omeih
9088883610,wcfji
5593587849,hywbl
6800017367,qquhf
8088790272,npgyz
7594684409,lpsmc
6591010786,mubpm
9494895216,toisw
9801277259,zeznp
8221646171,whghe
7884191503,zocck
1450544592,iwsnr
5079475983,ntfvi
8260562558,wshwa
6861503713,kyyyf
7560705763,ietgr
2855750801,hswsq
9728026703,lqblc
4350508661,fsqlg
5950136952,fnszy
2674539269,dropd
1383581100,vjfhm
2072900773,rnxdt
8056159199,dtaaz
7757328283,rquii
8327581873,zmqpp
5555565202,umwgh
7417291549,cplrm
8263763153,fnzpl
4022721166,aadwi
2960388939,nhgus
7454675451,bzdpt
4522470173,kdjbv
5796426140,dzncd
5727626311,grbzf
9989366913,dyvnd
6435307693,agcas
2291943900,eidcn
1067661302,yanwx
5081839183,hhvjj
3987560822,inqwq
7371269297,viokt
5864773644,ophcm
9055677193,morph
2184064342,nqnrm
6338201322,mwkzn
6767401820,wpwol
6471642779,pxnbe
1113350323,wmqsg
1350963901,pgtgl
8197714568,cmczy
5704283986,anzwq
5683535060,fgixe
6346375901,ylrns
8244290970,hvwbj
2962009967,ownrr
3096097507,xqffj
1785816796,lybej
7750453818,ywlgs
5149495255,selcr
6029040617,yxpwp
8746414922,yvbqo
4896704136,vmajq
4154583113,ulkwl
6125142294,oqsgl
7897479474,mibkm
5241834174,dwgqk
5401115920,tymxm
7677692216,jzveo
4280523389,jifgg
6604794049,ukdog
5348417238,twulh
2875214076,lcees
3037614797,oeyuh
9636963760,urcie
9885609107,jbejn
2722466064,yvhqi
8021018958,jkguo
2219892107,uocwe
9964291709,ygcru
6272627974,cuczs
2004924688,auryp
5510966510,konbs
2823812966,ltgue
4794849706,fnzpn
4048429801,rzvhe
1928461181,akcji
4204103587,wzwmg
4315374405,dhcsy
5434282048,prcbn
4374731984,ehrty
3131595010,haqld
9343481990,muvqg
2825932257,jkloq
5849059664,bjmkx
6855590934,tvpai
3357558309,qoesn
1751181545,daeor
3469865532,izzro
1883845018,upopb
6264995256,wlrns
2855972395,wmaun
3583719095,ufewk
5569456581,acpjc
4796737485,jzmaf
9334495866,vtgsv
7404673246,gaulc
2757937793,fgacq
4129311277,xbnyi
9193153391,krilq
5173649589,ouxri
7689911710,moynf
7973800902,codxi
3804617819,vacmo
6135711480,utgpa
4244719152,bxzxh
8144470494,zglnw
2473057203,vqgxw
1295501741,zclxh
6726662036,zlvvt
1119309459,atfal
1377143711,rgaan
5252827617,kscmx
8795568303,nsnmf
4838150083,zznjt
1306315675,owyjm
3233380757,uiqjy
8814913223,rhwiv
9528666028,fpqff
5599337497,hrsge
9818237891,jzawx
9244621690,pevxn
5487293302,nuhdq
6295842736,uqmuz
7496571090,mnsuy
8273442671,uschb
8885144055,cotvq
2226840274,rahgq
8755589128,zjqju
6659200577,zawfe
9722934621,vmynv
5602442661,bargb
9056341310,fzxxg
3615897564,rssmr
8283798424,gysbc
5753119893,fxzte
1558755618,zptzy
9293970104,cbata
7971356960,xkqdm
7095383316,mrbee
9002356772,ciaao
7548430552,ljqfc
5337838498,xkiqb
2519795577,ydlof
8517426896,gqfnu
9928666486,vedyg
3597112189,iqfzb
5633694900,qlaeq
8110900552,kllps
2699709965,lhtwu
6154956797,wcdct
3684249893,dijec
5807931679,kckxm
4515805621,imnib
4942573079,cxwsy
8991457665,wvodc
3070775277,silqf
6483999403,ebafj
8839767008,hqxlm
7742353696,tbvdd
9150636844,omklq
1557300965,ljwuu
5693617258,jzuja
5787487263,utvvf
9621955539,imzsn
5311817212,verqd
7425844969,zxulp
2342208497,tevbi
8618826338,bihxv
9901540952,emecz
2911114888,xwoza
2378900719,ynvav
4136315401,jmzff
5702802293,afrzd
6773673706,smkwz
5313130471,knvzt
9801370234,rnugl
1470522110,ijldw
3460990323,ousvg
6638001857,pfeyr
9914242594,poyjc
5899209669,lveue
3912642348,tsyia
2690085536,tejna
8659808081,gzoim
6788858658,ehvul
5724674525,zrkkf
5800190412,ieinn
9400129962,rqejd
6008711552,wpinz
6106816287,aknhw
6070085765,uwitu
3371153845,ugcmw
3160886698,peisl
7041860750,modwz
7818335590,qnguv
5458250908,zcfig
5893379119,ybnsw
3893021931,prlyv
2000372519,usbsf
9305278320,jrtyi
3872178335,irocy
7869464732,vqqky
4117133186,zlcgw
8680031147,ctomn
1450654937,pduyz
9951321700,gvrtw
2253288393,rysru
7901756259,rnvnw
9897918981,tjcwh
2940992430,vngbr
2829646192,pxtvr
4698716582,sdanb
7015067111,nldqd
3597881982,cxael
9594945643,ezcdj
9982780473,lbjao
8800759002,ffjjl
3474485432,qfwet
2589514223,fflhe
3402225497,hytnd
8671750282,mukto
3756323767,cldwv
4726277388,zuoyt
9660740603,fplxx
7052668969,vxrwb
4220292502,xihxy
4588566668,cteyr
5839866749,rmmov
9110623560,igpae
7881432574,ehjqr
1018217061,bkxod
4005280046,laaxk
1556738332,pnbwk
4082249637,jzyhi
2430082140,fyelt
7503260920,cnnvj
7473422609,ueahy
4145915952,mslvu
6045842769,ccdxy
3924232230,enpai
4731887643,wusan
3754791316,xmiut
8370789669,iivso
6115098893,espwx
6328367910,hdnlm
9048240306,cvfmd
1328407154,pcfqt
1946204659,lelmv
1191034862,houil
7304328918,ycdrg
5982789859,jgaaj
2081974190,agrmd
7766318019,tpczj
1252186207,iccuc
9625810295,hiaal
8138982212,ioqmn
9553484654,hmvpe
5276995165,vgotz
1976461877,dygmz
5137486865,swkjf
4746208624,ffxmc
8426942301,xsgaa
6911576932,hxzgf
9056090615,zkmcs
2700064817,rsqsx
6488849380,jctio
2956093202,reqdu
7773953271,iwqup
8212007279,eazep
2704901488,ggwbr
9387822767,kkxqt
7426327642,hzbhv
6968430818,iifyy
5806283016,qelgz
3261890168,dsrcy
8878144212,zhxss
4294326175,nmizb
7451626811,vhvmt
9987795256,nymgr
1116207630,igper
1759704852,nvvpc
6716363601,xxoll
8507919699,fzmah
6631496569,tlgqb
2697230177,mpihn
9779082317,skifa
1997761180,hwllf
6919949605,jamkf
6017900830,fvtxv
8367853880,jjmht
7976535357,cohsd
5603228185,znwqo
8599382160,ueojn
9214756740,yohak
1817999605,gvaia
2741064387,ssqet
2509075045,walub
4957835055,kzuiy
3629334412,edbco
2136431518,thyau
9459939662,durii
8193385287,wkslm
7306241902,artqi
9378362641,sohjl
2478208101,izkqb
6689487673,kykaf
1872156578,mjrfu
5220737176,ekikd
7598635497,kyyon
3654937017,jjikn
8887340400,xsnlk
9130655780,ekczm
4138866084,rzuwt
6240547710,kxqzf
1573435931,tapux
6423784958,ojrkw
4813289401,rvvbg
7824225159,jilzz
4953542325,ygjzc
5339365971,xrvqz
3053589835,itxjc
3028532060,iuivp
1507866574,lukkv
7422908555,hehrk
1863379646,oatew
7774466716,atevj
6182328922,rzkzp
8424188228,kbicw
5964896271,deoya
9054779026,zvwex
9278227001,yymzl
6383561310,ocyqe
5323792570,cbhnp
6955099465,wixpx
3764353823,oivip
4589017347,krimr
1772209328,neglv
7484045363,kwtgh
2634323131,pzuqq
2577366796,htezi
6087232316,yzwwj
6230426939,ygnng
2642811126,vlxpz
3052124773,sbdrh
3627471171,vbpis
2196288278,vkqui
6936330778,ayjnq
1030728593,wybvr
6200125823,epwvt
4644157103,rmjbw
7010790307,zzeke
7017329767,otosl
3227979904,nnnvo
2207100139,jayuv
1554068119,mvykd
6196980006,vmppr
6503654751,lwyio
5119250505,pjvpi
3003581701,amyuy
7725026513,bskak
4289732754,ivwyw
5636299417,hxbye
2794617463,yluug
6533639606,cgvom
7990630457,rfmjd
7540491370,hbtur
3876890831,ajqoj
4894942301,knipa
9633713568,vglba
8089115726,gadgs
4850744700,tocmu
6688491332,nqyru
6945329859,fypfn
3783727657,wqqww
5629894398,irtpq
4990591148,iloyw
4088318052,oxkxb
3454064566,pigsr
2242483945,owdhn
6966981620,jigfa
7880485840,zwsyj
8997944780,kbfqt
2505911562,dnusq
8561266601,ybkre
7887602185,cptfn
6991748676,ctihk
9247706251,dnvvh
9341737096,hojtv
4321514407,fseio
3096250208,ejdns
7355521851,rkgol
8563854560,vjwor
7600893675,grqwp
3319302166,ejwkd
6467844853,gbfjq
5354194834,qwrbj
4236570069,hjfgh
3248727153,mlhur
3730322569,ultod
3818145165,fkgif
8875532781,zbrvw
4165817398,gvkkr
7559566647,lfhof
2525704954,dagqw
1879858412,nffzy
2098911553,kzijm
1186679637,vscfu
4534456398,rpmuc
1177135720,zzcxi
5451265244,dsjrk
9833754412,phrwt
2153928486,adbld
8982767573,uyubs
6285136285,hesxs
2970269964,vaakc
8462083345,eibae
9234380005,ontbm
2240316090,mzpts
3726757736,wzqfe
3523286881,jgbzq
7119926387,bazbd
1450383300,kifnu
5840849401,vkylz
5110892887,xfqyh
4912218539,xywfo
2486693495,bccnx
3030574130,torsn
5772386261,arpbz
9606841783,tahgc
4229477550,jltxf
4851133593,nsaue
8939652372,wzone
8691458393,nquhv
5737911030,skqah
3903484739,acxkn
1982977841,emllv
2332119170,zustq
3166610152,xoyfx
8052335930,tjawa
2506740877,tqxxj
3083894243,brjkn
8127306909,wsdfv
5741948930,vrucc
9326513292,zcnuz
3139044715,pwnmr
6840887173,uecyq
2351011063,zhnxz
9608513754,thovq
7824057934,pmneq
5075631421,xnkjw
8733171183,zlyyw
2069824644,aktrj
9481868073,djogu
1104928512,evykr
4490998839,wveha
8476773671,anjwt
6786236313,usyet
5267132131,hptnu
9278929311,bxfqn
3453527612,tmsbo
6532389534,wpmls
9551884844,imnbs
2838552566,tpwog
3371425477,jihdx
7771881246,ugrot
5064925980,dxrja
4141256286,zodmw
2326518035,lakxg
5347770138,tdaam
4467680712,vbdhe
6755535733,kfmiz
1439392736,hzxmg
7804048122,zjqal
8651362058,nzuvv
7953739985,kdidp
6046795970,zdecp
2844747517,doydl
4277510696,ygeoy
7824707742,skahu
8414592183,tsrgq
5545125702,ohsls
6097415570,ipjch
6664020845,lsteh
4154430616,tqqqw
8075782618,bjfqb
3936645596,ktjre
7061913401,vtamh
8635588764,tqoby
8783401290,cvqrh
7071387859,fckxs
6551715756,rdopx
7240944373,jswbl
5020732187,uazrj
3089635930,cwrkt
5552905746,jenld
8656727824,rqqsn
5198141570,qobiz
6822767200,gwzrq
7667206053,tvkrh
6826968310,jdqxq
8131806311,rkpfc
4684913608,nyhgw
2703011264,lrxkt
2308007843,kvzdf
8824153369,cziic
6677062574,tkokm
4982987405,nipae
5870675372,shujw
9322189572,mgmlz
8421094877,uoqug
6417796634,mvdzj
8054537892,frvyt
9171822912,vcyll
6442066707,ltuee
9620867169,ghkbm
3686832770,bcmtl
9679620467,laciu
2992307012,waywr
2325973406,fijpq
1732062331,hnmne
6881784644,ckebf
9133330624,haxxw
9869043360,fduvx
5373081326,xeqbf
1074306342,wdgjz
7819323836,tteem
2615815811,prlle
9639855832,vwjfl
3908442401,rhoxe
9708649805,wteow
3935211794,ibscx
5173996194,aszmh
4437374225,ikejk
3160458838,ychmk
6868366275,jqvph
7182356942,tipyz
9898781374,jtgue
6011679855,arkzn
5171409822,kujxc
7379020292,lvddt
2646771853,vhoai
3274486264,yqafi
5897332653,oozmk
4377687221,omjng
8334505298,qxncb
4154996594,cjdns
2530813837,yqwjw
8831764052,dgnfk
9222095870,frfwc
7816482274,jcuvv
6106000679,houco
8542521486,zayuv
5891163838,grjkj
8384892662,temws
6015929634,mtjsc
2924909563,fgbkz
6332082368,jllgn
6716879539,saols
1970442970,dhkgn
3068630836,pnlzl
7304666040,whcvc
3844307278,nicah
7182302343,fhhcl
2982207860,uhigj
6543080202,ltozw
8030534807,tzsxm
4724854611,yuewg
6373883008,qqafq
1831936909,qcdjz
5040802870,hhkjj
1778797915,xermj
9316842425,rspoh
5529106791,yexsi
5288480572,ttnsb
5030033160,hiknq
7705992457,mcavh
7338628171,kykmq
1989554114,meguk
1599288298,rkfah
3418612554,mvxvv
1066197522,dovei
3238440116,mgbfz
3670735001,ooemo
5003344236,rfpqg
8264131472,tcsit
4140857525,uuigi
9030456008,gxtqy
5440067525,kebri
8797208963,krabp
1834530106,vzqot
3732420668,ybqsw
5564809601,violp
8402813325,jcdkc
3990896345,cnyka
6270237214,tunfq
3752034674,yvwkf
8023252227,kzxys
8630211321,gcohx
3070937544,akprm
7536032235,lckzm
8668704037,hshas
8491525175,ixstu
9868858952,cxcwn
5656192050,uivjg
7681970463,nmxcs
2368124149,bocxv
8893319799,idvac
3513396219,iydbo
8386543787,ncwdr
4973449972,kugkh
7804864321,twhdu
8749449441,ronia
1616928315,jrgeb
5734776512,xfyky
5663628770,onmho
1566960815,vuoan
8281357495,gatce
6324814997,mibzl
4567951383,bvpbi
8350336999,vuzco
3561000665,vacux
9994874359,vdzjw
4682231413,vmdij
6454695356,ooous
4345044451,ncdad
9895624291,irnlo
5229219384,ywcex
4148621623,xaonc
2642167644,rhosx
2974418274,qixjo
1375605088,meiea
3310466801,iesrh
2332309758,sukmb
6513940075,ctxpl
8868736991,eoiso
1459637727,hachp
9662692107,irljo
9602921935,vhwdf
2093725421,sohgt
1291087182,wxarq
4431950420,mcbmz
6568686731,nfyla
8978665230,xoafo
3185097501,wvlvl
8110771936,zkubm
9748685090,xulyo
9683047117,txayk
9074726682,xzaut
5196568518,faiwq
1127192576,ylnfp
5926516749,cmwdq
7168009681,trrjj
4889863175,lgkvz
1781608757,kszuy
8408228884,omfqw
1010121497,fesmc
9549193534,jqfkq
1182786729,mhvvm
1833469795,siwwp
8056347593,hedmc
1485551532,lhupk
7751485233,ypdzj
3746116125,ahald
6541491543,ukhyk
6007291917,kotfu
9585853538,orbug
4292212833,ibxjx
7629985912,fignm
2618869536,zpryt
7964210998,vntbf
5834515154,vrqed
2827095725,pfmnr
4655125719,lgvuv
9456211993,mohgh
6181142289,dcypn
6309800818,cjytj
9195943032,oorcc
5991501628,twqlg
8387936927,xfwwo
9185757727,asgxv
6375038510,nzxag
8373996829,zqhuw
3313847971,twtex
7136087221,wnghv
6889449954,nsbhq
1114455247,auwjn
9895972601,ggbql
8014650638,yvkzv
2081175204,rmtiz
1863568562,fkhly
8708774811,exufw
2816370459,ywyxe
4828510160,ubcqf
1686238206,wogxt
1272154955,bqalv
6621657323,wjtls
2636089238,fgjwk
5953294399,sklaw
7655887083,zlsou
6970789641,uofkh
5725945866,cjfzp
9856097467,tuhys
8756209135,wiizv
8506174881,npxaf
6053077059,qwimm
8196053778,eqbqp
4790394301,webco
1571620009,liach
9752028605,xquus
8785205457,bfsct
4083046163,axpoy
8792398194,mlnen
2648437217,mgbor
5171200128,kiyue
3336833753,hlfdf
7918309042,weupn
5930892696,bnmnh
9394409368,szlrr
5305334366,gppcn
9410435975,spsom
6545688748,wgfgj
5964371260,elrhp
7171913642,hodum
4655172420,jnwaw
3608177737,vqsvo
4192628467,fmlet
9158914609,xiygd
8412701090,ftjfi
4291899780,tqtrn
1542772208,kzefc
8087137517,cpcpi
1037030055,mtmke
4184846373,fqjbv
6677943500,rxxjm
8650855097,axnti
9377594850,exofj
7124402898,xqshn
3759347312,ahhnt
2475844431,tavsc
7138699326,kernv
4870174626,hbxnp
9615360795,hfthf
1472465373,ihwbv
7460819564,dhlau
3085235145,dmizn
2516706365,nqcrw
9536812898,pggjg
4078376438,wudpk
9490454235,fxhpj
3725139274,szqnq
2326363975,lwdkl
8505747932,adybs
4414421958,qxxop
5340950512,qhgxu
4030569896,vwjbq
5078191845,imabq
7076906787,kztfo
7168612227,ivrof
3305499031,wwyvu
1174386252,ivwbs
3312775346,soghu
1559528781,gnhth
4421502471,zhwfe
3319896467,fxiwm
8281420914,fmcwo
6024412355,vpsjn
5923122900,twarh
9418370749,xvyyv
2422855209,xrbkq
4805539614,lzmtu
5788820452,ktngd
7706203771,ewyjn
1935209047,tkaob
7298695997,phodf
6557748636,xvcnr
6820961225,cpgiy
1916837829,pfuix
8400524953,pchms
7940461307,wstmy
6809911236,rqqks
4203988878,cliaf
9755077556,lzwqj
9762811619,gtrts
2400868106,gsnwf
6522328098,wipoi
8319915163,moqyt
2796207777,bdzxx
8918582224,sqahy
3724583147,kovhe
2942072211,aihzn
3132612610,mbywd
8827318756,iuamy
9239785916,xkxit
1158830387,hvqdk
5243147253,wyhin
7610719625,bjgom
3236970284,aiqzg
8383029386,pdupu
6162632528,wmxaa
6790213994,oahpw
3679175649,lrqfc
8205903314,prlsv
6161317653,roztm
1576295417,iqvca
5915913797,jwntc
5604933851,vdnbs
7411351121,mfhlp
3904947705,htuas
3381295700,qvvot
2778009612,ggfep
4965232064,fmwcx
8565132592,xcihj
5224612166,vpybh
4544177956,nemup
6428829230,sjxfn
2024072345,yxvqd
3016252447,unhom
2623566346,upgpn
5114538510,podac
1670415701,orkww
9680167523,erueh
2518997471,qsylm
8165653242,rufvm
9301273703,bmsgf
8324851248,yoyvm
3170685763,nglkf
1298215635,tnqos
6432565816,fdzlh
6712433084,kaxrs
3264319942,blpab
2411709565,secxc
4690052772,gvkbk
5749831819,dkslr
3888158451,tnjql
3914043872,wndwi
6230772759,tifvx
7226264798,mhgzu
1463938387,nrtcp
9066303549,pjbir
5389492602,trdtf
2006408714,manvr
7222028043,euhgr
8181298520,hwxwm
8967893877,igney
3244556635,dpyod
5811344193,rabhv
2201715012,meobd
9482155645,mfmfi
1579010755,ykymq
4240606417,izpqr
4756917108,wiqsy
7429860209,vekof
5026794987,frqrc
3961066489,ipjxx
6064570857,nesig
3726105096,zxyeh
4469790218,ehrtg
8017378807,hlcix
4565394541,xivon
7288317018,cmmet
3367052079,btzes
3262535943,ylbae
3300148722,mtyms
9444449613,mgbrt
3239222554,uoyrb
9419967863,mxzzf
6898074832,hkqqp
2269950483,jyoun
6978569273,mhnuc
6345432573,kspnw
9236725186,ntmbo
3703934575,izihu
5463062000,wjaml
9772585201,sxnnf
3490452666,vdwmp
3228925649,kpmgn
9635061800,xrtmq
4009437425,xmdnf
8334118852,qnbbl
6553377879,ehjld
9840486246,qvnsl
2799032240,jeqzh
4813563091,nqltn
9313651316,uagvn
3411932830,hpnvv
2151567359,agduc
7556564530,qzypy
4867204011,zpxak
2026248069,zhrkp
7527462156,aredk
7854912142,butgn
4253110596,lkxbq
5520814941,ijqqx
9031982990,wqhzs
8055522142,qtsvo
7722387703,apbpm
7422280789,ibudc
8814678197,rtmbi
6745932898,gjgsc
5757373565,vmysh
4952250756,qdxei
6258446078,jdhgj
5799732507,uthxv
8299719926,nhrtr
3997043121,pvlbu
1468219909,ykaeg
9151066564,uyssn
2162020632,drjjj
1882425445,hravn
2278541757,wuysk
6632142509,ruhql
3929850446,fqlau
2761457760,kscxh
4628602135,lefqc
7372378506,vmpwo
2209931053,nnfyj
6560708950,cmmuu
9639477344,brzvf
4973526839,cqiwv
7080818415,adeqo
9408357602,jiwlp
1098481959,zyudw
8197351675,sjmks
8008833349,hamid
9104720539,zjgzv
7668919472,ikdrz
6552516557,oursb
8303455633,yvvsb
2337973282,ngyuw
4725637868,uluef
2486948442,yaksf
2514522261,etsrl
7514058120,qhtcy
6087157797,rpvwa
7789911258,hosjb
4818952963,zioyy
6404608094,mpufy
3680221817,zrawe
8805147085,nyxny
4846131978,nsttt
6644420835,yxbqb
3063328169,srlys
3988034051,puwcv
6925816462,vzsxf
5428032254,mjpqe
5515494697,rjojy
2361059262,vxqly
4362186938,lvfrw
3414754712,hymvw
5191589230,cwzjp
7297390593,zobpu
4008535604,ekdcb
6117572209,qqqnd
4669555406,pcjhr
9817369644,dwjvw
8472805836,btvnd
3221106966,btwpi
3316703509,yiufc
6150649440,mihri
7194325339,khbpr
5617950962,wvlgp
7701649299,cursj
8080533072,xaoko
7829095440,omyzs
2931901771,hpeaf
9677138825,jaqvl
7588480911,isfwv
7458218621,jcegv
7843402985,tshbu
5299398000,yqzgn
9568057475,orzkb
4703884474,qlfbh
5221861131,zuwsq
3592977863,hjjqd
2026969815,vbmve
9726216412,wkqjg
9058158431,pkoqa
8807567459,qwbnq
6730943732,riwaj
3850140725,bqtos
4619988221,fjgbn
2585010493,ppenh
2567296692,fgjqz
6944465436,fqpyv
5764765041,txrvg
9838675950,gdzlh
6335421677,zxyuk
7858361266,kjkxm
4463813885,iwyru
4682993027,ssdfn
6132260047,bfkll
3212919112,giorr
1476616990,tpeqe
6510592309,fghqa
8389497763,amswy
9461972195,xakfo
5962100917,zrzbb
3684650452,drgrv
1081232182,nvekw
7852819028,sxjli
4968948704,wijgl
7303397188,vnpga
9661227893,qypxa
8059313317,jpqjt
6982938854,jspfm
2077773919,tflaj
9351175760,xvfzg
6925518717,iirvg
6246754753,gqvyd
9683410987,yvfmi
8235940252,ladnf
6964811994,hronw
6067812487,eacgh
2924800628,ygkya
9717122586,qlvun
3960182547,bficf
1731790134,jtikc
5680603767,njnir
3518676886,hwhly
8639782511,mcfpi
2463928762,tihqf
2145501598,pzvrm
7974305124,ruydn
8954906570,qwbez
3627742076,hzsgx
8683087439,ckgxx
4322595027,zhtpj
2150851827,skjel
7034337068,xbwge
6205797552,azncj
1940611515,woucz
1641766380,ukbww
4329020508,ilcsb
2868926315,mqovu
3262775122,onfrd
8656850555,kcrfp
8953134708,yjfca
2997945779,gumfm
4188680663,vsuau
6828165526,utzcv
5222453259,yrwrv
2433929722,muplt
8787906031,fjqvg
7316287611,shmuq
7518941573,vkkoo
1956587756,ggrij
7044990814,scjez
5668288497,evplz
9867693751,dtyon
3575767538,lagvv
6514065712,gbuek
2403716532,ynxgd
9959869513,gmuim
8066175027,oblpk
7336328985,umyrs
1763620120,whhhb
4898257369,iywcj
3132547407,dwnwt
7069854450,gbpbe
8269072216,plurb
7560517669,pxjzp
9566997754,cbhfa
6963465040,kfyuq
1134437741,lkebm
5974289518,lgdpd
8284589250,kcupg
3609067802,snenf
6203689503,aulos
2384897546,mowko
3085293600,gqjzz
1930144580,tocid
1640348272,ikcsf
4491529679,mfrwu
8680490734,kyrav
8157790893,ispxa
1296839210,onywd
1695117300,hopxt
7579094320,pomol
1909502252,ncyna
6881422555,ltheg
3355619515,knrjs
2836057814,ekmmy
1010340276,ykstx
2945163126,sivol
7292184112,zrvkz
2552482642,aojqy
9602855707,rsimi
2501050418,ycaka
2808835579,xiokn
4923675916,sgvka
4608959093,gybty
1027907154,orltm
9794326974,txlcp
5968529430,rwbdv
7735527080,seeiz
1187899298,eitug
4929725248,kkeil
6420358883,kwjvm
8830587764,tvvzj
2169514930,krqfs
6674430417,pbkjd
7157241416,egruv
4728748862,jfnny
3232157086,mkbke
7073146876,fjudq
8433593966,syurn
4435287776,lsftt
2505114884,mkpvw
5362384663,idfui
5354367357,vaufx
5756077776,bieed
8618802125,ixwdb
4630752696,zqjle
5852582316,ckdkv
2764968625,updmn
2897684285,dfwpx
9293103335,fzewh
2436754769,dnzsg
3961555638,rdggo
4671159643,kdbrt
1797764612,evgcr
4459587177,xhrvu
8833298662,qrtrt
7601205926,ceguz
2947543996,ltskh
1540189896,pvfcp
2694526571,jiskh
3728414131,zsvgu
4177053039,vhvig
7757419392,rcioe
6743931639,ldpag
7014926452,rayvr
3815036757,lokpv
6507539825,rlujx
4623206065,uhthz
8868152575,jxtiz
3208721773,itqre
5284516466,rofcd
5918685170,wiocc
2482357889,rkmag
5646953295,lahqr
9797791963,psyfq
7714279368,kpftz
3087729904,egmli
2120589208,hcgex
4574793687,xwjzj
6471710752,okift
9856662152,izrce
9005954318,tqfre
1608428586,ucohc
5609058504,gqyky
9802612118,lqvfd
1394262476,wmroq
7063764361,uizxs
6139734985,xsflj
9560815404,krzom
4403128618,azxgd
7319766376,mdwjo
8234656201,rcnha
5594475777,rlgcj
9390567484,vzvkk
6524011228,cxhoi
2972875712,rqulu
4723961601,noxec
7432629615,smpvm
3331546466,khxxx
8777754322,boqht
3128055353,ijwyn
8596555121,cmocg
4331172055,imrvz
1454599969,ygepn
3847609513,nvowb
7732698550,leycm
7587696426,vbiwz
8232002222,zgryh
1001525728,smvii
3169316693,xgtfw
6321244098,brwpk
8272386642,cqcck
1067419714,hokgv
1389043814,zgetm
4862425802,rbmnf
9857248257,keaxg
8506057098,zygmo
8003741777,tpftz
4916278774,ezhea
5232925463,pwfjz
8417415701,rryrx
8738526723,itfng
3315656133,kegqn
2191975859,qjhcp
5446176579,kruwg
8705779836,phqfy
2798506009,srnfq
5288727493,faqda
8739911697,ilocz
3646525818,righy
8463739008,etvtl
2823454489,yzyth
1612182438,jcekb
7636855195,czpyr
8334003778,kpjkg
3019089112,ycbhs
5980130607,thlcr
1251610627,eqpot
7279100635,aqkbp
3069028682,nacfu
1308567710,ftgjv
2294071383,qerez
9116981825,bnhbv
4050092405,rfvrd
1836875806,ejvbr
2636867029,moykj
6363185240,rdkmo
1285009629,paghf
6174110913,egvjv
2144882190,ljsvj
4970727652,fzyyt
3762533631,zphup
4710341488,beozu
9122515909,gyksa
5312709769,niqmp
5828230624,mfemc
4868033328,qdora
7267412715,olzml
9701452911,jxulr
3444807731,iaauo
1852166758,xvwfk
9387336723,ldkmp
7829343400,yhzwq
3616111035,oxdwf
5833820186,avhdg
1063695189,lymmn
7109505671,ouuwu
7258386394,ugged
8152736139,vwxge
5556295155,gzhxh
7905487872,gwsue
1159906487,ccoec
7169082685,wkxtr
8659717561,patkm
4030035072,reeee
4298687402,lvhkv
5017570427,rrqgo
8428078861,ydszw
7804355880,ojesd
1491020067,thkms
3901734679,mjzin
8880429880,smixp
6052613503,kania
4737618396,hkzzz
4772979537,dhkfo
1746206748,ukusm
1420796173,tfwvl
1882028829,xzrsd
4816530798,hpblr
6828710580,pvugw
9952084605,xnjfu
7728553285,lukzh
3840449166,fljjq
2269139524,uepkj
7281173394,prxms
1688767646,vqadg
5490973202,qpvwf
7316814698,ydyku
3980834564,bhvua
8902924238,ajfgt
6111994756,xqviu
7079526884,yindy
4251530160,rashl
5583553020,hpmpv
7248078959,ckzzj
5114820966,vowxv
2733237831,kibva
6111306121,vxosy
7307980548,mucqy
3300803259,rcpdi
5922021629,hfllh
6413242968,rlmfh
9907998067,ywgfa
5005378340,eprdp
5118827773,pbgvu
4687240405,ccrvu
9811702458,rdkzx
9728461336,lsfzc
2332728429,jhoks
3868632083,mhjtp
3256321166,hqtpd
6014045440,zrlnt
3926025584,qbphx
8078755563,cyous
6203736485,zvtbt
6887175579,ddifn
7263393046,anesj
4438954297,nhvux
3565184516,ewxxh
6938964200,wxsup
4036309828,uruyw
7081534920,pxkzc
1306116340,ajixy
2824385526,gbzdq
9565811652,zptlg
9570015301,gnzuq
5584394627,xkewi
7885169918,fjlpq
8395842869,bmyup
3570177649,engtm
1294142859,nxitj
2258433500,jeivc
9256972052,hsnrs
4646451599,nmqnt
1814196306,ueucq
9335940491,vhrgg
8572386399,myode
1598344031,osckr
8749217728,lxnbe
4757000919,ifghy
2855525624,kgqza
9253428123,blhlz
2275347279,vepjf
7981501169,lzhco
8214517381,cxear
2022483868,cnrip
6318600815,vyvve
4027384443,kkjwu
9038342792,hjpuw
4675723707,ctzbk
2727550419,dtayq
6478680623,edjtj
1141599893,jooks
1569678729,rhsvg
4846345545,uicpo
6571613725,nvrpg
5080451484,nstld
9431047489,yrvmg
1380972405,jppxt
7897472538,edxfo
4977801521,arkvo
2538006634,xavik
4415270296,jmlde
3724990932,kpeyu
9576785103,ldeui
6017615169,ielni
3120580822,alhrf
9576955639,hsicv
5240533366,lecxc
8968592521,uinvr
9952860150,aakvq
1712054642,urhzs
2155768749,ogjrd
1189987861,zqbiq
5445015269,xkalb
7995571402,wnqsb
7052988075,qwxkb
2799213723,usvww
1066986462,jomzx
1195765706,usuxs
1907854947,vtqgc
5054307887,qrfxz
7943687471,enuli
1793446996,pvgoz
6156190408,ffcac
9882972887,vzslc
5724044813,aoljy
9007384589,rsiuh
8284723255,qfdjq
9128773887,nycyb
2438378284,umoxi
7069805953,jzcav
1079288770,tyjgy
4640655623,ycjed
4698491348,ikzua
3020682670,dmtog
9038845441,inokc
4576896060,dzbcq
1324543324,yusvu
8658686024,ltjts
7487007764,njfrv
6927429011,sbeky
8704870831,brtep
4256037560,tnvul
7242413170,ncmpr
9198232223,fdfsu
6764871462,culpl
8660212229,ypcug
6495614304,smquo
6070604117,wgylu
7435439774,oezny
8315545398,wybzc
6819745422,ziubv
8995591225,aezpd
3778972812,huysc
5811997214,srmyj
3116378421,wxwtu
2237084873,uhgqn
2933933309,snajr
4989697132,aujzg
6371459924,whqau
8334160602,pihwc
7030479116,mkama
5298136317,umohr
7307567138,eyhch
2604993844,rewki
9988804849,wwnwo
9854615942,pbxog
1078355379,tjqky
6730474292,fiogb
9069639895,oefgw
6668563899,mmefb
7581593231,xzspd
4419427845,ytshf
2702550734,lgnvu
9296987387,ucnlh
5779821971,betrj
2690540151,apkpa
9243862355,acekf
1920745687,kgsnv
4725227770,fabnb
6044503395,qxvnk
8067962489,quhzs
9007790261,hjlzj
4885836633,pjadx
6934691531,gnoak
9371134858,ibyts
6415304500,hpurt
6862599774,pfpar
4519148781,odrsq
1304467302,pvghp
4187456224,lpjld
6199352881,vvxqa
8888236539,xsaoo
9825190277,fwvui
3632750257,qvjsr
5190952146,lztfp
4629780490,ldnyq
6176403746,qnpzt
6543878058,etydr
2327046206,jsxvc
1774678997,dojzx
3406190559,qqflq
3572238816,gbxja
9774236075,yhylm
8874536478,wxckt
1933492015,qjqho
2384383425,uklns
6792042742,ivcpo
4571783201,mejqx
5909406097,fkhsf
5295238793,lxeyk
9004545177,ynbbb
8728610519,oukss
4181093133,jezht
1994104708,eldpb
9811472347,tbeug
4217483592,pqqds
8534659835,yxtvh
5446445687,cifwk
6901348737,gprgi
5572090701,khgoo
5159255879,iuygi
1723892894,lwzjp
6278212328,xvesw
6395711971,phpwp
4530494143,oqpwu
1584345583,zygay
4015510528,cubkv
9220383549,johtb
9276253145,fbyqf
4347028812,rupeo
3832635546,rhgwr
8540327404,fpluc
9884947405,jtltu
7849923029,gusyd
7331951942,mvkkz
7063676676,uemeq
2602684096,yclkx
2202605772,qvtco
8690002118,exwpt
1544154997,hbrrj
6894300179,wsxsd
3528614398,ardim
9670246961,dgler
3960323375,dhygt
5925050519,swwzf
8100277129,fmxnj
3808821291,iokyv
1082116008,dybpp
1873511342,ccazz
7709303179,pqpms
5408283439,kwgyo
7896438165,mkcoo
8213907979,nqiip
2138459301,xbdko
8811913045,fhalf
8149311283,auyrb
2039230443,csfuf
7278355727,hwepo
6873222382,jxkhe
1060397555,kgfgr
7084607045,pwtrb
7183820666,lpwsg
2213240747,nhyye
8015049060,htitz
9809544147,tiuua
9854916741,qcnjz
7435783062,wiesu
8061269037,cmuww
6857731909,oldtc
6374476817,vlxno
2946217543,eunhu
1741173183,ynenp
6778906813,modqx
8710174259,mjzkj
4239140630,efaxz
4561929140,tjgzc
8434044286,xxwgq
7685314681,ncsvu
7289232613,brwyk
1685234937,eyhak
6994206646,pqjwg
7590717596,iccvk
3361280615,adxjw
6323415209,kehkq
7275688419,dfgwr
7892652063,tnjau
6223324305,qjwfo
6480247935,xpssi
1241676852,upvny
2386767948,jdcgx
5471731291,hetii
2526546833,frohl
1407579587,aydzj
5075742902,ibmiq
8460312928,wkdnj
7340984423,rjksk
5454785109,vtjip
6859310347,ddlms
2026435639,zvmka
8758565470,jaqed
8654176579,adwwi
2664190226,dandr
1871375135,bcnsf
2444172348,ybswv
2439531092,sdzyk
8311126808,beexr
8260821715,agyvy
9011574953,hrszz
4832416621,uftdm
2451921308,aftay
3736009336,tvbot
8100536402,vzevr
7962094066,lxfcr
1728392924,nbkma
5691616146,aivca
2275606341,jqhhh
3494554759,asbzz
1923206171,mvlin
4589282339,zoyqd
4054433851,eezsc
4341017728,xepos
8455693233,vsgxv
1362973957,nnwue
9185250691,ynodn
6016502529,pmvnk
2627055455,sejgt
5842826563,czypy
6163383056,pwuly
2578479636,ajoii
1757932907,ymixb
3263517390,sseil
6992462721,xfevf
7266994854,vahzx
6272782173,vibrx
3048174652,bkefd
6109358812,dfyvz
1047055501,njcyx
3770913826,vwouu
5478768993,luvhm
3258517038,nnjyz
9712492733,rpnnx
2246018521,pofky
6123910209,huvsl
8656882545,xflwf
5570641489,yvzmu
8913581840,rfwww
2548894327,qmtlx
9280708154,wsvbu
6260397203,mjnld
2057716027,tvkmh
8786435839,vedyu
9901276724,vaelt
8282761553,jlmzu
1193358467,gbulr
8096951347,aaasi
5943117864,vcrte
7812033093,qnyhw
7080477524,cgbii
7885510227,mausl
9555745634,ocrob
1765257694,pkfcr
5129754194,hdpot
2458588014,ssuwi
8605808680,nwrsf
3879132609,fcsmd
2873586506,jnaob
2747956497,rescd
7797843742,oesgv
4825557198,pjegu
6572449778,xoned
3287908617,gyfjl
8769722511,laywf
7502371873,qntbs
2587639671,kbicu
8252587600,cdgxg
7598409063,wyhjw
2083969784,uqxie
3307105952,hagli
8533272380,xicoy
9947558887,wzgfo
8878930779,dwrzk
3897245091,krgdg
1371138686,onfdo
2670858894,smnix
5300155572,ijyid
4168998698,aukkv
6753258146,iwkde
9412334099,cvhoc
4345870080,nekbl
1202473095,hygcy
2949950273,dfpmy
9144259249,btwrl
9060490207,fhwij
3673190399,susdd
5777668982,qqcnp
2923160786,otoct
5558919339,xvwak
9431413293,ywmon
6766001469,gbugu
4677909335,givbn
2768883231,xisic
7151187839,rzphi
3936438404,mpocm
3977682502,pqvwg
2255510529,aqong
9064602644,rbxlk
8063652745,zlzix
8291065047,zthfz
1688052926,caecv
1061704152,xopld
8559994553,kttuk
4085112888,mnsmy
4075708978,kwnuo
7171970259,vkcws
5396708050,kvmux
4883773550,oduwo
4827623600,lqjoi
9299574898,iyljx
9823036302,yogfn
2468895925,ngkls
3918417277,ktnka
6222366496,omcbu
6828132947,ikowr
7645137981,mmgdj
7662172257,guglq
6299969690,vvhcr
4463796875,ffcet
9516236624,lxkrv
4994842512,rhgky
1994175518,xcerq
1797012626,ejezh
5292766920,ddein
5882439923,bdyeb
7955820766,ipgmw
3738534208,jwarm
2931875754,qyrbc
7827918233,utrmf
7160356204,teuef
6955561514,hwmyf
2241269246,pqncm
3669671569,jbrtj
8275999826,rjade
8790109261,hmrdm
2954634450,nnqly
4780110873,bagvz
8790703831,ofgsd
9542900022,qvtat
8547722342,rbise
2841320748,ayauv
7289276183,fsxte
6866814682,qfbsc
8812081790,juuyl
7755970002,vixee
7018594936,bhebo
3572764846,xcdbo
4796228343,uanja
1484094419,xbxoz
5716463081,itara
8848827633,elcpj
8310301580,psfeh
3912448618,nvwtg
6596440255,yklrf
4779048483,bfbyk
4163563068,nifxr
5184819507,cpxnn
5395590290,kyqsc
1575026106,hzlwx
6491826506,uuygb
1436626994,vgrbb
1937488969,iiyht
7077690181,ismwd
9333684755,bufsg
8734953795,lvtxb
3054211752,wnxxw
9235561835,tmotp
2439862478,peglu
8002669202,fpzgo
3177601553,dhuke
1529300267,cecus
5659333188,tffhp
2956695846,fmkwa
5143378306,pakfm
1075126437,yipwv
1269847727,zxpma
9200693214,fysny
7894716314,huxqc
8858159253,bmwcs
9322400536,dqsnt
2891782819,xoasc
3625874936,fquke
6304089850,wgpfr
7905024442,ncdlu
7485154051,fykij
1904136036,pocjk
4371621633,bxvsq
5118171901,zolso
4771463100,hkaxs
9813433641,xqorv
1797269774,nexbw
7702314938,trjka
6314527767,fkiwd
3351867287,osdgt
4094498921,pxdwt
3202839837,vudeh
1595331987,kavin
1522575463,gmiyd
8836373438,ehvsx
8669402188,daxuh
1890320401,tpbbk
7529926300,jwjcb
3309637711,nbtfe
6246598478,mpksl
4272005439,uydhb
6273597868,ujaze
8779796495,xhahk
9540156743,cfvkq
5278831828,ovphz
2031535674,megwq
9270377760,kusgo
9850404957,enpvt
9137171136,nedza
7586349551,xrbfu
7677808380,udedv
3097079428,nkocv
6489731511,mxcdx
8055120119,titya
9224081056,zqdmi
4785477049,mrxwx
1836899348,hmwyt
4250284002,maomi
2745564620,aiynn
9549381934,zdsfd
7222603091,ziykb
4122055422,nqrrw
8602881893,hvxsu
1920591615,vfiej
2149555931,ohwqr
4146960841,ftvop
4721929865,onhwb
2608597278,wmcwp
4650912193,wrqju
4472742165,shjdw
6786534871,imeci
5932273963,pzyzg
4057471812,jnyao
7741464272,skbfs
2815926747,wbgmm
5386677862,jyypn
9665763905,ectta
2025094223,ysfrf
8487571143,rglse
2832260120,tjzwr
3158489973,ctxhp
5572990350,bftqs
1666233594,umszm
9846854384,lxveo
1579689841,opoat
8899617705,kadaj
3196422113,pontp
7464350222,oewtw
3659623093,owuiv
3906557191,gatxm
2679662668,wbwfn
6609990143,uqvjf
7735933755,bkokd
2826661644,jtzky
1924124935,wjjbi
6297432016,bfrua
4856225039,flnce
3191857172,sltqe
3431820211,otraz
4351726754,mfokz
8548539629,cgrbr
7642996740,bkvsr
2531465662,kxidt
1720391832,baqbp
9281609209,pacrk
5246852997,scyvj
9239739692,qfptz
7438852250,ustvn
6640824550,mvalg
1475796642,dvmns
7763019659,fkdrn
8583867718,njegq
7823739002,ubrhc
9602866371,clnpq
4629847764,vjpdd
6724546244,iojks
2708378999,gxbqn
6440043411,toyyi
5147014476,kwvan
1488978276,syybd
6252319731,fpwkh
2424924769,mvufz
8158298251,czbmk
3919976848,gsgqp
4233446322,vizpm
6907062139,sklek
3586571506,tjmnz
8334333545,xxllw
2948658616,rqaaq
8700683246,qrzfj
8601139128,lzlzu
3192197005,lyphd
8614442888,llkly
6430248338,owmzm
1887022235,bfajo
2985209036,orlrk
4690949656,vwjib
6680153545,arkcl
8530088665,fxsfv
8660796552,qozhd
2101097515,uxbzw
4710345352,irpzl
3636480970,ngfcc
5178536439,fmind
1423179410,zybep
3707270140,aosjq
7302689919,ylcvb
8745839080,aupmk
3829124817,msxnp
5452439378,enjkl
4027827666,enjru
5298885659,atpet
3666313877,pphpd
3928061072,fqlff
7025882406,qwlge
5054947536,npass
5718817973,skryg
5664135988,fkcrc
1860428239,awkrw
3230548161,kjsox
7920393918,oblhw
1184346808,dlkoj
8769141528,stvlz
5090147258,oomho
2857468149,nmkvj
6785655087,qbdmg
5833375915,vsnrm
8467086584,zmnnr
7699510701,iyufa
6590283978,craph
8336535646,eaxfr
7442009026,kzsvg
3890173429,fbifx
9950608557,pgasu
4210136346,pqhay
9918687770,pqogd
7371933330,annxu
9667182278,citgm
2684317858,revfy
1214979531,rybms
8111294593,awjdj
5785021871,hpfqs
9959913869,zqzgi
1480637942,xysrv
5593206742,gtrze
5953086327,ftiek
2560775914,eadwg
3253144984,bgqfg
1435568615,tfxff
5757171054,ltwwl
9628301810,pmkpf
3725755522,ulhqb
7398673552,cgrbb
8301240198,dshzp
2951572630,azkti
7273451264,pvjvh
9048122986,pmwpp
5244040739,utwii
7740751311,cfxty
6280677209,kopfo
8198588113,zwljk
3629235574,kipmw
5201816729,eeywj
6987727042,krlpd
6830534941,txmyd
5073982308,axrtt
4908941408,xznbz
4502578677,zcvaw
2662039339,ktzzk
9696722675,aotpn
7035200553,yrfxi
8715844422,wzrxr
4449491396,mvmun
8075884047,ifctp
5634465943,wcwxx
7551666370,ipqlx
8080571975,pwcvy
7704167679,utlms
5404441473,lmdze
3355585493,hlfkf
3788427472,zpvrd
4102562200,kssrc
5393392141,arrbk
3855181238,zzueu
6448821886,vkoru
1607525056,fzmhh
1682124903,nersb
4568919171,criag
3017037037,csgwd
7313910748,wsfhz
4580243544,xaohq
8266838682,zyrye
4976290639,ryblk
9120151301,ncjst
4023047246,aiykq
1588076534,hucts
4092100254,jggps
6062263841,fcyol
5324585186,vrtcx
3525190072,pqfxw
4560004533,wrqrz
2158652963,rneum
7683152304,dvrws
4826708682,nghyv
5889290835,lgxaw
9914829660,bpcqt
3561536128,djoij
5611035076,ovzuf
9411407533,wystp
5660768022,dajjb
1961576386,byywd
6666015113,cjnfc
1922376621,mswhh
1634720826,rjwbs
7063639822,uqdzq
5774940701,faylz
2463575738,ebuhh
4879990003,gssjz
9138816716,tmpmk
8828858857,yytmh
6741691781,zszgx
1512024309,jlzjf
9003847612,wctjt
8516263321,fyojr
9166363983,hhrjj
9166337758,glmpn
7764734305,tuawt
3862862384,bxsdz
8832952231,ffome
6314288512,ckvzx
4128505605,uhykw
4048154072,rjnvj
5164049791,jntwp
4334650686,zhhqe
8097496341,ovqbv
4844477984,mvbrq
2932675414,wwwof
8957661079,herpl
9783615691,nobcx
4376549095,xsldw
1239132090,pgoyt
5235785561,wwuyy
3643898092,mjviv
9891685620,llqhh
8059139494,bwdzw
8394273583,lksbi
4671087514,uytdr
3421104988,jvpgv
6604585223,mupnx
9866446022,jbuur
8932432363,idojj
9633628566,dscnp
8282765010,kjssm
7735742190,qfqgy
5609886171,imlkp
5783294191,xkeje
6688538311,tnslz
6107483895,hpsqt
5336005249,pnbsn
2034597550,eesxv
8929761806,qqjvf
8736015406,iimlm
7996563812,xczle
4875879233,izwlj
2160997490,pcaxi
6271238929,zygmz
7438606675,edijh
2743687278,pzdhp
9918039523,oovtc
7707630437,tlovg
4520278784,qmnzc
9318424201,mxhqo
3731446614,dnwat
5018523257,pvniz
4572102895,bobmy
2538990046,zrwev
2024236445,oasvf
1254164480,vgjbh
9493146164,zidnd
5531217996,qgyfc
8597242179,cxbua
9416025656,ewdci
5089263418,lkirg
6396320152,dxawh
6895404880,lfhpn
2445068904,mtsvl
3297196284,xmhiw
9607485264,gqiqa
3523626531,pxzek
1592291374,mangd
2215589933,tssme
1958915512,tvubh
2515603091,xqmml
6567934417,axpkn
9698347132,vkrdn
9554790630,zwrxj
1987131379,wbeyd
8300809236,dvjpy
9200806507,tpqla
2653460417,btpjl
8650447290,pcuwo
2721840918,dkjkt
3939827832,crbmn
6930099719,ghgxj
7978182458,yrbgo
5115109185,xotyj
6310958741,zzxtj
2990943648,altyg
9825279866,rdkpm
8810851741,ntegb
2517518086,vzcue
3983585757,ppvkm
3256469841,wzlxe
3821269703,dpfsq
2558470272,lymvf
5154525669,szqvh
3005162771,wnpup
9776631314,rxidu
8274046967,gragl
5314498097,acpdo
3758003824,apdme
5438398512,tyses
6168531575,bsfgv
8506955520,zaqpd
2004422545,jfdht
8133278028,xlpxs
5035602260,ygdaf
3850568648,sphqh
4256193944,ufryn
4727245619,zyval
2297365843,tahak
3662470256,fxzie
3482615334,yuolz
9661296653,vnjcb
3192428182,gnrzj
6455163416,wmgbl
8352073876,cfvex
1514762164,mvzxp
3130311977,koivu
8237457306,szmri
5338261501,apouj
2480047518,cajqq
2287833130,yzhzq
6154196035,syylc
4692840655,qufim
8745976352,rajnp
1922196246,isfve
4787321890,mwclk
9725062555,gksue
1483763003,dgttb
8390230518,czlie
8863291860,cxlpi
6141345182,fzxki
9271718691,zhtoz
9219939221,iqygy
4595372118,acdgq
4557518371,tdbbc
7427838651,oqjsl
4054097771,xyfom
1697268893,zthjw
7263383883,ghlfn
2458638086,tsutm
4347416798,llytt
2023679437,jvtqg
4583870005,cfekr
5598883153,odgwm
3998289445,dovrn
8167652236,zdzut
5843224005,qrfpr
4980098508,jevbb
5066119644,syvaz
6796858054,rxcqz
1974512783,yqldi
6096104288,rqzyf
5633146872,sizeu
7911292165,yydkd
2657402694,rlybz
9659778418,gdsbd
9534937040,fsaet
5739622328,trajx
6812699325,bieek
8314353342,drhkx
2875505843,stllq
5154833583,nxjdl
4238508310,hvlrt
2503303066,ybrii
5206023122,rgsjr
4905527376,bpnyr
7009770562,kordy
3919807435,zpwgr
9931903236,mcihy
3234576184,oitqo
9755524024,whtmi
1874875232,tvbqn
5770512876,faflr
3245898013,qfjri
9016668014,avtvs
5698920382,qjdaj
9603410233,bfgpd
9449341288,piutc
8265364656,fdncf
8410620411,jmjia
3802925446,dipdy
9176596657,zqnrw
5817774404,gkpwp
9432205941,uvqyd
2063670333,kgugj
7754963134,chnma
4989901191,pjaue
8006401643,yauex
1863080632,aokrq
6686494671,ststy
3151185931,yjycq
3403238428,ylloe
5987100024,qazwh
8531134077,gldfm
6892244183,xlewi
5039443091,bifhi
1277479777,oxeiz
2850384484,yngxj
1219557568,oudtj
9729655361,dhkga
6641985030,vokaj
4078542233,qclpu
4315645057,eyhqu
3079652520,ibsqd
1247330870,dmjue
5806626868,vyuwn
3298126549,nvnqx
1961022235,elqqa
8399112388,johxg
9205608377,iktxy
2995629539,cdbql
9473083707,zwzlk
6262119659,osoiv
4657006784,vhikr
7925156941,ewlog
2828160917,ndtfi
9617358288,fwpey
1820389173,mlmfm
8488815823,twpuc
9981263885,aclmx
2807346078,zbgnm
4868920849,svpsb
1707707101,auqzm
1691604775,yamuu
2832664743,yspni
1082420507,sqxid
7679138108,kpzzq
8489327138,ownrt
9082363654,hlozw
7954271419,vgtuz
5552258502,fklpv
4491052793,nvyoj
9377413170,whifm
2485561294,bqepf
8906124154,tcijz
2449825876,ryzxi
4065681096,cvhhs
2560591143,ftxht
8985788518,qqdja
5155358501,svtrc
8595334694,nsjed
6794204745,hphzx
7750639791,dlojd
5237698533,tudss
8478990422,hhtvh
9695181533,hyiij
9395923215,cxqjq
1104122914,fagtj
9539244582,lnvlj
4616764228,fxtju
1281117571,cpcew
6142778390,ztfzh
2067469825,siykn
9155549341,ifmnx
5245082216,exvnj
9237755734,xgoym
4971944510,dydcn
6856298377,sjwui
9465156961,lajxb
7986630570,esqyu
8128025453,wnizu
4733689233,dsrow
2257599379,nckjs
8097497288,dhura
9528137882,oxuyd
8323496871,sufdp
2648109822,mkaui
1332251595,xntso
2122061687,vxjbg
2630365577,xuhhr
7246922809,bkbbn
5145282350,sytei
5154564444,stwxn
6415427542,zjcpz
9379528539,lkoww
5471267913,lsbdz
9670546513,sxyft
4170022369,nqwas
1863729550,tuhzj
2435072763,rjyvu
8255090862,rktiq
8933899937,kuwey
6851764510,rlgtw
9383181425,dilry
2868009896,xxelx
9298707302,eqvge
8850865867,ognig
4157093997,dzemg
3114036022,fbxtp
8437416656,xtskj
2126855168,ixisi
5846516158,myccc
1154844653,muhpl
5115697438,glknm
9137689899,xjnnd
6992006599,ogbfb
7658749970,gqshl
2734523299,sbqqf
8138554665,vlrbr
8883680492,enktn
2264192734,jzyds
5336103874,nxxhb
6851717284,yrvya
5921035120,cnlpn
6565777236,swejf
1451790922,idrys
6273719333,yhfpz
8911779929,llqzz
5520283922,jyquy
9544622457,ybxtv
3369202940,ltide
3946552656,eeogr
1784517054,extvk
4971755696,ybmdi
7454649034,nskow
5669402562,vwslr
5865730879,kcusa
5990822879,tuabi
5369089841,jmawo
2178441804,hulcc
6374059559,kqwdi
7153727764,pznql
8441014371,gwnlz
5536977753,qozjb
2823372670,nyuwq
2482215958,gcool
4905119343,gqsfz
1887339141,czkfv
5167982882,heucs
1467755562,glbom
5664548807,wlafn
7176220832,xngso
1870762510,dbfen
1726730756,sshpk
2639552215,scbla
9143017664,gguei
4012874701,liejj
2704296761,vyhnt
9820056330,pxuog
1264985593,tjvfr
6847325926,feijk
8165405838,qyfzb
8770282309,pubcd
6100868471,vvqwb
1053219527,zhuob
9270725270,yvqyx
7685556037,vcppt
7484882208,ukjvf
3835695337,xfgza
2586428886,rinvs
2671289949,kmeey
7823903340,uqpts
5918551301,gmlqp
5577456142,mfuft
5344915001,qspme
8859602751,vxvqe
3393385019,gstcr
3473046885,ymijv
2450989422,fhuuz
9772330642,kmhop
9513088914,izvpe
7462880044,oubbz
9717913371,rzkqq
6987192352,qzyjt
3606639811,abgvm
7333866934,kkowp
4153659324,fhowh
7488760548,hpwrz
1436487822,fnaci
9425040793,bgygh
8045235065,ngznm
5529981838,gvong
7309671795,qdkjh
9287110270,qpyni
3674432537,ffioy
6512058175,ywpwr
9350150014,hodwp
8273717655,fzvor
2331496394,pmujk
8290688444,rtxbm
3199521027,viumf
6214619258,bmxyv
4807660547,wijlv
5792703330,ubhhz
3862341673,nmztb
4233073267,xlhwj
5723511253,xpbru
3658851342,aftae
9037254559,mryfe
2487452693,pxlxl
4571107032,wdytu
7543148778,bkmkv
3853072466,yxxqg
2572786266,oxjdd
6733438135,wuiem
5161593563,befyz
7659949270,dzqzg
7953917610,kankq
1955329179,gqpgd
7900588910,isqzx
1474074490,uitur
3516137161,sbkwc
2848305251,mvdne
8230454356,iazyy
7060225427,zdsgx
4078753033,ajgpb
4306929416,fsdig
6366040168,dhxas
7831719392,gswip
7173790075,spdvu
8498543514,xicnj
7140084886,qvuuc
5664438075,cvjxm
1686860279,ollvj
8860236724,jzqeq
6675791504,thprh
3602820599,qxcxd
4804762320,fnydb
5997381782,bifsw
3533801394,vauah
5083781228,gugyf
1471516773,gjbkv
7453501447,xzqce
9956953493,bomjx
9390712242,pegds
2827591399,tyshl
3459496490,hfykr
2541114236,fobsx
1849206349,psctx
3709714634,yixzr
3601091198,frbmy
5391126678,ytkwm
3384809435,dxpbu
2136665268,elwet
2111736395,ijwyh
1076361749,zllhp
3452088100,iwwis
9263466414,qrzcn
2498740545,yvbtf
6625097476,osuil
6482608379,ecdus
7533468844,qbxey
1923772794,afksc
2096088898,coxwb
1347542121,lgehw
9855712041,ivzkq
8112848868,wxdhg
1588674738,eplbf
2491911724,ncdtx
6077286778,jmcbb
7318583547,iwnxl
6267086827,eoepu
8822756415,brtyp
6853214731,oifzi
7213522721,ankss
9439532896,pnpez
5665447949,pdcsm
5036876359,suyyu
3408344569,vjdze
5666320572,zrnbv
3176009257,pnsfj
2873553734,fivzb
3997249625,ppigl
2345754912,vgbji
6056581832,kuqut
5273206836,wfagl
5849558706,sloqe
1610234552,goqnp
5993153930,mlnfo
3016091688,uvifu
4795106206,lchty
5158289645,fmrxg
5877101841,ayeif
5171271400,tvjlt
2333297028,wljpx
8533084194,hwhli
4543175310,vllgh
2548216375,eqomx
1238367223,lekse
6815733072,egdfk
9655366304,wiayr
8805313955,qlurp
2081298022,vycej
9693594229,fkwsu
6634111543,pixjt
8625095463,tuefe
7680532918,ohtmp
9420541719,jjehd
8075625816,rvrdm
2948801706,wxgra
4565679694,fpqln
1876434000,jmfdd
7825357950,tgucw
2917373929,ckbfn
6282015895,cbkfy
4798572900,idkke
5447104316,oddno
1963233359,ewhem
9428332078,vufkk
7489509087,hyvkx
9643774079,xqgeg
6315847037,ewjxw
7910034500,cnmjt
5007948656,xijng
4675376891,eljes
6331585192,okvaf
9529935491,mxjzh
5336620521,xoull
9731287497,sktst
5831502604,pakle
4691388630,pnacz
4826172937,hkmdr
7511942988,lqgkh
8937082506,fkaof
6290317737,zoicw
8979872761,njyiq
7940876848,hlxtk
2584680015,iwiuf
7083272509,kwdla
5081474179,cpzzw
7035356452,wneke
1889095708,ddlwx
2909006870,kdtbx
5879213556,nbkja
2296988006,ddzmk
6644093729,rqzqd
4136241809,fwmru
5825663681,vycvx
7055214506,skskr
8094501435,peqmf
3135401033,pmvjj
9800776805,dyqhs
9745249227,vkitt
2751321286,gehae
3297225990,lkezn
5387370390,fhymk
7682547703,ffclp
6856413700,rhddm
5486322363,xmtdm
4176953605,rdmud
1224880833,ipqqr
4045078770,bgofc
1108268437,lteap
3006321060,ckcgl
5046961433,iloki
3363982243,osfbw
4904575505,jgpep
7150819100,xqppv
2241345882,pzhvf
8548357805,hmkvt
9031000120,ztipj
3734981413,xlyzo
6694343692,wsapz
5459298743,yxzqu
3137615956,ydgjm
7483162028,omzcr
6931687736,sascx
4194914522,grbla
9533318869,kfxve
8838255286,jdqvb
1023797244,ndvmi
5475066840,ddxtm
1649622623,klwnq
1146397988,xvzgq
8260677815,bjowb
3822078032,pyxpi
5973054604,itoxe
2205077883,hlstm
4459710427,hnjnl
1750403865,kkngn
4606450836,kaxjc
6769943176,qsyio
2576104867,yiggm
7307422634,xgzkg
6797886988,jaleo
3820190333,cftoe
1234451343,lalzs
6208678210,pbcdx
8342460042,ghzyk
5822340233,nknxy
7611613619,raasj
9840605567,qcbnv
8776270691,uqcfs
1669738557,ptlcu
1093406745,vzrrp
2987155830,vuqmg
7814745155,ymqnv
5159491906,xdaxi
7862110071,aonoy
4676759975,nvpls
3959553921,mjhtb
6857440571,mdcaz
6560619607,xtqrw
8975209154,wkaek
6505461430,ibovu
8124364591,kuzcv
3856099173,uuyyl
5455430245,qkwgv
4676670299,fmwhf
4565510915,swxwt
7666424851,tbzgh
5221605652,ipmsa
7283349841,qhbth
1365060284,lqtcj
6780505859,qobuf
8453830520,wrusp
9823070380,xraoi
3257099824,vgtvn
8072496251,uxxaq
3531293808,sowjr
1647600093,zabcu
9086544756,gkuyz
7044965270,jflka
9917981283,jozaa
9788970344,focch
7676757660,rseef
3742981597,srmoz
9520160470,rqkhf
8818319708,lghqo
6203686094,lupkk
5662213181,jokee
1724386612,loago
8892622750,hzomu
7493811559,blyxd
3817003893,swmjf
3997414492,byhij
8593439214,vhxku
9049094173,clkav
5599816253,baqje
6236994131,uxyga
8716185310,fxziw
9485498925,jlgrl
9104607938,btbad
2456358639,fxvtr
2779172463,jpsfr
7650679801,makxx
7848510585,tiwek
1527595754,urovh
1373508936,jagxg
9050451854,xfeaa
9622222336,vcarb
2905897580,wmlhj
9867660434,cydui
1731107543,hgfut
5719503560,cremc
2211539414,wsfnm
3870827758,udygu
6125543721,bcgda
9958355978,auuzu
4817958986,zlyyd
6553912706,qrkwx
7134370369,nnhlw
4552886355,xobrc
4455485428,eblzn
5817290717,wawqv
2128013640,tsywb
3541316751,tnikz
8824789544,psngy
5469585986,hmweu
8345319340,lnmqy
3659636631,wsuij
7988151072,hgjmo
4699557286,dmcca
3714001258,pycax
6804554509,sqpkf
9260944823,vwgqz
8834121029,vflfn
9122549760,uwvkg
4380466974,irdya
9381224627,xjtpe
4092687245,brqzg
9108414461,vsjey
5787015164,dqray
6820139363,jnefz
9566394765,gjtrr
8903350970,ukiqo
6653925452,ewgny
3259698754,zcczo
3708080327,dbodh
3635255517,mqspr
1148139001,tnwuc
3174903182,bcgua
9434963025,ckbnn
6277654815,wwbir
1804436052,xzpaw
5867514399,tlklf
5598589893,atvvb
2208458826,pcpim
2885451867,mczcq
6846443790,ogzza
1854569328,akjvq
5043797589,jitrt
5969756838,ncmwc
5424001225,wwrkg
1926749347,xmzph
4069374889,prhxf
4526424288,xlouz
3305864622,tpylk
1559838985,sgawd
4643096387,oehie
5958192503,akulc
2474898690,wvlsm
2570448051,ttixr
6953133711,zykhr
3457182498,tqjaa
8481320173,wfdrv
2332160286,gkgjd
5481970116,fgjcg
6572421120,trjqa
8905523617,rxwtv
9843257671,cwxvl
1045671910,ggkbd
2269452880,iveja
2527850814,oogbq
3085891587,jrica
4017846426,mruin
4451994977,fgkij
1492128312,krtvd
5179502577,qdnvb
2329947029,lvsrv
1547933409,qdadm
4617191456,vholm
2126179536,urqza
6496645180,lrejm
7407788639,jxfta
4808631989,ulcor
7045286742,ajjgy
8592030541,qkfjf
3379482050,aiiyw
3335308140,ckbwn
7422916616,gtuwq
5483625093,skwso
9355072194,bgmwa
3809532800,pjkho
6936849108,vsiek
8596237549,gblvx
1332219674,mnykm
6391821928,gcgne
6897618173,gszuk
2582974441,ppsza
1311447403,gjgdg
9648696048,etsuy
7633092573,cjkuh
5638822024,tobyh
3097486663,lsgzs
8726099851,jceyf
3694332424,sqacb
5279215206,vjpee
1688164392,kcalx
1135849936,xtwzi
6368181551,obzup
7789948747,bfhnx
5650832333,lnrpa
8393862932,jouuy
5130395213,hwnpb
3827776377,jgisk
8400271288,xitdt
9405876564,kdbxx
6368897914,poeak
7829998063,qyhhr
9389119673,xnkfs
2121013482,hstrz
3909550253,qwupz
4421158336,ikmnj
8311439808,ujkyp
1584091487,bynke
6390761909,tzwed
6353267699,mkfsx
7090279311,ioane
5168274258,jcqzc
3760579941,irobd
6867870264,eyhcq
4294084171,mrzdr
9811964034,koypv
5396828572,olikx
1598327705,jnivy
9910753788,zaull
8738077012,xpgql
9312596782,owtpu
7836973029,xotsk
4447824585,xuynj
8242721025,qtjjl
4561692762,mtiow
3007642472,yxpxg
6556978344,mhomd
5261374124,keujh
3850078180,abkzk
2580139411,bclqc
8796403539,xokwc
3904929840,zcdoe
9432223452,ginxu
5111675980,satwo
1573184180,deflv
1627670359,mfuns
2094980286,djcvp
3958934999,hggjs
7949176793,ajyeg
6164201669,uwcfa
3429839318,eomgl
6435000178,yukpv
6026511549,trade
4194922975,bsjnh
8186385959,rzagk
5300605413,cjlef
6304684042,vqoct
7407261650,rzdxx
7101740254,swega
9921526555,sgjsg
4314424961,pkjyc
2155071632,llalw
8659437082,yfkfe
3108316524,bkdec
5521333453,clkhr
8709171828,iqfge
6064585788,sovty
4243079106,fcglz
4842943940,svisb
4728126540,hcpan
3591469035,wwejt
7667810095,rjtjh
8849174282,tnmrj
3313021582,sfpgb
2795370610,aaitq
2057339518,kinxy
6486213847,jmdpy
9683907153,jsltb
7861098153,dfjhb
2966306640,hnjat
7333488667,brzim
3761393924,gekhp
3346154459,yaqsb
8834567923,alqxp
8785362368,wgobl
2035464508,givdy
4621288877,wssiw
4526540087,mockq
2391197009,bkmph
9951854073,waxia
7816396638,ygpdv
3670955829,mmche
6742685755,olgxt
2690776176,acgym
7796642544,jayjp
8268257634,lhimp
6538775254,kadbi
8968539247,krdre
4550666863,ebdoq
8006209599,kiwrr
5412002038,sfluu
7265250872,flbje
4396589444,llbjn
2856423575,yymaa
9417843081,onmbj
6440105277,qguxi
5674062413,fqoab
4684809109,uthwk
7997728019,hxqmm
3327809073,uouub
9304618005,wixwd
5640466138,htgcs
9492364721,bdwfa
2849969652,ckzyl
2406103182,uggbj
2516329347,chqxi
7243270580,cgxny
6910976992,esgwh
7855172480,agljl
6732976212,hyojp
7943359816,nsqad
2391058281,yhbqj
9202256932,rkqzx
5939578303,ddtck
1156351278,ocesz
9412901494,heels
6817992804,tequn
1984202248,pcxog
7642147929,gslat
6127006985,ljkbv
7937080376,hymzi
4858330340,lyykp
4151865141,ycjud
7249444236,qvhie
7555993359,zabgw
1818435461,xgumw
2055225096,oxozk
4541767964,tkoot
4224302570,ggzna
1910696498,lrceu
8999272632,jjybd
3952300279,rjvqv
7988508926,mzjyv
3326569030,lqrvj
3293467640,rxthu
4247780887,yupcd
5515623238,ywdor
1053445184,hrboh
5264282730,anwnb
9971676048,honwf
9998295353,xupin
3041057803,zrdls
5182473615,enmxs
5860133705,xoxet
8821856238,wimon
8187913871,ofiwe
5400994112,npunj
7442804498,lmlxs
7813649477,dwnzx
3895744306,txoey
4669592252,qeenu
4365172124,kigra
9283598606,vrsjk
8028186954,fobnc
7186520903,ihzkt
7780571501,jmcfg
2411352909,bmnyc
1246569758,zrjcv
4449128750,aqynb
9070673224,qurgg
4803501792,xmcrc
2976574360,sndcr
4838441829,fdoyp
3008617056,zwnvs
7293821704,gjksa
7054288924,xaxkz
2806664571,sgiwj
8474934203,fxfus
6433282367,zgpzn
9302402799,qubxc
6438390415,ldtvu
2555659275,qsoyy
6724221592,lofaz
4492171999,qzyiv
8467869180,skpiy
7583645760,cdkzt
7532441765,tpynw
8800592146,fwngg
4442887030,jrcob
7986211545,yxspx
5724596705,hptvk
9916137217,byiuy
2636403784,mswrt
3448695405,bglkw
2497316780,aslzf
8729513205,rwbxf
7085864431,nbghp
2033636098,jyrms
4764485628,nidfi
6594267747,wsxwd
4329146511,dxcst
1149046500,lxtph
9316280042,ovbhb
6889155049,jrknd
4206843377,pswtr
9107775593,ukprg
6377567028,estgw
6502286726,mkbpd
2018438417,qavfw
4104361254,uskpj
5923193382,yhfzw
7212509330,wlnfz
8149796226,zmmhe
9951709374,ecdwq
6444738638,axqul
7490358098,erura
5174013279,eefzs
3206607340,ctwit
5141937410,tymny
7105116794,sioaq
4269613712,ucmql
2215374970,dgqkv
1561877791,rewoa
1090163838,dyuof
7782716989,defyi
3767728156,ehbpk
8656528719,pyeia
2362231507,fzzgk
7468964225,jcord
3278839806,skdmu
9130500022,uylwp
2892453774,tbikw
1340005801,efnwt
5893617022,engas
2665084056,eursb
5085714169,nkwrx
2510499078,htybw
2328775675,fyxgb
5857766775,yacll
2589392678,bzirz
9768863472,gpmwp
5007417053,ujbvv
7641391899,otmra
5534162959,afbcw
2057589983,ufswt
4675144301,pnqlj
4896112006,mfbib
6413376618,fjzaq
7296330970,hqccn
5166956859,gttrc
3956893685,oveas
1490078160,evvkb
7887934190,wyibp
6312161738,swiko
4670180333,tswjx
9119395869,xxgzb
8518463257,nkaho
2687180637,vknev
9887721807,vhmkf
1692519223,xsgjk
5773884520,glvuv
9663793497,tqgdg
2895802328,lxezx
2798753133,vwszz
5717081042,bbdcr
1984743334,xgchy
1465327418,kpmdk
5983194541,lfiev
3799991671,yubgu
7345832600,wvffo
6797060614,bvxkj
5510580220,ecegd
9613810148,hvmsn
4578327888,ladop
6624664662,hdnke
6010226842,mxqkh
3433675084,ufjax
8454862385,obpzs
8775427209,gwqld
2750980393,oowxu
1339057645,srohr
5639228597,sqajw
4145959148,qbgfa
5016590762,zhiuc
8022682667,wckrb
5121663379,jonlx
9326422447,blmqb
9699036382,zaowr
4044484820,roito
6205025791,gkfcu
5037389363,bwmhf
1120720834,jchjl
7596848575,jqgys
2163355716,qhomc
7092814144,yaeem
5291248394,tpeao
1370990132,mohzt
9513355109,zckrq
7105940855,pivzz
2774660392,sfplj
1603489741,yxstl
3195825695,ixuzb
1304844104,voory
7765061637,xkwzs
3768670260,hrwkd
2185474636,ytmgm
4529873270,ktpnn
6367828132,hmuka
2452610682,efbak
2403927169,uhdwt
6846169272,jurzx
1691731218,gxgio
3818891342,eytiu
2087608284,prgri
8735247292,dkkyk
1086598051,rftto
1400628707,mogdt
1799087249,lmcxk
9190792350,kiuuj
3405772334,treja
7194316752,dasyr
6430971324,fymiv
4779623907,cxymu
5654025967,reept
2337986717,tdnqz
8657860566,ospiq
7892721121,lldpj
6329786340,sahnt
6185754058,nyxte
4479347620,ikpqj
8589760604,wbsup
7684173243,xtkny
8622116852,mkkcn
1622862628,vyndr
2330904996,qdgms
9920398199,tnati
5498148610,nbdxb
2493463438,csluj
7775332387,swxze
9955454570,vxbzj
8736006148,uasbx
1639604615,zbmoy
8140080530,rupol
9307714291,mzfhg
1229705841,gbofz
1720251134,uxosv
2204533468,zrvjw
3384973082,jiswz
6613058021,ihskx
6923356924,fgbrs
3574038182,tmzpu
2877075998,kibim
4770727670,gvbzs
2130485667,bznxs
8677269658,qncti
4266619611,hyybn
4861500000,zdlch
6660567158,hrweo
6762059651,jzyfe
7708756984,scgpj
5625417475,betow
2382235528,zepow
4540220340,dxjgu
5157686515,sctul
4113707177,ogqtb
3228505569,bqhhl
3602430254,ffhsz
7225359239,gtxln
3918671313,pzqpu
6354463080,juhfy
7648370488,pqbit
1869359627,hqiys
2486603746,kqknb
2339328043,hiozh
9558440447,ixmcp
9555745578,igcii
3849156445,uturg
3432575969,pcrjh
5472395719,knsvb
8671486438,ajupo
3418812902,sztyb
8516175034,mboik
5679644372,morcf
2741529558,nqent
2950548370,bfooi
1386707051,ncnfp
9683109756,mposz
2166066791,ujtbx
1081875809,nocjz
8500219801,rvack
2169056955,dkate
2764542734,hgzrj
7157984352,ifkiw
8953563120,xnbdh
3296801118,osmoj
7258280355,usuqj
9896517388,avqfm
3525585974,ixuwk
6284930612,tunhw
9305801718,aqkpx
5926248311,rjlds
5282504660,ciycr
5292797032,ppjxp
3887800935,iigtz
9279745703,yrxuv
3909588818,pikza
1586580076,jombq
2106660833,tynnw
6628226868,gtcpo
4554163246,qyfzj
9980762728,zwlcn
1149360481,pmfsm
3184901515,rbrpk
9250355733,zvttv
1548466619,zrenc
9675564706,hfgkz
1429129213,gdlvs
9160534172,jthrd
5639697435,navvi
6134296007,nimzo
3890324126,ajhkc
5315432815,krhze
8461198733,siphg
1333645978,vdmgc
3510241586,xphns
2846145120,xdbsl
7604670492,vneki
8594191181,ulefo
6711738941,zktfk
5059441766,uignc
7816025403,qpini
6597199576,nyutr
9747945026,rqmhm
7816589982,xunoi
9184694272,dkzad
1249393065,topam
7686324782,vqvob
1479118992,ogadr
4963884984,hphkp
5717232038,rdhmh
1142068745,upmob
6341719431,gwujq
6388861887,fxtdc
2071181189,ewntl
8097273699,adnpw
7233546824,zuruo
9109891100,iqqxl
7947367074,rwvpc
7474940393,nhoxb
9839307454,ejetq
4990904008,hvazg
8924842442,qfsgm
2669768030,xnhmg
5086705397,nwibo
4581888856,fuwlz
6809948135,grmck
1281170468,ksiyi
9690127703,saytx
4789607686,titlt
2952920316,tdgoe
4382582368,duixo
7415741303,jawsq
2047677150,bpdmt
1633703637,qquux
6313713830,mufap
7907941631,bvdny
7741178036,kzpcl
4758533568,wqayu
2375938220,ehfrb
6267384992,qypfl
4356084951,cvmbm
4033628390,pwtkh
5463157470,pplsk
5475766954,puaqp
8505403355,khtup
7745175585,abztc
6359443325,qsrku
6073011423,jwvcd
6150753772,povyv
5619616608,opyjt
1196396486,aysdk
4173489155,dpgxl
3412869529,fkyca
9031996560,wvofl
9425029007,stpar
3520143476,tqpii
7537886023,lkmhd
6334947352,nrgih
4974102668,rjhyl
2736824468,lgvvi
6905130823,jefyc
4062518794,mxmzg
9262974764,odvee
1375834317,yrfvi
1026996048,jtmib
7722555842,yegcs
3760426141,ixprp
8546749288,niegy
4493222929,tzeoj
1553235694,sesjw
8599692308,fixpn
9093179441,acinl
9589413245,vuizb
9186239119,jfnri
5120745325,hixfq
1796047647,gnczd
3114527852,lmqgz
2956797061,rrjgy
4971909274,qupvw
5768482600,xeans
7830729414,qnqcg
2766165328,lixtp
6215909815,fphyb
3526730717,wofyn
6246016743,xyesj
9924203374,xjuex
6887278336,kzwmj
5838022003,wvrhc
7423634933,trtqi
5900451950,kzkqu
3083124999,xckyj
1828226995,jdyxa
1214301453,fnpcf
8263288838,sqpxg
1242084695,llamm
7623470128,ceqzt
6937108290,ufxib
2651063508,tiyrp
4924707363,nzhnc
6703579828,ylmcm
5651507267,vsfom
1627876246,gkeyx
4168590443,pwauy
1685026374,gwcqv
9772681046,tonzi
7119086188,qcpde
8437444667,eyxpe
2716896376,ozgcb
1699281720,lcjfl
4746475502,uqrom
5066607022,yzvyo
6075572087,zjuxm
1611375402,mlgzv
3017523709,jkcvq
7525043246,qzylc
1837269462,vjdkt
1775216632,zqveh
7020295318,kxdos
1330398834,wsfwr
4039907195,ppevc
3094187741,gmtzq
1715367474,zcoiz
1002341368,upwte
4413796321,mvfpu
2046882990,fpkhm
2368343010,htyuu
2265164379,tlqlv
6097455341,anxnc
3647237850,bjbhf
6169104043,jrvcc
3293314768,xbuzg
3328760416,otypx
1705147155,ybnsi
2249159468,xggul
2958626945,rzkgu
2071430611,tujof
2093678354,vtbis
3196523449,ornok
2875431753,iiixz
5053750258,qyrdb
8010843292,dbeby
5531249894,ulaik
7145349895,nuiye
7036333952,yrfop
7189976798,evbfk
1366755582,ayybu
8489015164,ujcss
1226338935,vbtxf
3356639278,jisfk
8319859769,haeuc
2278039359,znlav
4197957776,wzdyr
9523701124,osqde
3827250852,oksyz
7966103031,igwqj
6574444690,psoos
8510807078,lnxqe
1751572873,xsown
4664733829,eynwc
7217644624,nsutu
5934523989,glezp
7590862906,rrgag
7227681840,zmrai
9687964829,snivq
5646202412,kexaq
9409032748,notlp
4790283496,hmxwq
9402232309,anenz
6804930848,puqmr
5051324945,aeyxc
4113591726,nqdkk
1391365759,xnfij
9538636674,wffjv
1516588129,okkvv
7850968529,jrgew
1135571655,fekit
8820659700,zoyjl
5574720541,ouvig
5888439539,odemu
4095046498,eseol
7598865789,xcoci
7149632477,optgk
8385787336,sywnl
3600855319,gpmei
8649015947,kttww
3997883743,zmxpw
5298871322,zkvqj
8606903719,rrnet
6076379438,irvdz
2368455626,hhjla
2156386797,bhydv
6071609597,faatr
5752291379,kwtri
4370061438,apvfg
8972827870,evpsk
3010058648,dgwbo
1490345463,horai
1734265558,xxnrn
8842882201,kiyna
5552134027,plpdh
8900667496,yfxpk
8007109353,kcxka
1047039411,twbon
1013392691,acoqn
1062526748,irfhp
8875331966,eyard
2096586896,ibtso
2353992691,reamg
2146024077,spvlo
2909356851,cnswu
7156775066,aeqzv
4208805045,lkdpn
8291010432,hgmaa
8654153737,idcse
8241396351,nbbli
7461703989,bkohs
1367861756,hfkdo
5363438380,bydwj
7407573657,pupnh
6675289340,htlyd
2694318116,ikvvc
2605508357,eupvz
2300045214,pocko
7950735769,eernk
6306226045,mzooh
2863151257,cyway
1254328524,pwsey
5381902517,hpmor
3100970108,ynifq
3975451431,imtpq
9410317438,medfo
5243952323,dhnrv
2488775154,frjeq
1279352487,ztkzo
6383236275,vjaaa
5635303974,shjaz
2439881643,byqfk
3274748197,hnyxa
8630960448,dzlhs
8765012008,llpwc
7741888426,fbcor
5645021954,bopus
7140917703,zrkiw
7701838795,opikq
8372081788,uzreb
2316625699,cucho
2015336792,qkfko
3597096862,okfsl
2852972125,lgugs
6598583451,lsjgi
2000031048,ywvci
3732325491,jjclt
2602908993,ygspp
1251365625,sleea
9521472725,ebppv
8283905144,brhwh
5323143268,sqxwv
4004148410,ivbmq
7821857999,butma
5673948039,rjsdt
3751437060,ikwol
4435820723,nueys
2053121659,ruqmp
7028367134,gchpj
5377281059,bxzii
5354020906,jubnh
3746578870,jucwc
5992756324,zccaf
6533514815,dguaj
4638219817,ogvvu
5069766678,koseo
6335894646,wonjf
6712246903,llxhi
7702779232,rgdyc
5476707808,ascba
7615180263,kyykk
4911418055,xoxmx
8902022278,mnttz
6026041793,qwmlc
9715923978,fqsgt
2853732801,dulpm
3722626767,iuxas
6256051181,amvog
8721545276,sdhul
8142349993,rqwdn
3725317148,nypnd
3986659508,fbfgq
8864675770,rzrmt
8106044473,ztqec
1835042814,mwgnb
4746218583,qmwvq
1573752211,andtj
4613223689,bymlc
7296496683,kvecy
9864434685,jdbrp
6636187825,dooak
5755868212,tiigk
6729215202,leaaq
6984338502,adhzg
8818824153,fncyy
7549008900,wlpie
6340451678,cswwv
4219825972,rtegm
9724974723,eaatz
6527135850,rwcep
6702239603,xpokv
8389360936,jugsu
3100916915,nhvej
4294128104,qgfcj
3879351539,xljba
7102296392,klwni
9054252949,jpdxf
8834150621,ntjgb
2263320880,xhxee
1273679173,atdqd
6466925345,jgshw
8694815041,rtobf
3002073272,kofje
4374898842,juvjx
1104305951,tkoui
5036792962,nvkih
6711659593,txpda
1646519815,qbfbq
8369592104,ulqdt
5119297818,oeawg
4371571111,rmpvj
1723272044,eqeni
5700529920,rzbqg
8317990789,izbog
6354449350,lmsmd
5976919870,gpzcy
5691657148,jyjul
1201796413,qnaal
1929455098,vqayn
7290840241,tckuy
5999714354,yfkru
2880475552,kfzgw
3569096411,plcdp
1777837002,mwwpx
1667318899,rcujv
5246009991,merem
3852955715,dwhow
5998603154,zitwv
9578225937,jsevw
6247893922,gibtg
8371605894,otfum
5678455438,vxnjs
9386169498,fcopz
1562313639,nycul
5404260495,ecnlx
4118777503,eppfp
5040677682,tvaer
7641042204,kjcrs
7064887741,tscof
1061190092,pbqlc
3549179926,nykci
6137462912,pmwgt
2263629066,ewslr
8139622888,hqjvy
8340104519,scnix
7348432700,lwnev
3608234000,lzicm
3179068514,tzsxh
8702700768,jiieq
6789211617,djudd
1323360469,idulw
3040019661,rmmro
1772967233,yldkc
3907063056,olkso
1828289100,poamz
6871833670,gvcna
9700179753,jlrln
1811279035,wkxhu
3641897629,ryeds
9957725719,vbnui
4939579812,flvwc
5547390302,cetkv
3258952430,gfesn
4495375810,aarrr
1905511105,tpddy
3098783594,qbtzk
7130244912,vgydn
6716802928,nhqbm
3757495229,peonq
5977177765,iufte
1569545048,fewwn
9633379389,xvdpg
8402359679,djbvy
9632863799,abnbg
9500475370,omuqw
5755190703,wujkw
3866016129,zobhp
3876373541,lbrxn
9243298837,cxhhg
2462803939,czduy
9051472700,kdjly
9273854876,uqlzs
2583414516,whjxw
4626760519,nzvif
6724938067,sorfx
7589807017,vnwxx
9478689258,gvevh
1145689544,fvnes
2155028842,jlghj
8562287609,dtmcl
3961601033,uaeyw
9379963575,hnmno
4594674886,afkhd
2905645595,vxdzl
9754037666,upyjm
3346145697,dkerg
8816415667,rupqh
2743364185,gtfzg
8188610186,suhsf
7325581635,byurq
3937477510,zaeqy
4895240603,fsjyq
7195715518,bbvmg
8883493972,ljjdr
7065277221,kojmn
1291902574,cpufx
2726234767,ykwvv
7259179228,uuubg
4937066050,ygkhp
9190897780,lidgz
5106287335,djzse
5175850713,kkeun
7572780719,gfmyd
6185393479,vqgjn
6544424488,dmhrx
8600194717,eclmi
3804056869,vixwv
6427489331,tbgkp
3858755385,vyjcy
1576241692,caexq
9762914955,mqkaa
2501428122,lcerq
4805264703,skiqw
6344897170,cxupq
8418671723,ctuln
1139009922,lwdlb
2722717141,azjds
2570291816,aenyw
3976203611,tqyku
1728035418,jegom
2679481036,cpqwf
4463139729,tcgfo
3613223760,ibpas
6923621944,ushzs
8638484684,bmzqr
5206025792,pjvtx
5962430117,idwck
8248404522,kbhws
9167965134,gxfjr
4283291118,tzjxx
6421711981,odznl
8888485290,abxve
8046119070,eyuec
4259030939,fbdjd
9716591417,egjhg
2363335407,rcvry
6276119352,zlcul
1492418914,uwill
9257998924,rtgke
8844555779,vbndf
7923022251,mkcln
2198119845,potgi
3495224915,sipxb
5308084025,ijscl
3907070685,ucaxv
7038401148,nsnzw
6902358707,kysef
5682972206,wnrdk
4554098068,ruqmj
1715662941,uwkhu
7048294111,vumtg
9598071436,zzzru
9795172896,uscnn
9264987215,fsdda
8592479828,zpqky
5643340953,zgpyl
1697704622,qdsas
7020787994,ktmid
2853168820,lokjj
4743390376,nujrp
2483682396,stiqb
4746487118,zunry
2925946346,wkyya
3278959450,jkenr
3230448234,ejmbj
3984916143,lkacj
6488071894,ptjam
3861385706,yjadx
6883993223,owzyc
9255277047,euuhw
9567915796,ocoqg
4747594221,jnbwe
1554150294,cywmr
6135553289,fzvdo
3898428313,tsrhn
1625311650,cpuhf
3759328218,xlyfs
9634748339,mxnlz
1000298029,zfqlo
3826465473,dirby
8619979093,gsxiv
8602946737,zwsdm
5765821002,rjygj
7738089630,ylldn
7575007843,sisyp
8851219390,rilmg
8778024520,guxft
9605449613,whuen
6844629497,eluri
6322046804,xxcss
8931137971,kmlui
1152445430,wlxui
1992721027,higiv
7670919015,rulnn
4835519688,gjcih
3429582939,suvhs
2860919887,ykjnu
5978980675,rfibx
7257474593,hjsqa
8588476018,dvqar
8840690084,hwxte
7787889291,gluqv
6596037476,bjjlx
5714678699,wsteg
9702880952,sqbch
2779765845,bzplk
6550468877,ecezq
2926119904,oqhpp
7911520897,bfjmj
6146703064,jbgkg
7286197040,pgmzc
4700192807,iyexg
3720794414,ztivs
2174148261,txjfa
1955310900,gpnzc
4370793771,cgrex
5596734065,inacr
4297719005,ojfoy
7269172083,wubxg
1361892421,ncgtw
7594609318,lazuj
7011066971,wxiid
5451759907,sohlc
1937472258,ltfep
2542172425,wwocd
8304547980,jeuli
7421050916,thcom
6137757248,vxgjt
4803591926,gvoox
3744806168,wjjgw
2404961055,pmhxp
2272741600,oosfb
9243464215,bwgnv
2259140669,uavbz
6474558018,adqfm
9418892544,zqwgz
3597558189,zzvwq
8521312670,lezxc
9992409724,spbjc
7225717074,jpfdx
8173028078,spcbv
1815311331,mwaci
4123049916,mbgxd
9309940248,ylbfu
1892799267,qvrpr
5271185805,rjnbj
1713003778,wqyaa
5687832038,osxxz
1758954737,mewtv
5872254278,htete
8817542975,qvdgo
7555923620,srchu
9377157090,nexnk
1053582497,bgapj
5119632759,dwgfy
5079098658,iydxs
6614679689,osybk
2603507071,kimoq
7562654459,unwnp
4974823699,byhsx
8222421411,erhjg
9226338699,kzsve
7473617639,wyjru
7776820860,ecwdw
8185646180,sszfn
3664670891,pqsqo
1551815282,okpaf
1432834458,tigki
5493243601,luqqf
7956013288,jifuk
2561527274,bxxbr
1966712382,kwyco
7916607938,wgyqr
2497213685,econz
8007452960,pyqpy
6098734885,rzvkr
1894387258,zhtct
2214022955,sbnio
5947210310,gniec
4524716621,zihzu
7513467642,bckxs
3867631053,ityvc
6192273987,jklxe
7102535573,tncwo
4593563768,fnlth
9079841687,qwsqy
7923319221,gzghi
9989960176,ihdzx
7052470557,hgahg
4243420081,zhldz
8512662273,ysjyl
3580675003,fihwv
6401098010,oveqj
6735056248,dzrfm
8540391315,altqi
9874232441,xkrhc
8538164702,mksbg
6248170275,bqaje
6902877256,uqsse
4562465747,sksza
4281884896,wnvbn
9143885864,yewpa
7208409833,toitk
1225347473,aogtr
1936884458,xcyjd
1796785002,awkgg
7201114168,oabnf
3871864297,uqfnn
3126888278,mqhdi
7504276036,iesyv
1400909251,bbaha
7379724990,lylbr
6024910613,novax
5415911364,ibrry
5734585566,evekh
5893756976,okdia
9190640680,gcnzn
3785872176,suzjq
6649339649,gxowy
4569469713,ieozw
4343295162,hhcat
8595308847,xsqsa
6506929084,hwrik
4251989764,hasxm
2667037886,xpymx
5531570000,qgjnn
7472056063,vabki
9282343053,gbtnj
4308872186,xhzsq
6950450793,lhglo
4975342782,jolto
8008557672,zyidl
2578952150,hhfdu
1907796794,iqqgf
4717741486,idrxd
4243205517,notcn
4994019114,cjnrj
2853032042,wonsg
2543037046,jknnp
4630348844,izyej
4027014220,lcvzb
2473890532,uurff
8635814387,sbxmy
1534546132,vjnnj
5722776427,nnoac
8274556673,flufi
2115622063,xblze
4294164035,nrcer
2201660162,fftfz
1467603930,qxjlh
1963140832,ieahd
1329674790,rmhem
3150804809,jfngk
2880610938,fmvjd
9997239571,fgixk
9288136495,nzpmh
6659135792,wnyrb
3742813397,spckt
2008284386,kpyeb
4870585979,oucne
5568598426,xmdnz
9290666438,kidan
5747822893,itvip
1508162430,mhufh
5193848483,obgfl
5628575513,zlwjj
1529124123,rcmyk
4068733367,cfhnp
3240374210,ynprd
3147787435,oxign
8294231698,ixfou
9019749867,gdwrj
4213565957,lridq
1257944093,fhnez
1518027778,twkcz
2528606558,dgmpm
7701069986,rlsne
4018211407,eycto
3176081119,vvror
8877491812,xekwu
8616552365,lungp
5582674241,fkecd
9833231768,xozwr
4610020329,vbbym
4273345963,qdsfe
7839158674,obezt
3885350196,qbeoh
3443194321,esjlp
5184622415,yhorc
3458940595,dzgbz
6307576974,gbxtj
2037973187,jebic
9285174965,vgftv
8903258775,clqww
1147653390,csjxr
9859206282,wamhr
5809865758,edfhv
6910235144,pxclu
1613663076,lnivx
8231789600,ryddt
6159036630,rjbhw
3750477256,hxuyl
3044532763,lsydh
5557017432,dgidd
9508012086,zttat
4111163897,veokc
2478492574,dwpbt
1383850828,secqg
4628202971,fqyfr
5270891039,fykah
7797215327,yyixj
3102284655,bfbcs
5903258487,vhjof
7105369427,jqzya
5841379686,wiaqf
3489763622,coxth
8160669994,jfjhw
8922451840,zbtdc
6119455418,pkzuz
4120501264,kapta
4151874496,xxdqi
3709713722,avrot
1231290544,bssyr
7332163722,fqaxo
6173758920,phcjc
1783300920,qcvhj
9665953009,wqyiq
8459850378,ufcfw
1252195656,vhqrh
2394043512,tudhr
1942396218,hzmpk
8948889819,paaxi
9789744774,ljdra
6993540936,ozdhr
9033707974,ynwra
2530187206,roeij
5861020178,zuoyl
7402891293,nkzjm
1119276563,oyowl
8139242671,vvqbh
3250023742,dzqmi
2723684298,tunhh
1002659564,jtqvw
4245325727,ucxhp
3482087524,rizcy
9879702687,yoyxq
4657736125,fiijl
6933055632,lbtxk
1519891125,fhzag
3067421269,yahgs
2120916715,bwlrd
4330911225,puiaz
4318730152,cvuie
9176794619,qpiyx
8873341806,vfyot
3265061938,iqrjy
4286118748,zjhmk
6896856054,hrdph
7868186621,pywoe
5464743007,urunz
1532132058,ssyks
6159241699,qtazz
9242538523,eklmq
8435439649,csjze
5421033713,qghzr
4171322517,jijah
8758359242,vofnt
3278289691,oqodc
1904725713,odrkf
5262280680,kzjzc
7472767962,swxxg
9082260060,koydr
4033477471,bbpap
2464586466,dqaew
4216424756,dqlrl
3012465047,myiba
5415833896,eqcxl
4563189053,enfuz
3016824118,noncx
4063825302,wwfzk
4898297133,wzmcf
9530096011,obvte
3015823312,vyrhq
3785812686,kpbow
7808576797,oqbci
1423437501,fccyo
5799722507,fdnsy
9469289930,gjbvq
2004079584,betel
9056778302,vkvol
2979220295,dfdcy
4320621314,chqae
9661389170,mytqo
2784836622,arniq
2509787189,vhjby
3859028688,kuvmm
5047758729,kkyow
9339626139,asvol
3866140930,daize
5554019876,xbzhy
2890352229,uoopu
1700223128,whntj
5937322431,shmhc
7966930437,sotll
5463284826,ldewb
9704524923,isiuw
5671443130,zlfrp
7037158873,yxcor
4199446111,aisxu
9356171750,uuzxn
4846354097,fahlr
9915462237,fxpyq
5296902569,vkuoa
4958159637,jfzpb
4524102716,zccjw
4847531054,mbhhu
8057965405,rumdq
1382906768,ibjkm
4142386543,bgckb
8935603817,akidp
5814741670,irzow
7686824964,taeeo
3869244383,lxqzz
4276419727,znyfe
7677209770,evznd
8150328872,kkksx
9312586662,oopqm
8427752116,chjbz
9811785324,tjsga
1193549010,gmmdk
2429410508,dlwli
1926324729,fctsv
8467059337,ekqfo
6385655871,sjxqr
5635731237,iyjlp
8729470096,vlmxb
4137257162,cfuqd
1978838499,llwno
5831170011,xkuly
1910172451,oqqxm
8036852037,anxfr
4081867173,qfzgu
1355255160,jkwrt
1670871911,mjjtt
3595069675,pybxv
6953750825,kbbic
6499639960,bipkq
2756520410,csety
7370371059,lmjpy
2601600542,ndlpq
4837813701,vbcvx
3604753859,vacfi
8095930861,nwiuw
6703932822,ckscc
8278131989,dhpda
6966161682,dckfb
5877310229,qdxsz
1310634143,szqku
4599232704,gtwua
7489473202,iwkqi
3638448220,opprl
1184316731,rocna
1501836621,zvuwk
8545631335,buyqc
8587190204,nqdvh
5502288303,pkqcm
4280057561,vvkgs
6916376942,wepoj
8101643526,yzivj
8301377568,vsryn
9551603076,ddfub
1348650661,hcudb
5579355450,jawmq
3926052440,gmacm
2585292382,otuqi
7813361527,soaui
1778632758,dhbhr
7142155675,pqeeu
6621293307,xxtdc
3098333737,ywyvv
4120022565,zjpwu
2850903486,vjeql
9740749810,yeywo
6347868952,owjzj
5484993354,lsdep
6374139686,gtlwo
2306248242,lrzwh
1201449285,icwld
8611111088,udqen
1884868137,fubce
3475794277,xmwsq
8190489501,onuay
3647669770,hriti
9709865753,kgpia
1981066881,vpwnv
2611943130,ddwls
6363185983,tmnfp
3422856858,yprrr
9149661681,ymgsk
4094787782,xnlak
2204890119,lmsjz
6043694685,ywkvc
2269009749,zyrbk
9592329456,behpi
8408594743,lfzoh
9424034688,aplnd
6265134559,cfbea
2870975366,ftmwj
6581512929,dfebi
2898904228,ytnqw
8490070534,ryjel
2889644443,efxeq
8855167192,fnlwg
7481930478,wzfvc
3143190669,mlorb
2792684444,rpwsa
4958254064,dlsft
6986360814,qzrqo
9252235457,ajsjq
1644856608,iolsq
1740051973,hcrfv
9994621957,cdavp
6692505640,tpxmq
6586767823,xjqwa
9530092716,hpvdn
9622567734,mienh
7191193208,xivuv
3705233491,qernr
8173806497,tewci
9001686322,hmtiy
1870048480,mrmwl
1789319883,alkpg
7356530197,kmyri
1769473506,kytxf
3905163532,tzdiw
2123468957,bfena
8486935690,hlctw
5959033036,jlmck
3967249324,cjudh
9660971410,ynkwn
5869554462,hephr
2672403714,bbrkn
7494545666,gxpyd
1615745795,ldryu
5206377305,divsv
9666042995,ouwpw
8585507340,ueqrq
7601300395,yphjs
4399885296,imwsa
1848701922,nxqxf
5808016409,oceyy
4645184025,pnrra
2475774382,jwqwv
8889979572,ifrro
1580406316,xhrnv
1771722890,znytu
6927180887,lijsn
2969344278,fdawu
6544977052,aljed
9800447227,dnfey
2866635856,zkqur
5887836636,svgpc
3068981202,ttxvg
2702214136,umqtt
3186169171,rzore
7056258311,zaoet
5292130164,uyzvw
8434190686,qefkp
8304445887,nawuz
9046846164,ptdin
5533980665,fkuqp
1319799001,gyklf
3434241498,eupts
8108433395,hyfyo
3613831715,erktn
1093740315,gtrbc
5536715801,osrtt
8081937763,ljgig
7570526136,sipgm
5598281439,ojirj
8917305400,javrx
6062718940,evexu
2306880554,urraa
7984385824,evasu
5148892224,fnvbg
5147783308,pqroh
4945538141,phdbf
3472307536,yeifj
8678693634,glkcz
8132041966,uktal
8824410799,gynfx
6580561521,iaaeo
8815035231,xomnd
6750635198,jtxeh
4662669560,qunpt
2509179640,fpcuq
9090518703,hkbrj
8279876174,ratgp
8682656095,zdohz
8925124348,qmrrz
8107506625,ugkcp
1302132387,yxpid
9354926455,jyphc
4323608334,sgsmt
1310490411,aaaau
8181949660,zcvdk
5580325784,vyhbj
8724490126,vxquv
5946008234,jqmfd
6148997259,opbap
6095237524,pcssy
3152456658,nmfnr
7203340016,igwep
4893686664,tcaqo
4788712977,mjwow
3240547401,ajyba
3348455684,zsped
2618491746,uvlks
9086781045,uucmf
4222179190,ntyea
6541385476,rnbwo
6567013319,voouf
4220112832,qjxgb
7100729075,xpmlh
7033235572,jwocm
8971871511,ztyva
9670328669,haasy
9854845979,ualrh
7191738327,jkrtf
8442138230,kpubg
2475078266,swdqn
9208504091,bloub
4296139640,jmgus
1370384307,lflhn
2917941848,hqyqp
9655681955,aikra
2142264740,sgkfy
5557621639,zfrmm
8955256416,nidsu
4323166127,rigjn
7923978576,hsziw
9450069779,yqahz
6720162098,aphbw
5402064198,ngvbv
3905558571,pjvqr
2120541515,sqoti
5684107349,jrxtt
4482272113,czqlq
5523968598,zecdr
5868147779,nknkg
6550524146,jhvxp
2106147607,dgepj
1840303260,jfboz
2098423851,dhfqp
8695338726,ftqun
5238872484,tdfsa
2017479325,shhnj
8157155784,yqozs
2607050410,cfyrf
3471320983,zgdtk
5760903714,mieab
2242500814,webxr
4238345637,phwkq
1282829943,ibyyk
1442598050,erwpo
4397226010,yruhj
5462687306,vbyfj
8908284499,knrhp
6116597775,lrcau
8586788027,rsmqa
3844419475,ssgap
9097119850,cifgu
3849090153,kpxjh
2097633548,bfjrt
5712253297,ocwty
3702702407,palut
5747344297,tleyn
1867030412,ltzbe
3504391320,xcrda
3641224676,jpyqd
2231001962,pnilh
5669877356,fucbf
5779685658,vlmsl
3343229873,oukdk
9504214368,gsazn
3188702877,cdzbf
8609302999,cwpmp
2271999735,kooxj
4475452281,defmz
9601662188,umkhe
2720815458,rhxqb
5722836948,lhyjz
2284699906,szmsr
9103378109,codmd
7820182509,cukzq
8543092030,hzahe
8443861283,brxmr
3282779189,aljoc
1463777256,uxbcl
4960373272,sxzep
9378300278,lzvfo
8401095735,gwswj
4878200999,xitnm
4225086034,bpdyo
5088239750,bzeeh
1539824585,mzfql
5515061414,fbmda
3202324597,wakmk
9285560140,qkqhv
8554942405,odtlx
4406970970,viqla
7756719463,iygtu
3420819292,meyqj
8673684216,ycfmj
2271271153,xaebt
4865446316,hqzlc
6269134057,xitdg
8971476219,qqrut
1486674275,pecqp
6920241526,nnwpk
1309246109,uevby
6572988720,sejiy
2033163961,frdtk
9095461169,ccczz
9235681526,asibu
8688026675,ebncn
3601277665,wdrxz
7444095322,miqtk
3531843833,qxnwv
5644585127,rkuhy
8227690099,mjcqh
3588624796,jyigi
5715295962,khhih
6019746947,exvsx
6915572121,ccbwj
7738616526,czwoq
6114254489,hkieu
3175602251,gnuon
5280071782,thkoa
2638101579,idifl
3011990652,gcmat
2270688888,xeqlw
2504559067,aszcm
4218861720,pwwau
9187809658,bcpkq
1512839476,taans
4470724751,ieizc
2845469126,pzimm
2575682866,xuygp
2540556956,cpiqe
7583330774,eacmy
3308450113,tsluz
2745917568,fsxwe
5029170086,nadbj
8656698666,tsdvd
9073097402,wyspc
4801496704,quafx
5873876823,qtigr
7961687547,vahdp
6205607632,ucmha
7418320299,fjcea
5758481901,ypmwg
5994189666,mswaw
2575714953,jkqjt
2651685610,iwwcg
8490373738,fxapx
2445998913,ddsfq
4956068731,oiscb
2894935530,btyus
2620575588,oshrx
2941775074,dsily
6539826097,exyxv
2198048990,qkvzq
1701103651,nyfqi
9637444958,ltkak
7046734592,quwwu
8533322258,vohnu
4542247745,wfxyz
6881125577,byyqi
4664160216,uhojk
5912596364,eucig
4378951814,kltus
3431536009,bgroh
9203887415,zyogh
2695287475,fglpz
9526388848,hrmmp
6447932573,izuax
4668191064,sunjs
3375712103,hfdjy
3337478365,iulsv
9133475610,idxot
5321708213,osebo
2470745408,wdxxd
7369477686,bgeij
5387210452,nmodj
1105304695,nkvck
8994458206,unvls
1058371091,llncz
5407027183,fajfx
5339552949,gmdci
6642568658,koiyy
8575796883,qxtve
9828310389,abvmj
5714293236,yulfm
5853374866,ymxyi
1705334176,gstkw
2080325710,gwlfv
8417113933,loqms
2204500080,sunmy
2505878615,kdaap
1356634341,okqtc
2180206799,dynal
6854339740,smapg
5368083126,fryqp
5225950035,kjgrh
2029950408,iexjq
2186222962,auepb
2381435895,dxzyz
5093495784,jwpei
4203186314,dxtbe
7594204664,cbcfb
4397791798,ofyme
1658065246,oubwy
2534827848,xrlus
3148751512,jyqev
1113058764,xfcng
5876250422,xzxsb
1534059895,xvlju
2932353180,lqypy
5226233033,mkgca
4372589830,voabz
9293884791,rkcsi
7201604808,uxbwp
5000404971,ydibh
7755763463,ezlnp
2503580415,zcplu
5806856293,yoqhe
4484573009,mowgc
2846934528,kwnnk
5920474556,idpfo
4745446490,gztse
9624823785,pngqw
2689016931,yvbxv
7121605373,wowpf
1103399821,rydoh
7875494833,sqyta
6276011643,lvgbh
1076142908,qyhcd
4156814597,dhihz
4069981878,llrln
3710193287,sxbdv
8193465506,itpte
2931242874,myzfb
6921352655,kwmot
3937949267,elktd
8226093624,ayzik
5360827968,lbuuh
7315347078,hwpfy
9349581492,tiqmb
3238775858,dlsmg
9943414412,pkuon
4339945259,zpfzr
2895043660,ergfx
1734016704,gijmq
3566010884,pmvvd
7480843137,bedle
3226387141,htsth
7081297367,dbvah
1852720033,gnvin
4631479717,wudqb
3860834461,dowrm
1281477249,sackb
3993115183,alzno
7382157074,mgyri
4761308867,nlepp
9150757302,thtoo
8484094741,izcwm
2945224004,szupg
4722530945,clbmg
7949596173,bnlhj
1376598249,bhffk
2641647632,vdyrz
4114856308,uhpgh
7495707927,dkhox
1167167925,lxqfn
9858397306,jiaux
8415396760,elhsg
6776192932,vxeso
3537851480,iycyt
6498166122,jwgji
8205735514,vcyox
3580401186,nfspd
9063276387,ymsux
4296452677,nvpqz
6833219258,ddtlq
3147381962,xvolx
1976879905,wpown
7209739152,nrnpa
9688005944,ikwtr
6917734676,blmkn
6754886312,edbtc
4769258636,csgut
4614520870,tcdyz
6483075130,pcguy
2949170165,fykes
5361142666,xhhlu
5488775570,olbac
4181805463,sravw
6848374731,kyzno
9012987310,oqund
9002974971,nmogw
5998915211,otbfr
5309622582,jxcar
2383144786,zdwkw
7392858065,dhvab
8027193235,ijjap
4706158792,qbqxw
8202585927,anvwz
7318101015,gjsko
4098488856,gglcu
5174018497,uqxoi
3898214376,eznlp
4831637459,davjo
7445478912,hzixc
8360117128,ubiyk
8676286327,tehve
6561999394,telrj
9074626577,rktqw
1209558338,iqghv
9707577926,gvvod
8357223123,flolc
2275528858,iqzlb
8526798881,dsuyn
4146391500,bahzt
8893020303,sqqkb
3065594452,oqwye
7184224721,psvmq
8406199533,lrxkj
6535469583,xnvrh
1400438338,toows
7961181782,fhrks
9460563487,bkxsd
5004362139,xflle
8117728526,cdmnk
6510359026,svdpl
9011202722,omqlg
9350143488,yxliq
8525953490,rjcrz
7625772192,bogku
2757689387,cntbg
2666816843,tffsf
8051840740,elhsa
7098061335,fybtd
6810210264,bmzxd
4407362224,fplkd
2345177162,lckqa
1118904807,oaerx
1979688838,dzjha
4625225148,rwiay
9363930787,tgcfn
6615688290,aokru
3696975556,prtvc
9266857133,cibdh
1261445361,mhetq
4831361580,aixdf
1368453876,pxyju
1782439117,fzhys
5852466334,qatxn
8972634917,eosqm
4284953826,gkwuo
5387783238,iaigm
4044134087,wytbh
5614513498,tuuap
9703339499,igcwb
5106950602,ijfde
5138187024,xudqd
2721212815,pmzhl
9927982253,pcrcf
5611119006,tcoao
3985482716,owwip
5626407903,epwsd
6484460696,glkdz
8252664546,tiapp
2699941572,hyown
8237855559,fxezt
6721501217,vdwso
9936152594,qiqtg
3613536909,ytghp
3947953463,ajqyn
7901272968,tuzgq
9263658716,hpexy
6427180521,lfmpo
6315620651,wunhb
8341130654,ralmi
3439347679,prrpt
1108138665,gqjnz
6073872702,livfv
9510004958,yunfp
1372279244,xcoup
5702438833,rtchf
3746283829,ysflt
1623006036,tttes
7578345489,vzigv
8970799443,qzrue
1206749806,rizmr
4799762211,nxqho
4592674058,ukcny
8755937278,lziyh
4118419860,akviy
9978017332,pmexu
2822342334,gfxle
7950152449,jzjot
1301883668,qkxen
2498847564,penqz
6771549451,skwdb
6885898939,pvhir
1958547473,gwohg
1570303568,ajflu
6098872268,keven
9836073991,zuago
2598096530,ceaux
7490583377,hysgh
5793016752,buysr
7041129282,voipu
1587820487,thodt
5022803562,qmvtv
8223075190,dqfni
7031665605,lfvcq
1296027444,euzln
6304700668,ixuky
3640306566,ftxfm
7513027543,siopz
5484196977,ourey
3010937605,crgkh
4703357294,jmcvz
9029200787,oqhvl
7023662389,vqdxl
8019737152,pnfwu
6349968599,htslt
3639669609,vkrfo
1795978328,isjqm
6799567969,vsgxt
3222742717,yhnsn
7245432509,fydat
3566142187,gyatt
9322868915,kcnnm
4697377515,dwixy
2077343702,tigst
9072973621,ndtop
3575077705,wtpnt
8238290712,ranxc
3616287415,sfkaf
7292526192,vgrab
1752956626,cdwjy
8268981401,sgxlo
7846690530,hjlje
5807700465,eipvs
8349533618,wdmvr
8369173643,qevga
7575349964,oywre
7424704549,elzgf
9809005046,bfzkk
9673959034,rotcm
8929845180,zbhdj
1804220008,tgkkk
5532785409,zteno
4256063103,ldzix
8001779129,mvncn
2372117760,foihv
3469568171,ukypu
2999395867,wolik
3356405438,gwwgi
1254808075,rslvt
3495192025,cgekt
3952171682,krzqx
8500482937,olcfx
4165256799,yzump
4703806726,rfgyj
6880270945,kgfep
5675174805,ikbzx
7693895033,yyshb
8141071598,vcahc
6413559282,ffajl
3961597082,jjjor
3933730699,dxkpa
4677528817,rjgbn
4986716469,lbcqq
3924063166,bkxmq
3770481661,jswkd
1243330388,whlaq
7741223398,ryarn
1378558396,dlxjh
6314118259,myufu
1313238984,sxvms
8164647829,kqecx
5809313942,pkvzz
3323806096,rtqdp
2592034305,hfpwe
9286870250,emqry
4018760879,cawds
3075211469,iqxua
8714431873,bedfd
2814670566,yrgsj
3389776527,ulezp
9849316099,ghbmw
6944315170,vhnnu
8486516383,dsmyk
4491829007,sigha
6593661945,eckzl
7943639281,uvfig
7661049122,wiovf
9587887695,jehfw
4404636105,uqgbe
9202887750,xcyvk
6323886631,skjnu
1959046077,mvuaa
3199897851,pyzmh
5957879812,ivggm
1485118132,wyfuf
4043388331,fsyiv
5010271365,wdgeh
6354522770,hsbdp
6391671164,rclqi
1205303170,yatrn
6007055614,zuulo
2575760544,bkchx
4954308972,odvtv
2499752586,knpte
8875301573,yjwnq
4241234950,axsrr
6754411191,prgrc
4979648051,zjefx
4172181747,toqtz
7117994008,qjauz
9399051360,uskra
2715650963,wdobn
2213051485,kfuex
9646075749,qmhbe
9241956501,bmorp
9103997453,bnawe
2633911334,hzaoi
6428765621,arqrw
2947266684,iepdk
4212852643,kgyuv
1633764706,jbwlv
9200059228,xxswk
6963898557,oygff
8334684515,syzed
6257117136,scnpw
5563815591,zkgmt
8371870328,zykqg
1396551069,ikmbj
6903256402,jtiid
9119400147,nczct
7869676557,qwejp
8980129489,npjfj
9148169816,xvbhl
9125322655,aushn
4732171529,lwlal
6651798372,dnrwm
5856027436,jdawx
1982288741,cqtjo
7468483506,fhlqc
6605228423,omckr
6960236159,yraww
7665072330,shodx
2207832786,clyah
1343184557,gxaij
2278344396,qecso
7534351509,xapcs
1055132729,lhkuh
9624949493,vaaza
4239824220,dzkxi
5889041098,yxccs
2394504559,ljcpt
1382797544,duyns
9222578349,pmhdh
5738942006,ptncn
7970064352,iwsbc
1706808451,xuwfr
4519148330,zvxei
4105704089,cmcaw
1464236259,qpwyh
1200771184,ovamq
2829147614,yzwod
7539561054,bcuks
5238904662,uxokh
8826241893,akhvl
7221979484,gbijd
7181163765,polbr
5913587320,znrqw
1809478061,colin
5073127863,ngoxn
5379177901,asyxs
3553719548,thbkb
1744619609,onglb
7504078268,fjgvf
6589678392,avckf
3472229703,uifgn
1000354318,qpcfd
9367175414,djmuz
8398708548,lnszw
5844354658,bbuto
5004104699,jprho
4347545201,mswcf
3126110772,xnkkq
7602874820,afhoo
5787063904,jyysz
1834148942,gxxmu
4538195098,yekli
8173167280,dssup
5325027718,xslkp
4715110083,tqvsc
8625888327,jwrtc
5505248960,nbqrl
3490958634,uohkp
9383707356,dpeen
6005555281,jvcst
6102239562,ifbwi
1884432649,rhpri
9968533501,tvwac
3399630463,kvpmv
7198012560,hrfsv
8750184426,disup
5669203405,vhorb
9524007118,dyhzk
2132672091,jicmx
6457537368,xeaif
8006654671,iajch
1006762094,xvcws
5040253411,yntbl
2194546058,wjooa
1160306961,xglqj
8360342111,izuiy
8915439520,xsuje
4397021074,xgelq
5653002606,fiahs
8877501791,rniwm
8935456834,nzfgg
9613640237,bejlq
8160123907,kpunt
3500173844,ukubf
6619022092,yxhin
6554213363,slxhs
7692740770,hpzsf
3575854251,nbqzb
6288115220,acrlt
1310558939,owgsz
7661869994,rwzbe
5999498557,xqffp
2402233673,boasm
1744573809,uqtth
9119077593,bfyar
6677169545,mdakh
7320530277,tsvym
9252831754,bkuhq
5109341995,ucjdw
1200622383,bqbzx
5653720196,foudq
1790073855,amzfs
4630047859,dqvgu
7696367752,ywlzm
2182159275,wjcfr
1532610431,zaeot
9740898985,fnnkd
4703226312,vvcok
3111888107,wdtfo
9208718146,focwn
2087314970,wnfbx
2112491147,pjfqa
5146316251,ytggv
2637018671,bdcak
8654498370,xdhum
8752298156,alvqh
8817153584,vtpfg
6721185345,tmsug
1121085231,cfpys
5297315048,zsdqs
3552975051,lsisd
4052360554,cxfuz
6494104255,cmvhv
4174739956,tigob
4052222677,tuqbz
1451093495,xxwsm
6499927887,rxkiq
8753573523,larme
9969692965,qyivf
9378868797,fgebt
6603725612,drymg
5316697610,ozqrk
7096708823,boqld
3751374414,ttwht
1191323862,hrqle
4353308461,kwuux
5084390031,jnabg
1736970257,mstwx
3423866708,nxhra
9314536869,rvyhb
8795378972,julow
1236955483,banxg
6263911172,hltbw
3449039916,secgk
1329156575,aomoa
6399933941,kwqcn
2233202703,riqyb
5187256201,zhjpf
3123553893,yohwx
7728172870,sftye
4178287800,ytuza
5944790586,dmmgs
9985337670,eehit
7277446210,ytahj
2310145060,ybydb
2746828591,xjdzf
5347939769,shrnl
4616918478,dsjdn
1264175384,proix
9545429817,xrhgh
4569586919,hvqsi
4157494541,gagyd
8516870322,agsxj
8596934034,levmb
3963929374,vrmdf
3536902376,bxflb
7821988620,eyuvh
1238692382,zwjsf
4056695884,qderg
7031514953,gzlfx
8732664689,qntwf
7063368205,iddtb
9253836235,eifaz
3848656105,jscyn
7435013209,zkgje
2194908019,juzax
1367760551,drldn
7478760798,grmup
9718100771,lgimx
4822626782,wkrdm
7124135627,uucll
1200553871,pgjvi
2318476933,tklin
7934977701,cbetq
7306191568,wvfwu
5680359267,jhodq
4595471158,gdkpb
3115651906,wdrde
6788583806,ttkzu
9802325895,bmngf
2642134495,vzcpm
5810268735,biida
6053705116,mxgje
9841642518,tdlqs
6314460934,wiotu
2863605174,otmwu
1073848532,agour
4806428153,hdgzg
1613906871,qhgaq
1127425879,pdoqe
7908967340,apiuh
8298383699,ybsgm
5582094082,zwrgo
3183759193,zvwhc
8868321713,heuos
8216506604,xjatw
4122660488,yovvy
6733596876,vzoma
8357975449,jbklo
4140173973,fqnqr
2368741921,rfxoi
6839317796,lycth
8404828325,ionmz
5944252932,bsoif
4254549950,ndllr
2798560763,mvyny
8606026666,inpay
4908892421,hsdvp
7171218450,lmfeq
6832172100,lqnxm
3143250237,ukecp
1394317215,rvoir
3944296489,gckjo
8614370041,rsthe
7829662887,cwyvc
8619249032,kslsf
4277744632,huxox
5887232268,lirsx
7309701908,zmeai
5944216748,hqfye
7910397530,agcjv
9172282995,akbys
1668334923,ivaun
2613185675,idbqi
6957124226,vljzc
4705154448,yiifo
6997378043,wrjve
6522360807,qsnpk
6774006107,wvpsc
9229367575,zseyk
7202057338,bzyih
6759070335,vjbof
7721270838,xrcdf
1332783121,etkpq
7144019382,chqrs
6511988813,occvx
3595176132,rmjtg
9235683869,pcmgi
7244621112,tmhpy
5236280139,xisyb
2804017284,anplv
4627811472,maooi
7689044489,pvqvb
4783313820,eyauq
2860989304,dxvvv
1495767000,qmqdz
8335151833,fuuuv
8518532367,dfful
2984805983,vzrrr
5595270519,xpspq
4643352539,uhrvi
6386171022,jpegq
1161868282,pzagi
5724981415,wrxze
4164832388,vsdch
8553353810,opixz
4792765292,jbxfy
5414655564,auvbs
1402642885,ltnqa
9256804416,unjzt
7659868076,zanph
6987681668,irygm
6874093863,boxcd
7136950901,zupix
2633444140,pzgtq
3794350299,idefb
8648938824,ylgxf
5470250932,jkeaj
5540249882,dgwgz
5509260996,tzpuv
5059678487,juxib
3614604106,vkqun
2067162442,ukrpz
3707880660,srfhm
3306436590,oytip
4068292567,oolxn
1325300341,usxas
7616735929,jjmmq
4123372366,magbb
5351971236,umqvl
8702008530,aaaae
6141223394,wexst
9907868429,apaky
3648335349,ocsth
3603389862,grygu
9306435561,uikdq
8954626177,bkjxc
5013420297,ovewp
7931320149,fvxlh
3044334776,jbdre
7078877338,rywsz
5410665621,kvrih
9341349502,hsomx
4191807701,kqplt
4139661438,abwzi
1152796748,hfzew
4120501678,windd
5133392216,cnoyi
6878279549,gdwic
7136384683,ptthi
1852682697,godrr
6669657018,wcaze
3998171966,fjdty
2101485112,owujk
5829484828,wzrrm
7951220338,sjbpy
1010923386,kstwe
8600434462,iqbuc
1733180427,gqvxo
4539783209,sdbid
7321419110,vnlwu
4118401848,ruqvd
7957977592,naknr
5736345348,gbtnf
5150188759,oulpc
4583832328,pexax
3179384638,cmoue
6718776728,rawbd
1168231574,bgchf
5415595525,djxml
3956597307,ndpwn
7898127673,jooie
8669955619,cooap
5797879544,tbyew
1466030321,jpilw
4447680949,xxuqk
5440487986,zcxjm
7219270467,yceik
5703811761,zyfgz
7791373287,swzbn
7163279896,xuqrk
3257299863,xmsbn
6903214907,yrnfn
6324794511,awfnz
6473596276,ulrpi
5898726664,gxwwk
2117733852,cafgw
1224957861,etiah
1640338468,scxwi
6422743350,bhtjv
4646127277,aqoul
3357624553,njkxe
3679130569,vwdoz
3774482014,ixiyp
7579467489,mipnw
7822231218,oiakh
2419995745,mxuav
2581186306,ufqad
6698792795,sggav
1681500412,cnnmd
5847450508,lllne
9074682649,zofoe
4502412693,druoo
3148177035,rqkml
8104317608,kfgot
1580857749,hwcep
8511163044,wcsfs
3217764037,llbil
7225246683,fztfs
4647579981,xqzcy
2063885427,bfjyf
7326568712,zxsih
8776331186,wqqeq
6098342136,nrmbz
9395294482,vgnli
5611077861,lnfkl
4495543097,yersr
8576245953,lzhxr
5877789613,lndsj
5297092745,iuqjt
7335963604,dixob
3844670917,rfwdz
9107076367,pnojm
4192241841,xewmw
1025479846,zkpak
8031886030,vomfk
6262417548,mxato
5653539796,kqvli
5111460574,ipbak
4490315292,fcpvu
4089490044,uelpf
5754880283,pkiae
9099720942,sujgn
7161668538,kzxgf
5936611128,jmksb
8787721571,selud
8006350546,tzfyi
6157195163,uhntq
1656067638,cvhmm
7916772173,ygzvs
7623616850,nfowd
3811144354,fddfc
8608945291,uplpl
4310738080,uoqav
2105119749,grmlc
5177668342,apkxo
5321985181,bpwod
1241506251,jvuvw
5140128465,azzli
4113931046,fszcq
9548258592,sndcb
4793298631,pvicn
7131124587,akrxx
9571484671,wbtxa
1866270506,ibnrq
4357549799,hgizy
2712181142,glxjq
1899495406,iaexk
5987811946,xbvwo
7127169192,kjtjn
9352171091,yxbun
8660230168,ihmkf
2742368319,jmxcz
1809200895,wflbu
1116573899,vadex
1886421133,iosru
8628109965,ftyhv
1855018132,fzaof
1184557665,jaaaf
7128327932,fbruk
7115131230,erdni
5802508192,qtfeh
6553156822,fdjli
2367325810,ndajs
2310192802,pefpm
6806261284,bzovp
3744431814,edsnr
4558313703,wqjuq
3967960464,aeecx
9174317189,icjwr
9678923057,spjhh
1667512002,swphx
6987400742,iimws
6396589342,snnjb
5967225143,rzily
7529579131,esfic
7816654095,rohje
4672465925,vpezw
2735036954,abawo
4209282475,bxvqw
1613747618,ufojy
7605394434,ekuzw
2298953538,koevg
1358106719,nczpz
2154446900,efnwr
2097275807,gqaky
7216967891,rqqca
7929000952,rgsug
8626454860,ydbff
2340865351,jgiwv
4866515563,bgyob
8226662987,sjedt
6147101681,svsuw
8988927836,unuuc
1188320945,afmoj
7361482318,dsynm
9431106122,belxj
7743882580,bwupi
4351495529,kewsq
4579702126,xfodf
9261093058,nusjg
7708724292,qkwoo
9071818786,hluln
2832804431,rkgli
8857020271,zqhsm
2920178722,xiowo
4761016354,gtoyx
1887919662,cwfvk
1700239942,mvhnh
8217917529,bobxu
4613350281,esfln
8220750968,nljpo
7166527305,tpzrf
9257096344,bfudb
7795435250,dgptz
5960947057,ezqvu
6797788909,bunhn
4869509737,qghir
4377503390,xpufo
8270776939,ulgeh
8639116831,czdjg
3746555524,ahulp
9538453083,texer
4369381842,zffau
3523860316,wdprf
8592352967,quglf
5600900121,dpzml
9085297617,ombxm
3013601020,ntwov
6425895062,ijojk
2905881332,fdkdf
1275285127,raved
2042411889,jbxhj
2669140121,salce
6882947340,kotid
4968014432,orrov
4766620795,erkzk
2903466203,thbfj
5948591967,onfbj
6990578141,vpoyb
2806378331,terbv
5160199439,pnsyt
2676553326,iawco
4761749569,gqagn
7604411111,eajpw
9938585024,oyspv
6161894249,nxdht
3530847300,joylg
8034665613,amjui
9578831934,mvxpe
5117652397,wnoyh
5511563252,soqgo
8186697969,ukvby
1574738715,cccie
2551423131,gxzmg
6701612842,wmrcm
8687108418,pplrr
4290072248,gapux
3795648408,hqavx
2717415567,ceuon
7957168877,ayfgx
1488051830,mkqdh
4659951674,gdfna
7417530126,hxspn
7445223695,qxxga
3157212532,tkuhp
7393284741,opcnq
6602726655,mehde
3482214429,xcnry
8726230610,odiuv
4076197327,jknjp
4240598487,smeoj
9769331704,pwrcl
5957193889,gqwti
8269335976,rbate
3260330350,ivyth
7383390534,jbylo
5169381596,bxpzs
2996955428,rdazv
2065159410,mbpsz
8586995161,jnzvf
5440001532,xftqq
5685279225,yweju
4254255973,alepx
4698045328,jtfop
8905860072,omtds
6124037873,hplnz
8943450741,uugns
7882111293,xiehp
4858501023,phmyt
8473269217,rzzeq
3343498719,uujgu
6064486553,jgysi
8270579428,pqsey
6494710834,mapyb
1049912478,vceqe
6197664447,gimtb
3316280637,dvqed
7069468646,adomn
5784906937,uonrv
6677135736,hpfjx
4952914392,dpeoa
3945388835,aajuo
3414910520,purli
7044353310,jeech
9761129278,ymiqo
1992006465,kvsqx
4960478375,ilqqr
5467510452,jhpoi
8596155333,mjvlu
2348850336,iwqbr
9883168037,vsbdz
7283778307,kerhn
1309831291,ehigi
2052978916,zkxtz
8174753670,dqjze
3311953766,iqneb
6040346709,cbnnm
8872883391,trdlz
6920481598,zukea
5150781861,qvevv
6268996565,iwskw
7050377864,zsxjj
9297474519,oyrvw
5452913432,shgpn
2070537363,smlrr
3589746370,bmscs
6981569764,xdmvw
1105388921,cnbru
1839224176,gidbg
9203276169,rjhtl
1224453502,shavg
1574777691,spjjm
8816164401,jejcg
6781084606,aafev
9313959937,ogulm
4633850447,fvvsg
2882711949,omuem
8133495736,zidvo
3301167614,hoitb
2526086692,ivcbf
3498841001,lbkfx
2981004178,yelrg
2323249855,kqcmf
7574691086,uswtp
4257976795,jfoaq
3350245457,nljme
5900673257,axxml
8761779050,nmoub
8306076076,xsjyp
5473837593,fozcv
2597687588,oxjmd
7337485559,umprw
3117136157,akxac
7836350658,octue
5692039775,vbpbj
2266944006,jdtph
3564991798,rvwbj
7804935890,baphy
5139003225,hqplq
9153905237,fdxcq
3483784591,qimwp
2078174393,qquwa
5909732572,tigxo
8316300777,ikooq
3738295307,grryu
2790328884,gfwjc
9392469688,ngmfn
1624968083,ahdww
8375218275,qmkqa
1718742866,xqsma
3577330605,zyndz
4771686113,fwbhk
9867575894,kishb
7792538218,izyjn
3730660121,aicpb
1356648344,dxapz
9960535565,ozzky
7256841416,engaq
1253712378,exbst
6242777566,gcmzf
6197836738,iuqxh
3912134109,pbwdv
2289633707,qpfdi
3436094833,iyrmo
5001713872,wfjya
2332173447,ikjal
2391223997,hpysg
2540294542,wpovh
3238461522,gxzup
2459575737,wmpcm
1395662376,viwxx
8427905415,rtyup
8092575874,pgxwi
4079673040,vvjqz
4708703605,rnnhw
5133391291,oxwmq
5169592387,nhjtq
3269866915,cuhph
3741533396,anjng
9754557769,slguy
4459731764,igzna
9953209673,qpags
6627132365,qmsft
1709998221,ggywq
3077601583,mjgbo
7191977556,qlilc
6426346683,voidc
7554104485,yyykn
7998514434,cbtfq
4389973653,efvse
6632204776,olejk
9695019701,kjwdu
5937082178,nmnjh
1283804965,kfikv
6387959503,hfdkp
5556272101,ewebo
1314426451,xopou
8771097454,fwpje
6179315070,hibqq
8986417403,qmceh
2591228995,sbiaq
9378220347,blyhk
4403212319,bxars
2794965803,fuxwr
6740175098,aayhv
6372075105,dricl
2686917656,vxfvp
9802630480,tvapv
4473656942,vfojq
9002944563,brtdc
8474922196,jfgxg
9323647227,dludr
9182467553,rmzur
8036204554,hshnf
6772071559,zckdi
3402496937,ceoow
9920976053,kjgkb
2648364367,zvnpg
5038444307,nsmqd
3925424823,qlfxc
6242714355,okyzg
2826682151,idpcn
5369649852,csaso
5791784969,empcv
1948001176,ysmlh
3820282244,uegog
1466940906,jvtwd
6870173237,tgtol
2292798600,skzlj
9705481091,aopji
9909060493,rrgbp
1235133387,arfss
3774479094,usqny
6358346251,mavwd
1756838531,agexn
5837167060,yusdc
4765465687,qyhjf
7116164204,buzvo
5365521912,pleiy
7060156868,mpucg
3148605723,ushow
5843525787,qogho
1646153021,qcetm
6085986393,xeljc
9748838051,obyas
6320105749,nugjq
8336479283,rfotr
3139681027,pneml
3779155985,ksncy
3926026096,oujtp
5481996142,btmob
3581913579,okkue
6247567142,uvilq
6340015466,yjadx
4850253000,vcwlf
6528519677,pibqv
2670308868,xilqy
5815217155,zonus
4920210967,kvamk
6585825698,zoxgu
8921356336,lzvvm
9589231979,brtni
3825905887,avfpz
5399738300,bfwjm
6530898019,irzcf
1388497681,yeeta
9709989134,egzdq
6953365221,kplds
9001039018,qcnlz
1339044645,rmdvu
2925013238,jidpn
7455107908,bwryo
1009416660,nhxmz
2420695914,aijgh
1110750149,ymrqv
4901404625,adgsq
9954139898,awftt
3417905074,psuea
6093594249,uqtof
9465280207,jicwg
5931867279,ovaua
2208905381,cldaf
2513484501,idvce
9564775676,zyzgq
7334720805,hxdxg
2425738151,hvfqt
1691003488,hhngx
2724718930,jonbq
9390324311,umgzy
1674330453,vyktx
5699255489,ysblb
9954913495,kahxt
9648278636,eorag
3296676049,gpmuo
7585959767,fzvtw
7800964661,xaxgg
3093725922,suqgn
2686639926,nzdnk
5165438291,egiej
3401066743,apdrj
8865843945,mmplg
2937810569,qjwec
8020696493,eewwh
7189637515,vyzhq
9126528817,dckqj
7227105005,dnkkh
4195940263,odeyg
6956817996,gyzju
9410126982,mcgfg
3844311666,msjao
3757785802,ijlrl
4201112216,gucnq
5703795859,tjdhj
6172109043,vzcbb
3449525665,fzqqz
6332592614,axojy
1712591339,msqwx
6803012291,zfisi
9165305463,oucew
6841741794,mnyim
5985019317,vtmvc
5818187762,pikip
8489057183,njxrm
3408664060,ceswx
1777424641,fzpjg
2158516042,ypnbv
7365526356,enxwa
4180566329,pilhd
4848557468,nmzsa
2658382585,pgmal
1251856941,knbqy
3214305246,vuzio
1437415402,gizln
9442580383,vhsir
1517302970,thtcw
7789347230,cygkc
7029313052,dtzic
2716835795,gyiwq
6829440074,robkb
2852452968,dbdcc
5881000499,ycqiq
8097894196,pcsgg
4491754771,vxzna
7211197377,jhfui
1480784850,ehsog
5453630612,cvuhk
6791432918,bpbxj
9086028092,rsjkr
1262062832,tjmgg
6121544827,xxxym
1201025900,idpfz
8801594481,hhzju
1152749644,ehwre
7502997709,npkfm
5222615600,ptvmo
3438301726,pocvm
7573777327,igtnv
5387738097,horzu
9340258974,zzalc
8884073519,ghevv
9870635377,ppojq
4601256283,olwcf
6511480760,eflds
1162044444,qzuhx
7939462860,tqytl
6590338392,hcyyu
5773458639,rsghz
7352832554,detrx
3493682698,sqacq
8694779641,lyvgn
3595695972,bjnyx
6040748529,ksjxo
3080202018,ahvux
1992079628,ldcvv
5867198030,uakgv
9815446897,vvrni
7102060935,frgdp
6746038546,blvnv
3234305218,vviyt
8942204076,ozcvq
8736745487,fmovg
3747623427,juxxg
6972866071,lwgch
4917334560,nuihs
2375026067,dkaxi
5065830922,tgwwe
8126974476,abpqg
4649148329,rgvnl
3518382266,otoje
1479661323,dtoux
2396242311,lxsod
6533742542,pxxco
1700379458,ebqdr
1608866329,ynzkh
4196088632,jwnnp
5073482219,cstxu
6478898264,oqhwt
3599825030,ijjwv
9265197799,bfzvr
4647803234,mbpci
4150437098,hyuii
4505559903,frsrk
5427252097,gntww
6527411005,enyrs
9169272033,otrle
8721420583,bkrmn
5770919788,lbysa
2496567964,ixcgy
1405984184,wdmwa
1736817469,vbjpx
9227649677,embjc
3203138725,uhaas
9515560623,voxuu
4497660573,gjhgk
6566411123,joawn
8012237572,nnkww
4691840683,lqhep
9306167122,yiqzg
4944288131,edlkn
5487876877,lvivb
9010537065,guxsw
6274775240,qyxox
3120521655,xluba
5498646391,wolkz
3671963629,slvvh
3813184462,mzchs
5058321532,plnkk
9903990671,fpfga
4746379558,srsbp
6621432286,uslzv
3565650792,yleld
6494096633,ayyee
7591378151,ijbur
9838404796,bykut
2110594010,uaolr
2016334858,lmcwv
9843139672,aeknz
4449851352,uccvb
9406859181,obouu
9372082954,bfxwi
5351063108,oczwu
9482660055,gqibj
3397133404,yxugf
8528578713,ztdfa
8303201271,fbdhw
5999602190,qfhcj
6637436612,bpcqu
6045509272,jrnvi
2053778009,glpfk
1590647740,btywu
2173845893,gnjwk
9320079090,fmjyj
6680305863,hscqw
7056231773,teulc
4672882790,whhbp
9326133111,fzpju
9609683778,sksni
3372913393,jrlfr
7670099232,lzgbl
6733783216,qbgbi
3479916226,klulq
9295985179,dztvb
1934932608,owkvs
1437860699,mkuom
2522907498,zcuep
4724661977,eopxw
3573292930,scqke
7923438161,ekolq
2890055574,astcd
4038064751,doezq
4603996225,vjuot
6667496597,pdwvy
1607273901,zgolw
4418708455,umthv
5371989065,bmuqg
1640981102,olovg
2745686476,lrodc
2541355410,kqqmb
6523363189,ncxjc
7846708168,kyweu
4545463684,tanea
2672927158,umorw
6418993096,ktnbx
5807483352,jofmz
2674967345,zayjm
1721920590,qkwho
7038272307,nwbpk
1555304126,gevjh
6782633251,bhlmn
2304274466,meczp
8387748417,ghzfr
7790809780,cyahq
3007803889,hkztd
2335316643,hlrbb
8461989571,korzh
6144028451,cdbbl
8563591058,ugytm
9182191680,jbvyc
7620840974,sewuh
6807602039,ffebt
6102978696,xoqes
3935750649,ewtcf
5967143877,hriie
8932313367,evgdr
3177953057,nwmuk
3165248514,bslqq
9141778479,fuybv
4648664645,sdewe
1810857428,rlahv
8057576052,hlvfb
8212089255,dmdxx
2134893811,vvmlx
5482773820,jeafw
1560718561,uojgr
5311571572,otomj
2303684180,gvwbl
4829369321,bkgjv
2837614230,rhdwy
2198969333,lixwz
4056426841,eelow
1958658272,zwfyc
9285016378,crogh
7031958483,pujrb
7312202937,twxpw
7890287062,ebsfs
1477540899,xlhzm
3356009155,cldlw
2474545846,rpifn
4338754715,xumcf
1982844620,hldqi
9687633896,ynkvk
9878235258,kfbru
9992407304,uvnow
5929015101,xnstg
2324439609,ypnin
6281305282,totud
3122519444,bqxdb
5500314434,hlmwc
8306627523,anicr
4492272233,elpqg
5055925004,dckbb
5266366597,xgccx
5708502078,uvgbk
7775429099,dwtkv
1884780152,kpupw
6739778351,ffchj
4642781486,ywyvl
3203049606,dnfqe
3489170864,ixfph
5093000703,wxuva
7249915803,zvygv
3798966513,wzyki
8810934796,efirn
5772710997,jjkjq
6855863758,strcp
2157849073,gahat
5176904486,gmcmd
8562691121,tmdge
4512062599,rtbjm
8366786666,fmvsw
3978112566,fgydf
1013524684,mntjm
2970096004,iewec
5557831956,wmgdu
4965872471,sixzp
3063588247,cfqks
8693410059,uhpxx
9217192272,nogic
6277081293,jffog
2971965813,pjvhq
3972489662,dcman
2964425276,uqgnh
2796205959,rmaxg
8864499095,rhiaq
9228660716,rkcou
8525200712,jjjvu
2730977871,lljdg
6465685988,vvyym
2543175896,nequf
2184855074,czmxy
5228115782,pxtya
9629737903,qrogl
8091922566,sowlp
4347733750,icpdb
5649053661,iwfqx
6126680855,gknia
3481524064,xexde
1032092653,atmzo
7498148523,nidgo
6302397568,jgiug
3257224866,vzovf
5008244445,bycca
8952665710,kitky
1232050811,lxipm
4035948206,luysx
3428119040,uofma
2009767289,zmhiq
7240967066,mcvtd
1123065457,wfepp
1852533357,ttswa
2390786601,sckvd
3571634395,jpevs
8275528368,rtmsk
7359544312,pjmgd
7396810933,cqtzx
8863668574,dsstf
5827321276,kahcl
5658875973,weukb
7139940049,dplez
1388749781,bssti
4951932986,lrmjd
8416487874,ujjgt
9791244612,rgvvn
6323482683,cydtr
8419060979,umohj
3611746634,ielim
2855448055,kdzqi
8884854052,tjdzz
8726088216,trgju
8237361194,xsisx
6234157304,qdpad
3262726971,imjjz
2074232716,pozav
6996141108,mbkyj
9117643519,xgjqo
6227417520,egapb
4136259815,qgqqx
5354074620,jrslh
7284206251,yysml
5021928702,qkltj
2304362326,zghuh
7900542252,kwtaj
8925869012,denci
7872394516,ksbgl
9777179716,bvnoe
5932345650,tsufr
7674562051,pfsoq
2943150052,agmwz
2280549886,dxehi
9481321987,fomrn
7996135922,yxshn
8530936272,giacs
2976428580,jppqu
8723955905,ngakb
1009465898,wvyyr
8717292495,cruqv
2729070556,wvvhc
5565157046,wauhj
8654920556,wdznz
9761029920,ujvsq
4576263309,aaetw
3474474701,nonmy
1250324003,nbkxb
8947870798,xaegj
4272158992,zjgzh
6089477977,gdfmw
4530954116,cskys
3595217132,ubadq
2927899085,tqdvo
7144983726,bdddz
6575018940,nwdzp
9962115264,sfrdw
5768451438,hhsar
4955623668,kcnck
9355044826,gbidx
6822058982,fhqdp
6829882635,juajo
5192689806,wtnvu
1140789968,xkybg
8726727717,molwd
9554909245,equde
2287553451,uzkqg
6374251071,itgki
4668889466,vkhuy
3110229306,nonyo
9973896659,hgzli
3676669473,wjqke
3897758211,vilyy
5722598827,gvfqo
5221718049,chgpl
9179951097,oemdj
4209210339,gempy
5669148934,jiklf
7628277108,ulvrm
8270698522,kpcpf
9593612768,vkiln
8219233978,vtyhl
7682371708,unarw
3739305476,roomf
9195281417,nsneo
7001573131,ndsnv
3350619034,iysmb
9547270255,mmlto
8464688426,vpobc
9973058688,emtng
2536801901,jjogi
4132761666,rpesm
9072972407,crrlo
4483940133,jbinb
7634498969,sjewz
6583910469,sgcsw
9690790089,brgkz
7797564400,chpdg
7826023764,yereh
1459282521,asham
4506834338,nqmfd
8956735582,rghvj
5047883874,rvyjh
8963143837,koryh
9936959719,arywd
4886335604,tposl
2062241516,tsvqe
2543194068,astrc
6868138677,prxdr
5506778104,qnzue
7231898106,hijsc
9338732705,zxygy
7100840779,swyql
3376165817,xkayd
9929622812,ipvtq
2839473801,nwqat
3425577697,uqlkt
9030352325,wopfw
3494236726,afvlm
7649468148,hgyli
6531713544,lvuoi
6881778764,vjbdh
7788166723,llgwl
9956077833,uzhkm
3662829232,xdgaj
5241629798,caebv
7872958582,mgihh
7975406219,qbnqj
2140687050,ymnya
1285790399,prdul
1373393683,rkckg
6157820103,kfwgr
6977831011,eoiqa
7885693139,smpda
6933347143,sbuou
1739852227,iokdf
8058552345,daody
7597252138,fbhmi
3140218525,bosxo
3358506707,mekgz
2466754532,htqmk
8552042173,oojan
5539993739,eksrr
3260815117,annwu
2997268094,zuefy
8555059412,zegmr
1535141161,wqwvk
2226219924,xnluh
8479872121,paaoe
3917511790,dbcgi
9038655889,vnyif
9718582329,hzajl
5469330626,tjwak
7022901336,poxax
6893367776,wmwge
4304750824,cwpff
9342701689,zrxmd
6684072950,fncfu
4799501447,emdys
8615251944,bpagb
1921458752,itzsf
4707460355,zmhpj
4034018036,hpmcq
6687943610,kddps
2313581800,epjaq
6909866671,hymtp
6415446834,nbiox
6508297492,lyabk
7422096961,ratog
3863408200,fzncz
6289143140,pnngo
3047127011,yhxzt
1769942432,vonbb
2307060497,pqnko
4461436315,mhiey
8754645188,xpfmg
2507154742,tmrzt
3050822808,zkcss
5033208732,fxwwe
3767117029,xlynx
7333863544,exlqh
2989453981,bumij
6216401535,odpbk
2964424630,lupvm
3471933248,wgaib
4153224581,ayyrl
1024381309,dbtvv
3047931167,nvmeo
6676484678,vqlns
7716164676,dnjze
2777625560,clkcq
6901245074,mozvq
8802363690,lhoil
2781170100,fnweo
1170704859,nrkam
9872817935,vldbn
7566461731,vrrjp
5271417822,dsqly
5174298242,xtlni
7013699212,cmiia
5641652985,ebjmb
8656797609,zdmse
8297706632,vuzbo
1462413405,zootd
6976279315,zidxz
7608779580,abuan
4867124081,epfvn
3469022536,aiwnz
1959481804,xttvp
5094796085,yqwxk
8777697905,mixro
3105420068,ctmwr
1992543120,vldne
7898305966,lmhkb
3863382147,gegdk
8175483479,qwenm
1266455949,iuvrt
6495296510,qdxaq
7060868850,erhfh
7858472335,cxlvp
4908374212,nfemm
4076374209,glzfy
5704169543,cbine
5670495832,ronur
3872989435,gdvcw
3258929377,putjz
1517424584,poapu
1829388474,emicq
4201142604,hymal
5605100038,nubuj
7667995763,dkygb
9759386608,exewq
9785269191,gbkxv
1651353577,sispn
4857325855,mzgiu
8972175145,fxhom
4071457762,qfodw
3696333795,isowq
7849707428,wmzuz
7804354730,xfwfc
2167054264,rqjdz
2024996479,cmtao
3513134199,vsdma
3307645012,jtbju
6659996626,yugju
7219204723,jxqdl
2165211129,mfqbj
5081845808,dqbya
5621463920,wzdgs
1305564917,hmjno
5138532808,iqffw
2736593322,ohyuj
4622738434,qxevd
6144944357,ixsen
7061906362,tglhv
7107812679,xchsv
5644490164,gjfen
9465837219,hrddj
9993842318,niglh
7223440643,zzazq
5144442378,uurfb
8830260199,vsopf
6536340979,ssmlz
5271076915,nzoty
4440307175,nvyxr
5514303042,djugp
2988286776,kuvbc
3672481996,evubo
4635940520,nvore
5547550387,zagdq
7466671685,vyykx
7440033718,ndnfe
5153651007,pjbdv
7783807495,vfvqh
6244932673,sktle
9125304624,cjnav
8202538962,qiply
1670073083,bfxuu
6779223041,sutuy
2668618234,vbsoz
4378444354,vaftz
4849647807,harff
6486728191,rstsl
4136127248,dmufl
9380425257,jblxm
6277970268,zuzgm
7456590594,bvchi
6890215693,apoas
5760558707,lbveq
5692654456,rexqm
3960542701,epieb
9867349922,dfnyk
3461564848,kvdpi
6475881913,kwyfv
2098736389,diuux
9554529126,sqxjk
9582184325,cplgv
2709329007,mqora
8082987126,pcpyv
8167129489,sgzar
7726222030,mmceu
6314891902,felsu
5700358893,znnpy
6702455644,yqutf
1346261401,henbx
5679206607,nbrne
3094817805,sosyi
9028014157,eblhb
8484771287,mszau
8661453058,ymcqy
4602742082,eexcg
1042296406,xwudo
3147280235,wkjoy
3143688733,mbacs
3655278155,kfazf
9115337519,coutb
2478404505,djwms
4852667535,mmxdn
7340221865,khzuw
2052363630,cfqfy
7749538581,blcpd
7887046105,pomnm
9693130224,yjjao
5326087082,brtxm
5566360757,jcfvg
1154520270,fyrjz
3507643728,dhjew
6217687048,fxsns
6867036535,mvzkp
9395969588,qugtb
6381290000,xqilc
2993768915,sypmr
1974214106,hiifm
5160963960,iftgs
8588247233,vujkv
9041244283,ymadt
2796950955,gafle
2141726845,zoahn
4389440930,fafay
8134555954,uwoyl
7402335758,rwhtp
6121128601,jlzhk
4702490244,gabyf
1640818974,smycp
7545111777,mfoym
9702829618,lxsoi
5202744501,pqilq
5752756376,hwfpq
6694603993,mffkr
3910166601,yjlai
6712204026,livlv
8383043823,vhadk
3383990865,tmeuv
1825050166,qkcpj
1141547660,isxsq
1657828780,yksqp
9537316120,jedfd
6444843643,xpktj
6935089797,uwuhc
7244341790,ujgje
3071973500,utpaj
7492303847,bxljz
8561802345,ofngm
3492727783,xfdhq
2324016839,nvlpp
7365215931,evpog
6600231784,aglzl
6087255805,jolvy
9276483058,bkmsa
2701820555,twznf
4571615353,lurbr
9889905611,ndcmm
9717625387,nerum
9535682812,gpkzq
9991401633,kuycs
1550764300,pqrbd
7422766238,abgfc
3199995084,oynrn
7410844087,rrtwt
9224534999,ojyqb
9419642202,dxeiv
9235435395,vlmho
1010588600,jiwtb
8156065869,ejwea
9277920002,ktvun
9615189319,obdui
1422901343,kgvou
5447591274,fpkqf
9591343044,ujgda
1166356164,jxvdg
6347308624,nknzl
7375004845,sfkre
7842680069,insiy
8674872550,fcmhc
6698072540,knohi
3267352553,lcqrl
3156362682,gaujr
6754689340,vjgez
1894697886,zvbik
3450534811,dnaep
6778152277,vbmtp
9789073834,izgnm
6244992132,mavps
3287706043,rgrgm
4355974184,xrhbp
8307147473,wnupf
7531038446,rcaqj
2378401091,klksf
8149043914,ofeod
5277591242,taqyz
2588532562,answe
5570899410,drvil
9762797261,iummn
4783643023,tptlt
7748498639,qujds
4978731530,wwzbp
9491093959,meoly
1505570465,jmpvb
1381903807,oxvkz
3498254723,bxggh
8809482639,unfpa
5869111096,vsjcc
1712425196,grntk
3731260177,rcecg
9280242381,cnsty
9297731560,benlm
8727049064,cuqyn
6506998706,xxjwj
8435273318,yezus
8665801212,flhbo
2285921800,gucss
4953157787,pubno
7719663274,lqrew
1289194787,jctif
5140366800,lpizj
3369409225,renbj
5101243473,kuzcy
6513299521,uvggw
4357277962,zwwgh
4913513770,rkhsq
3442624577,xukmz
6665018953,lqngo
9608803066,uezfb
3421966634,dygjt
3491394226,zwpqi
3276588386,senmx
3443075332,owpex
2659173559,wtrtx
5679525810,caghi
4255251057,dcggs
9605075148,ujepa
9893006611,pqwea
5642818420,hkxdu
1860967760,khubo
3563537373,dkupj
3916787725,frrne
2741046351,zjnma
6856633227,zfqlb
2423236701,mutie
9120608592,ldbis
8849913039,ioqbh
5326751871,yhlpb
3534342770,bhybl
3460924293,lzgzw
9695787927,xgbse
7941525445,fpzna
2767729343,yunkp
8219367895,mexgy
2738491625,gjzuy
5037076826,naeud
5713540187,bxdqx
1680606940,gatkp
4847553773,sywhf
6336395978,yrxsi
7365060482,zijzm
7042785724,dhxsj
9659317514,czxhm
4042766167,akmzh
7208479310,kfcjs
8155888359,jbhwz
7907052579,rjzqv
8838548149,btyvw
5213137102,pelsb
2997758604,rlbii
9615818072,qzggq
3668293136,ctavu
4490705704,zskvt
6531767956,gisiu
2984248001,cuowh
3197401466,hjehz
7935374723,qkgub
3293265715,tbjri
6186044032,ptaiz
8464662958,lbayi
1382770517,mhajq
6287964121,lmazk
2543060565,ilvxs
1459250979,bpcby
5680567885,rxzwp
6051655682,bnphf
5414995820,xunjr
8780426704,qaksu
3567387265,neiro
8791668522,gymwm
2132550925,tnrti
9872220659,xezom
6882594028,xukig
3615684547,eqvom
3263763817,hluwc
5497258624,ziveq
8440670276,lugoo
6119687015,hgjly
7838669512,vieol
2058884566,hqqow
4531226906,kenqx
7456752349,tllcw
7887908125,xgkoh
5345982254,osxab
4438764972,gxkwd
7958635116,kkajh
5637100550,wbaow
5274785848,hufip
8563070503,vbtbi
1455285301,nxkxw
8298668840,uvqkh
8780922771,mbwdn
6856385603,mlkxd
2872800456,dwpza
7721617701,dxipm
9876315674,dhznq
8073226414,whhls
5718623181,wbycc
5425269241,pqtze
7987262782,bwwkx
2046025060,cqkof
8690757693,wfmpn
4256928185,ignmo
8340225320,ullhe
6787653787,cbmkh
1887876268,zdkmt
3311023215,tqvdx
3169381126,mnamf
1492494495,attwd
1519864667,eqyrl
2766400367,ghlcl
6321317167,auwji
4300304807,bmmzb
1499293830,lmqbc
7021086172,ugtfc
4550186908,epxyx
2479123642,nxghf
7927709074,rajkg
6446448524,xfhjn
9727130898,zszhg
7110561835,qlzaa
3669370194,wfasz
7401096114,jmrqo
9028492247,pfqdh
8879017683,kaokc
9740757308,wcxhs
5724275323,rqopc
7360666244,ujvcl
1179407631,tioes
8909532043,nvcep
9878342070,blogc
4684353503,zpgxu
6697820961,vdplp
6621646650,rvrwg
9537051434,gfwqd
4319206233,qhoyw
9072756455,yuggj
1839346815,tlxfe
6998474798,ikxpy
2822007312,gqxju
5377993722,uunqt
1403568400,rpigj
1792363995,eqrae
4435702133,jptkv
5102603650,cehwv
3201750343,fshoh
4234950760,eonna
1675968768,mdflv
8818547739,nfbmu
8571643623,bbltt
9584004334,vfois
7240738052,trrtv
9079385896,dvyov
9573220812,zstrc
9204650952,fmjxh
3716808790,djkhc
7159957973,qvqgt
6136144217,cafps
7061993200,hfvdf
6734055929,jvefq
1852197765,sdyli
7150883479,wirrp
1460367792,pkqmn
8541311351,pmmug
6305160792,dkrbb
8625878170,zykqn
2604940110,mqswn
1570364665,yqnuv
1021859993,eqxzr
4654361904,gnldh
2345749530,oruwd
8633394658,qywhb
8506579289,oiohl
8170183773,mvfda
6772839800,ntnrt
7968431328,comlm
4374658860,nmxob
7503825821,ekqpx
1997082003,rqeuu
6298885959,bgtsl
9671965322,zdfrt
4019728360,ntwjd
6655406647,tlkeg
3926644982,kbqds
4827025427,jjzgb
1326040577,bmjlc
4288079019,mcpny
9046748691,twcpa
5966522618,jdpjh
8580830487,lrdex
3215650419,bpfjt
1920827309,xrzdg
1313866390,psizw
1953722036,gynmj
7343151947,ejfii
1359003351,blsyo
2610261078,tpyrb
8337677745,beuou
4826414637,veafs
7784276016,wfvxw
9874296107,agusa
4707426710,kiyar
9215875719,khyiu
6253493044,bhojl
6200929032,omlpi
9837036596,trwhw
2814324932,jkdmx
7691726656,lletd
7565398781,dsqnz
6187774833,euxbd
2548920154,gqvvv
3862328269,azxau
9326927007,dcymi
1406580157,dnnyt
3508828884,xewly
2679374725,ekzof
8561305345,axgli
9401964866,ptocn
1841050056,ruayx
8161774315,tsdmb
4199872892,zygab
7434344023,ggcgd
8953594673,ucunt
4479802718,rlykf
9816309714,tnedq
8120480656,mzfxm
3710716523,mfbtc
3381981051,fcgfq
7503680487,etbqy
4839652273,yqmrq
8513057924,cjzhr
7797085563,etexk
4641080196,asdkh
6907770932,maseo
2794642983,pdmvs
9039829659,saiho
7278162834,djvrz
4602579555,lclmo
7788621144,tnoki
1070125648,ydbgl
3572216345,guswp
7145883377,swmxu
7595953785,vublv
4563791454,exrvd
3146619059,jbbtp
9832108646,sbfnd
5399324494,wlhxc
8855959457,bpeyy
5000292190,hukrn
6179826512,wseiq
4908101940,nxatn
7497088191,lchyj
5118920275,unbra
9309740448,tqpdr
2892605586,fwjpu
6524447466,wbrmd
3657431294,tizdv
3545767253,nrmms
7403687331,fyllk
2416206651,bamtd
1076584099,yjzzc
6694155713,gbegx
3354467846,ghous
4072392691,nwibl
4698747394,tetwv
6417354966,hsxau
6082152815,kvzfe
6158282584,tbfwi
8632630705,ynrqp
8824829419,zjzsw
1261840121,iecvz
6487886603,pyxtt
3185198144,qpihe
5057313696,crzwt
6041060227,arqwu
9534546152,aytpj
6943790518,bltne
3780470247,flozq
3177888647,ruxoy
6186448086,erhcn
2991288296,xfqgd
3958802062,jgmcz
1167131350,kyfri
2440444389,elvqt
2918225733,zsvhd
8472771753,vyrxt
1675232091,ntgxa
2209839274,yikvj
5408524348,eorul
5511646294,rsayv
9839370906,leedy
9656422352,aqjdq
2536317416,qkspx
5045478681,skuuf
5688805843,mplav
5751680546,xqesg
4807457302,felzc
6576383506,zjrej
7250545530,qottz
6126131976,pakoo
1920451524,uwnoy
7046356949,ylyra
8189577497,lesth
4765807825,omnkk
1611616860,oejcu
9601000184,riuqd
6149283836,feyud
9378670550,zcyto
3676171239,zghzl
9033950835,gcgqz
6658232311,fttvl
1081875209,zkxva
7617087926,yznvq
3434406607,tchno
5334188589,dhjwu
5910071355,dcdhu
4162000172,gvkxb
9079472916,oiqcc
4460944684,tkljk
3733356892,sguqj
8179413617,oznqh
4685658387,vcrtv
6226764415,jjqke
1989444022,jyltr
4779564034,mdldi
8273485487,weisx
7350016739,twdfj
5312551788,gprig
9687652035,afnto
3483333243,dbpcd
5452027866,ubdui
5752855491,wbfme
6484999523,vmaim
2717480565,mgayx
7388523430,gcqfo
3471294842,ehhtp
7491388198,vbnwn
7648634375,xupiv
9743914785,pewtx
9802602787,pngfg
2908021205,jqbyb
2707199850,trkmb
1562257145,amriq
7430435330,ailif
4355018877,ayeqq
3172259053,tfbxq
4814468242,libws
9512347909,isclu
1607190386,saxfj
1966562996,lqcvt
9895734447,fzrsh
3537717169,rzfgr
1729550227,mvpma
7733292759,bzgot
4213113934,bfrii
8625815503,kespq
1753188864,qoivb
7875106345,nwpfz
2509375499,npqso
5726771822,evkmd
5983687114,lnoxm
3469338099,vvqnd
6897160811,rnlna
3889744839,spmll
5112870223,duaia
7678659337,oriel
2760952151,mlkrr
6661042305,fcgmk
4202850390,icqtq
5898042517,zqdjl
5962422181,bvcml
7702199408,wklex
3713890175,vayqt
5377308598,hdsrn
3579236172,hbtyl
7589834213,cimtv
6222768008,xgvfu
2765107896,acjgr
4242450289,ggkwb
8854746471,dqjtg
4918691638,jizwt
1846978153,wwdmc
9165127951,nfvep
9590663151,fwkjj
3066235330,uohxz
7470569509,kmkpf
4061763963,yuvue
3713685304,cmuod
8032311529,dptpl
9921878488,wkqfq
5333231920,nbsmu
3248838700,hlmbn
1843840272,iotoi
7663247909,otcmp
1078675465,ipfhx
4822826439,kqasw
4741496095,njdjo
3571546914,qoedy
1446679537,emhqu
5051242920,xemte
8342187659,yuqzc
9355019613,yertq
5409438189,asxaa
3219296245,ouwlc
9831219738,qnynv
3478267459,bshiy
3527266583,mexko
3688437142,iuhsq
6011602611,qxufi
9531185034,fvhau
3797010673,gcmbp
7534109417,cgaii
2835799487,lxwzv
1758240922,tkcfe
4492955060,gqnuj
5726175413,wxzch
4240420901,dtaqy
1809065187,triyo
5017044177,yqrqm
5017664361,yvqsr
1509194577,yvbka
3683736638,pardk
1738982780,nwaqv
8514113397,pgbnh
3650537894,usvhl
4825574804,dxnjg
9295859574,tylmm
8657775516,xcklc
3811264030,hoaur
6715572134,livdh
7317753248,fshac
9614399877,yutxf
4379403084,jbzyy
6555427634,iasza
3740409313,xcvtp
3538177688,eucch
8698292956,wejcr
4637966060,ueqyi
1115797191,tmkjb
3145473133,ngzfo
6719572088,selqz
1997478290,vprsg
2017300366,phqhw
5930025837,fncyw
4177137548,jgjgl
8340272468,amryn
5638815835,oefya
1786311418,ocrkj
5926809776,xzewz
1722432848,cwuwx
9965530932,hsjgu
2421460756,vzwis
4516011442,pyjsg
9246836059,oaaxu
2575961923,wsfui
7018453933,skrgr
4921914039,xkmsg
9566207254,cgmbp
5762843499,vygjn
6176327230,joain
6053288659,weidn
8225504254,wakcm
4602986802,yonqv
3708695595,apwsh
5938611515,zrnpg
7715917633,zohcq
9158715980,jlvvr
7754191653,vroic
9501430151,ccckh
5575792819,jkkdv
5493790293,luyhy
4230062179,murzc
9675405869,cnfpy
7886811424,ktghz
6743310339,cwfcu
3999772875,hruny
3571281894,loxog
8482157106,hioxz
9891354954,hpkmn
9836345429,ycldd
8312773607,ercup
1440234342,phicg
3821546262,rorfk
5157687921,wdvtd
7783219992,lxrkx
5055439734,cezdt
2463193334,jsmix
3628975202,svjww
3166938770,wxcdh
1365618641,mxgnx
8455461187,lpcgm
1978605591,tqrwc
4023937998,fvwsx
4945767200,dbsoi
4714121653,xvmht
3592761239,smjeo
6888110021,tuoud
6139140492,cghad
9200830984,xrpyj
3976962958,xayqk
1182813195,ffpur
5492907257,dsygc
4069783610,nxrjh
1576974386,thrcg
6747625569,ewynf
5014681519,rrhwm
9030291108,kldkd
4339630869,cuwdp
6801233187,aizjt
1618633230,nemuz
5586234995,ripfh
3839087909,glivr
4970340836,zozxs
9909347655,gwgvr
5101434649,fwctt
9108707528,yfqpu
7954049874,uytjf
3379059308,yommc
6966253291,rstbg
9688294006,gcgqc
2569082427,lgmyg
1642890871,ihqen
4265471341,umgmn
2220863837,nqtln
8270358887,jtdxg
3590393824,xwzrg
7976133537,ajhfb
8228575421,vnrji
4953544272,evmkr
5807399147,zyyhr
9470333466,doerj
9485991357,cgrmg
1923701202,tgnwq
8891787063,dtdgm
3953414579,ksnfi
7653815348,wqcwf
3363456683,vmgdw
4598446359,yrqvi
7082471526,dxhxr
2751521503,ogrut
5052930165,sjqhx
6335555822,hnvnp
7484408785,kauyq
3770435449,jxymb
4938125301,clqrc
3768523329,cnmdj
9435260260,wkcee
4667261757,yoqkz
5618488929,iicny
6662970248,tkjnh
1922420347,jpfmk
7301638350,jttyz
6652371941,jvvlb
2676012305,uwabe
4467557075,xqcsr
6417699686,ntcpq
5354192777,qexgz
2256192715,yjzpn
8856576323,rywxw
9713563023,rdeqq
2128879482,sehsk
6592808147,kmqro
1964977486,bfbgd
7069061501,fxajz
7306795400,vhvmc
2696412225,tivih
7689797907,jribh
3330232724,nakxs
9791545797,vawsd
7744286314,nbexl
6704542377,wfgtb
6052391098,pktjw
1064207168,dveii
7538451714,bakfm
9669114485,hqxvd
7677352336,ulekl
8552311606,qbkyj
1884668822,ctdyf
3466063438,tjdas
4571536894,vcgwx
8376808381,fiqyr
9602330066,wjdja
7115723360,vburw
3195399669,slhyw
7421675209,jjivf
7957331651,xnvxc
8945311768,rnfwi
7954253410,kacmj
7601404420,mqyyt
7123835632,qtvbs
2759820885,eayda
7896611628,yeirb
1930476287,khvrb
5064698803,tuwcs
2577705870,iyawh
1434023111,mvzuk
1099652080,oyfzu
7506719917,xuloq
6430288303,rcpkx
5605802384,sydgf
7702954178,kfxej
2452165241,fgyjk
3164970298,cszie
9528110218,pcwzw
1719360082,cvruf
1434044270,ydzmo
2474821905,fhfgk
8500786966,gzgmm
4016514971,idcof
1256169559,dqwhj
8210156838,kfcvz
9722549220,izvkj
9395118590,pxbst
4673962979,mdlsw
9837139793,eqcgd
9632499366,vpzpt
7889777173,lkyyh
5844064657,nqutm
8069565603,wniqd
6720529539,ketpd
1544224341,eyauu
5960562959,odfob
2226797220,vvatd
5473321851,xvbhx
1256505886,ulkwh
4473456923,qiqfw
2427634235,yhioa
3561403600,ttikt
6164130881,blxxa
2665136073,jchxi
6769933826,tjctk
8671838324,tvmor
7754964600,svevz
4267436741,fzuuz
2719166020,abhhu
4965531881,vrtjy
5275947593,iddfq
4544233645,hgpbz
9348758797,vtiib
6081841941,rgzvo
9390021704,auyfe
8919691439,nmhqf
5458118269,whfek
4459317402,wclth
9655768191,zttls
6594490553,nqble
6336095610,qyeqp
6782381741,owkad
4351113900,cauxd
7714899114,fvpyx
8551756983,jfjze
3703276455,wpkzm
6856595989,vgsie
8772508525,qlolg
7856391199,wkckk
6058841227,wgekf
3672550465,qrpmz
1444558240,lrixz
9548387464,dueup
6299080644,ncwzx
9713362047,nvcfp
9368509185,lcoxa
8138180384,wgzyc
3858827223,gxyyu
5889848874,dltyt
8402422183,rdnpl
9426748316,tvlxr
8098231747,sksbg
7738141984,xgnxz
8526651574,chtxh
6566111096,mkxla
6565960090,kehvk
4588710219,aemli
2432953955,tfkvd
6563388550,ytlyb
8004382231,glvrg
7628244287,azjmx
7979301232,dzusp
1400879198,rjbvj
7964700185,htywe
6413728002,cywjl
3324495399,xpzcd
7751945912,ltkof
2523889094,jsplx
8550877720,ecgfa
6766151611,zhbjq
3699825124,hvbay
8290447312,ctqmz
3069148567,tujhr
2316734225,zgypz
5617958196,rnhqk
8987834336,drctu
1907909076,hamjt
4780787035,ffikn
5834268866,vwvrl
9890809617,wefld
6473167045,lvvjc
6937417014,hqrbm
2276151023,ecmxc
6906044889,yvkzn
9598341555,cbztu
9542717025,xkikb
2709917098,acggz
9231789240,kgnqa
5545684240,ymkwq
1232239357,bpvzb
9294178944,kddsn
9927499362,iiitg
1022855515,fejgy
8797596685,xbkaq
5766430208,nrtku
8756072273,itffa
3812770629,wiiap
6230838031,bdndu
8872195259,ahdrc
2060621749,yipxh
5305249978,gwwqs
5411327182,bdqfc
7240626683,czksf
5225422443,jvlfb
7690364113,ttwsq
2799206588,rpbty
7265400356,qwoou
1123165863,nrldk
2412745344,bycsu
1922646765,izjti
2879205069,knvkg
5072820324,xymxx
6391744206,sgzrk
2269278009,fgtrk
7059554470,auqzb
2044170189,skgcz
4070272255,tbofi
1289376789,vawub
5593744163,dmjwi
8870778134,sento
8573807019,tfslt
6139723449,aicjz
2729817957,gxbei
8292089220,jbtsv
9302534110,xzmzb
6162784746,eyifq
4929711259,cqalt
5345358896,wbvtt
1108360044,adpnx
8514346343,sscps
9468246900,himff
8054686078,oyhar
3929671514,ivaog
1598235498,yyvhy
6353253119,ydkel
2311909619,rjwvz
5446963521,ghegq
4775778856,siqqj
3869418254,czqzp
7121717856,aenvq
3362619880,itbtg
2082897880,elyym
6164044516,szqgt
6582274375,ircyp
2074768556,xkflx
1017764917,xvybn
2406580374,feiav
4282270647,idiwl
7613137913,nfkiw
5844637722,aelro
2769839792,xnowv
6120160877,konsu
4460600267,lbzgk
1198354930,dordv
2167918414,jmucj
9292626107,seadl
5670856859,fytgm
2242822569,tkngh
2929915721,ocjjf
4978860418,gucst
2933434049,dzwwx
5730088169,octlv
8339788174,ojheh
8053303138,rcszc
8697410923,udspi
7488470352,bllbe
7954023032,vfmiu
2382240641,ojyib
5874709178,mlmaq
2984005419,fhein
6875997310,nyzov
4461003794,fqraz
6001595541,odpub
1743148806,tvdoi
4890893995,quyti
1695344123,hciij
3563632118,rarmp
3896635959,ewpzp
1700451226,kbkzi
6753010138,bluvd
4153408508,ggada
4640749532,iqrqs
1560313798,muqsx
8248694558,zried
2381630730,mgpfc
4120465917,calxo
3116263516,uqmgn
2758206909,yaksj
9091417980,csemi
8759239415,zvcgf
4688180624,vhrrt
3406468845,bpzce
6418382058,sktay
8320976180,hvdoq
2833687089,fjnsa
2070920327,xwulv
7969045815,qfxxw
7495762135,dwvrb
3712650781,wolyd
7235754386,zxtwu
5710687040,mztny
2465368327,lwhdh
3008062938,gqowp
8987518039,czqrt
2729767265,gnfta
2561344063,xazze
2307506155,ziazd
9520405297,ofonf
3646656917,tisks
2027959944,witny
5736989451,pdpgy
5106147442,mqnir
5411762974,utlnr
4491623156,eirnp
6224471277,uqreg
2801844660,jsplx
5878176256,ozwnq
6491660592,btvnr
4911790887,ptmuc
4169157635,ugwiz
4024264931,ttvwg
2639129249,auqat
2243410546,dpyfv
3086458391,alfml
7384726194,bzftc
5940980942,ewnow
9137047941,ebaos
6335081186,lsiwg
3789609618,wmfjq
7193510018,qehzi
3415103953,zdmsz
3260513456,wikkv
3112303300,ojnhb
2514989528,mbvuy
9165902885,apuak
8378834794,gmsyh
2198984082,iyuho
6089873712,kwsup
7180529723,gbqvs
8123616482,sqkal
2732225194,fazsl
6765616263,rzqqc
6263461500,fwxbg
8040086137,ioqwp
9198598266,ffjke
8946089695,hhzkr
9197381443,iarxf
9192015207,duyec
2996612497,pmuby
8657109056,rngfu
4100700290,qlrfu
8617279329,ufaoh
4057107579,fdfaq
7762351212,zxwtm
2086383463,xgtrq
1091354014,qomxj
2836493851,btspk
4221471473,upysj
7190654082,kaozh
6467964795,vlvfg
4219170461,ddqzk
8363897918,bpfhh
5062734305,omrol
1003667742,gbonn
3356144215,rluzv
9412129501,iqfwi
9852792726,qawgk
6643880910,rvkxd
7333657777,dqqou
7222264086,lqsux
4150428398,yllab
9689260149,qfhus
5683568190,yfzri
9502843977,bfogw
7099083882,qazsf
2385169232,gdxsq
2131321487,txwdg
9340336300,ftlhx
7843028109,tybec
6893996611,batoi
2733917871,gfguy
8148959632,ifwvv
5404911238,nculd
4061974871,pxgcw
5166322229,tgxgx
9020885574,uhbmv
7669594091,tsfwp
1357515922,rshrg
3367455293,jhmmu
8892376475,zjeqy
9363063409,grxgw
4265073370,uikem
8928850299,zqvys
2975238009,lnddr
4752221194,yjctb
9326509379,ceycc
4452022305,msjgd
5117702708,xebwt
1081612626,btfsz
4511356084,khrjs
3288156303,cmanm
8681229653,htbbl
7466743979,mydhj
4243748056,afjuv
3794557796,nuerl
1134990698,pjdrk
4541348532,xpmds
4163125664,wrgcs
4219127455,lnawj
3497801998,smfon
5278552120,edniy
3655495915,ajgmw
7420479278,qdikj
4900645351,zivex
7367775898,lzrix
6268398397,fugqz
5714809842,vksag
2000717467,lwbsj
4883080621,yidcx
2146677805,dwvaa
2752514094,xgdkk
7782025124,ukvab
2592319267,dsbil
5970320308,rxgvc
5857205882,gxltf
9527658349,wgqxj
4532057109,qtdkf
4033754371,paylj
1840096661,gwrgw
1899060250,qoxcc
9665832175,luchw
5426802389,pppft
6190808491,yagzf
8968767395,zgexy
1635849713,hqbia
6659806609,xefxc
2802359567,tlvuk
7376599310,foxxc
8187423490,suwxq
8410514738,wstjk
6078509301,mdgyb
2208245345,sbdvk
4564397311,vwyjy
9574053642,zhkbn
6599373935,lngut
1738154989,zjdkt
8613646096,jssds
9121798728,ccizg
7953249181,ouiqc
3828663764,ilqik
8851056275,nugrp
2421812851,qiflx
6818132571,hwavj
2553084082,zobqd
1245261046,erdiz
3510242062,zstxg
7209909542,ldtvd
8095094730,elowr
8580548267,etcyk
2194794020,tdhuu
4979066988,bhpsm
5364610913,itjfm
1942662529,btsuj
7315902207,bzmlc
1259148549,egzjw
1380344276,yncyi
4834630529,avcbu
8203231866,ivacx
7440738656,jbvky
9241616878,nlzav
7168209205,gmrnz
3945585711,noobi
7139620254,pawbd
8020397949,qpvkf
7568754448,kethc
5440253627,ybtgh
2672456971,ubaqx
1358219876,ovruv
4870708832,vfklo
8205778132,majqa
9205911606,rnsnn
8195696884,psagq
8190098236,euxti
6595064536,qtbef
5246335003,avibf
3139970687,cxlyl
4496691145,wvfpn
3499756381,lmybu
9344176594,yytqk
9027012823,kzbek
5292573422,bhftn
6831928791,nughk
1045365604,yihqh
8901895759,pvjlj
4886454904,jgysc
2227464185,bnemc
2554034063,ccudu
1175649198,icasa
1559815319,unjpa
1066132725,hvxjx
4976402577,qizbi
1554364879,vhtvb
8374935993,qbyok
2949450421,fekhu
9345556649,xyono
8970290695,quwnl
2771607403,lturf
1496038581,qunli
3707859468,cwhmq
5821909773,qkwvb
2829837611,klzkm
1669436730,yuxjx
2884699292,qomrg
6647909166,stkuo
5967643538,zxhwr
4155794580,gpjvp
5069031864,hasro
7782013039,zfnjd
9535957507,ppdbj
9776650212,qqgmk
8539290552,ekqjm
2219907758,tqalw
2924223304,zlkny
5852912876,aixbt
3771724831,xkuft
5199739509,vjkxp
8001356059,wkwci
4355233199,mchno
4358092266,qmohz
6768280010,avqfp
2987678494,ociza
6485583597,gbiag
5666149057,xhjmw
1240432480,wcwab
3964479287,xmzyr
8210183297,dfuss
9612901519,bljel
9982145386,lejjf
8187919710,ztsqz
3598815302,kcpwf
1637949261,sipyp
3823528263,ggzon
6069693019,luhyf
7571120325,emrdf
6600060608,nkkpz
6462624769,fznll
5533403694,ndiug
1369819548,jxhvf
8241372324,txuhf
8142126532,xhnlm
3397228775,arzny
5962806211,cyfaa
9823557906,xkqmc
3816364931,bifrg
3361665523,lkwpn
6827492083,mgkym
4843321989,fuxss
2713939337,zhcfr
5176535689,ztkop
4682196150,feadx
8280590829,dfkbs
5603625764,rrpni
7329945056,qobud
8931920258,mjtdo
6094906009,vzwfr
7496334493,lnjnz
1188145998,dsnfi
5658214301,bhvnb
4640385092,vorns
2323716692,qoyng
4701595750,mfqxi
1863185517,pyrgz
2550915860,uugoi
1463268680,wenji
5497993498,whxxl
1709131873,otxuh
9841378996,pppja
6700568178,goyud
6612228750,ulxtx
4674997482,nvklm
8340967808,nwoot
1479794849,verpg
6004882466,jajfk
1179121357,jufjd
6351870277,yreks
5849708105,gmuxg
8211802199,kizqp
5865204646,cnygj
6341691661,nlclm
5206830800,unfmf
8696178187,diejz
9669053730,bqekq
8621530700,isjfm
1010851495,ttwlv
7777127938,mcoue
7149806994,gahec
8677882849,krogh
1122286881,hyhlp
4258561678,svvvd
9195022264,fapqy
8704838951,gsaqa
2606398467,qkted
9994426751,jdczh
1450577249,hympn
7924501533,ghacq
2676793505,onhep
7819577303,jnxxv
1577013754,dgios
9185225156,sjmzw
2029227642,yauyd
1612468181,nafoo
3244263762,jufbx
1194712773,ygjaj
2480516549,eifec
8890538646,qfxaf
2507498641,fsiis
2907412255,tgczf
6470990631,cspkr
3182679659,djoau
3878259316,tljhs
8983709499,kdzlo
4528140470,zvimo
6998773276,xkavq
9277904433,urgzc
1987819526,znewo
9023109154,zxbxq
4939574838,hbwai
6796779446,mrhdd
6361041255,hkcqq
3346353189,xiwzc
1834505096,jyivi
8216635142,ejefd
2370753488,pwlvz
9014159424,iejdn
3398705432,jiwkm
1469592517,kpvvq
4626739138,aquci
8518290442,kzpoi
1233868012,mxoxp
3953753907,ftkid
2302702868,pnmec
4677701297,blblp
5830263271,kxmqw
8948183098,trrbz
8402086056,ggmud
5637908856,vkprp
5928958707,shtpc
3606687778,ynacn
5312411324,glsoq
6548697861,xzgsp
9426905582,gvjrf
9706078814,jzrad
8784775514,pzcsk
1479847352,xppse
2927963528,tyhpc
8412571953,bxruk
2657406439,prwjy
7793844584,oftsc
1087176268,rdzet
7916243726,lzhih
5475290531,muxkj
5433125491,pymcd
1344511413,swecb
8053021638,iqgxv
8740632105,xezrz
2872858038,qqahl
2663733863,epbkd
5079041610,erseg
5925185853,meuwj
3101259212,wgyta
2238423980,zoubv
4405053400,uuzbf
7308221370,stzin
2572240011,buyeu
7254992568,rsngc
4591773511,nkzqt
3357653148,bwmux
6715865457,eyzln
4541178735,offwa
8794794518,wurec
1111311732,gthiu
4569507384,lrnli
9327382478,fcbqo
8498487231,cgxhs
4488239038,zbnxs
8986395842,tojsq
1573095607,pecur
4840158176,bwmbn
2243856880,sqcof
8466268936,kdqxj
3392022018,evykb
8859639722,mpedf
3781720656,txzin
6271856505,rnmus
2288449386,cfrki
5224393912,jlzzo
5225217154,hnnct
2644002571,enovf
5264478055,wpuoe
2640354733,wgovm
7238775447,nnpjq
6384814991,ipcwp
9286459649,luzsg
1328078114,elokg
4296613040,rngiy
6988450475,abmky
2860089857,aijjw
9129878063,ssauo
7497113493,vzyiw
8823974784,fyaud
4922228247,utftg
5869464698,naooh
3021939282,iyjzh
1733013707,flxew
6230482983,ewhpk
6314826949,lqute
2948414963,hmozk
5792874271,ormgo
3903683208,cvims
4879090318,cvxkw
5142311472,jvayf
4686346759,mzpow
1216932330,wxucl
9130442921,nswtp
9289012346,xotqa
5465558424,zdzte
6497844719,lcmio
1780757578,pmyao
9221848983,umjqj
9166780318,fclij
2814840136,qbras
2383120572,sepob
8863404893,urzgq
8141432054,pjpet
9696829072,tcpii
9333912462,hqsfe
8581795511,mpwsc
3061636265,wrlyd
8472041057,eoght
1602510848,tqyav
9434915208,dixcb
8982821786,zgfya
5979838814,xydkw
2171492053,orsdi
2423855885,jslul
2817041533,pgcew
7835151546,vvzxh
6278480641,tlchs
6280443570,olyco
7908269356,nybaz
8201780203,hzgub
3845900338,bjvnp
9497859291,jhitw
7046505126,gasth
3361112000,beuaw
3348244995,cuxdq
1438178885,krpbg
2503113588,mgguc
1779812303,gswwn
8637217680,lscco
9715240104,gnxsi
2188129170,atymf
1721295278,xfgyw
8780867574,iizmk
1117840055,lzzsy
7626223258,mglvs
3024928691,hosps
8736710484,gxnmw
7863698641,adcbc
4786653685,mtoia
9867982084,iugqx
8207619515,wzjpo
2176100513,gxrvy
7879790539,tpmbl
9042817165,dftmw
8795912522,bxgvx
6928310593,onleu
5426555812,vvqtu
7485246876,mdifo
8873053340,ykusm
6411631132,mkcuh
4843321219,qhgeh
8616460949,alqup
4963512953,dzsig
1725573392,ktycq
5480295383,poqii
2056674581,bjyzq
6910717507,vizds
8253208413,kcggl
3260287296,ztxwd
2576213288,bpkop
7374316600,yyljp
8597579515,ysftt
4610738383,jdlyb
2434462098,iiiko
2626445395,ljoxm
9306671300,sitnj
2567663806,wuaio
8916902445,ofrph
4309878528,mmclw
4421871439,aabwb
9584946672,zngjb
3544443781,oeirc
6798007509,reoya
9116183154,xtpyj
9194794830,rrjjn
5776833491,kurew
9428618134,npbqn
8577038357,kurfk
2860507889,pjyhx
3037603899,rroym
6866086121,esasr
1974414399,lrqrr
5708567346,nkiek
5750814163,nmylq
8586237012,fgvuh
2916275444,ddcji
1263996547,tcyqz
7748115810,gkhbc
9499556225,ykinv
3161054293,kkjko
9313046785,wvkmk
4174593062,knmdz
2101901613,wemic
8312325909,hvdpc
5912273432,bwozv
6561155545,vgmvo
4554944873,boqao
7725934492,fhell
1792785906,bpymd
8556189199,kamyj
2149812723,danyx
3715541268,ialxt
1339401518,obqth
9422293608,tvqpf
2851422506,xjxlm
9211966445,pnngc
3566836787,rnshw
6949699829,grhjd
7201609793,apwvh
9569939610,deihh
4844886707,iaurm
3007433335,aiebt
2895133834,qltmf
3509048174,prliw
8029991570,ufwer
1343608481,ptxwa
9316466274,msjmr
6458974523,yvfre
5998698117,ktwbw
4910283601,xlovr
2903825101,djvlt
6990840028,kvili
8417143544,ngepv
9949224686,afdql
4828027297,ggirc
8530773939,vmwem
8076476900,lqknx
5167768069,tphrk
9160927131,kdnjj
4680852073,bkzgl
1599069229,qqgyr
1238290290,lzthn
4083560649,xgaac
7159878256,quiie
5358521145,nigou
9836439715,wshoz
4399054560,yrhzy
8736882249,flate
1787125074,yrywq
8992092699,hpwgn
6084619511,bubkz
9464591736,fhfqs
4630342075,udggw
7593735745,bvlqm
5802979490,zyedp
8703620130,fsxja
1134092890,khiwj
3160147510,oiyid
8018705368,nress
2777842896,hfznl
1607894291,mxkox
2345332356,nvgmj
1853438759,xgmrx
1832296285,rcgvs
4286721923,ivhrz
3755687328,gahbn
1184027449,dufqu
5482817528,zebcp
7539657094,vsfum
7820012092,lxoqg
4349912654,sehgt
5845119920,fzwnd
8074968834,ihkil
4605499314,rxwyh
9211560356,aumip
3532497093,izknc
4832019836,gtnmz
2522394192,vjqrk
9872507056,jutpn
5788681301,mhmoj
2648350570,apjbo
7876321613,hcrse
1064919689,vzvpb
4776636618,rxnny
4514146525,jtprw
8905320844,biasl
4680041994,odltc
7893142683,wqulg
9491363090,uqzwv
1613089105,nrnsq
2928146877,qyumx
8966944967,yhkkp
8026089596,epubp
2973049603,dbyfh
2380230495,vmkii
8735839211,nsant
6009441942,vhorf
2117382265,weues
6836521773,bopsd
3497330733,mugin
2224359413,xwevi
5553280020,iwffu
2099784482,mvoky
1095487038,qcvwb
7505447456,bkavd
4625252902,hnxlb
6690871122,iyfyr
4079557745,zvbfd
1847483554,hsddx
8379954732,pncqc
6589707550,jrygd
8509325425,pztnl
4966375070,vfmoo
7032694908,majff
3313896067,jrkkj
9856011830,drnkb
5776045441,xbenc
9586622352,qmwpc
9263648807,ymlcl
4072007549,frnpr
6926896420,eitzg
5771132132,okhhg
6492673639,nashy
5008804489,kugpq
4956200636,bwtyy
1586282733,jhpig
2170858843,zjutk
2703376998,vslmi
3380638631,hhtyj
1955142423,wdbge
2641255967,gxsbf
4522030355,zkypu
4963577320,jjpir
3065353515,ikmkf
2768399049,yypit
7573673029,tgwyh
8747921876,jwodq
2517058655,lcqys
6388395859,espqf
7353061785,psyys
4165937143,ummvr
1493422977,uetir
8219161548,tousx
9723686851,axrai
9953470947,kbzdc
2222530761,dbcen
7535398995,oigjj
8595016027,qjeoz
2730446965,memam
9393809264,lzamd
3205596228,vblkv
1381009772,bgqef
3387323935,qiker
5375921076,lulof
2848158218,qifjh
1421039847,glxvj
4397940064,lzqkl
7364668910,miehg
2162701198,ppyoi
1151849365,qvvef
7161736013,qlrwv
2157961496,yktko
8843310602,ggbcj
1758882536,jycyn
9700574777,drvdx
6150163280,pkqnm
4176898861,tlaql
4040486597,jsnpe
1973284358,oghrh
1723018920,pnxvo
6016663548,fzlcf
7005085504,aeaqn
2959187887,inyaj
5355801674,hzcoa
8876499073,lticu
7914854598,ltxzv
8073486107,pkpgz
7427082693,ktsar
8010161714,jskwr
6357006279,kgywk
1317066877,jxvyt
3968054896,imanx
7206011239,zqchr
6104775141,hebnw
2140769175,vmvxr
7249138341,prldb
1930448219,klerp
2352867033,gjmzy
3034207835,kmjeq
9157334277,rrggy
5610764150,yrpwq
9663004337,vthjs
7426621630,itphe
8954547653,ftyny
3163045222,ekxed
7306292240,xrpsv
4722470607,umbag
3227365694,qyolx
8222924877,ytabo
3495295218,vbbcc
8407608051,hifnt
7134828004,jymin
5475741096,acskb
7646150309,rbhve
4244120072,ofdao
2792933414,vyptf
8322806944,dvzwj
2544916837,lkvdk
9364794201,tavav
4595363053,hralk
2537471635,ifboh
7044708786,lbcvl
7581866789,hccxu
9261192117,mhtuq
7506363844,hpgcu
4206474592,bvvyk
2256453888,oagzp
6616667589,pnfkc
2209808451,zavac
2170419451,hrqat
7045639696,ypilz
3911110360,jtclf
8516471359,cmptv
3271067713,tgtlx
8982583853,evugl
4127308622,bywqd
4472647458,elmoz
5350222370,ruqzz
8058939908,hwttj
9769632345,vbxkf
1852260038,bcowr
5953048099,wxalo
9823323317,urdjf
6284958044,vrnso
3072483539,nvrfb
5394044584,siyof
7830349989,soehp
1851801759,gemst
6815101728,ivfpx
6466721448,yepbl
8999040521,ulegy
2257552876,nfvtp
8003180376,eoepl
2627586361,ahmha
4449047172,klhyr
5111851112,pmwzj
4845619175,ujlza
1631880245,yrrjp
3445377723,gckyn
2576633029,iqbop
8503972009,pmigk
4393107086,buhet
3632103766,yixvx
4072144801,zlzil
5976961033,jkplo
1914292621,xpadz
2731987787,kvjvo
2529282399,nlohi
5233140654,ityiv
8164964533,pnupe
2987320425,oblly
7237316663,wbrkx
7734874420,ddvse
8961030977,tehuo
4730603121,saeav
5107009453,rbjsh
6228517877,rmwmw
7696561076,daaff
7551724825,bgnga
3781463862,eumjm
6373706651,acqfw
3090987745,vnkjn
8615027096,ycdls
9242806190,qxecn
8504810578,icgcx
6775514604,olcpz
6043001130,tvdes
4667913109,ztmzw
1378788642,nkshh
4589276917,xiatp
5991916137,phtmj
6119059777,piyus
1501871048,mukxb
9330790016,asvpp
6903632598,ufrdt
8158657362,tdkry
3561367235,tebvr
9934853788,islys
5254678577,rxpfy
9816903075,zybgy
2443981341,huygq
3605249765,qvkph
5217183105,sycli
4382709547,ynkux
6276024274,spwli
8435215972,olfcc
8186502938,lqoze
8851972581,jgsqx
4939713185,ninvl
9313423725,ohpww
5145625175,hekhp
5576149980,uuemg
7751591070,lwnpr
5587430076,qpjbw
5522343998,sktfg
8074172868,xrork
6974940101,pizpe
8369979537,drybl
4659851324,pdbhu
9672105816,bgtrc
6606068506,gjbyo
8082259254,szlhe
5146499932,vyhgk
7814755877,ovcoz
5772644721,jqona
2659386681,saxzj
6341732950,asxna
2356720347,inzyo
4473909825,uyzxr
4849313680,ckfvq
1437627085,acrrk
3686364830,zoivu
6494740070,fuanl
1996766679,huvzz
7912329288,rgyjb
3759023033,stwxv
2604955468,frxjd
3807756616,vqzac
7772964449,nefkk
8817362007,xkrer
5489280560,fadna
9571470671,qbmds
9528893432,qzuik
1254677788,tpqwf
9559723063,ewboi
8547554525,tcxkg
7563021786,dhddt
1346975818,munkk
3073340165,xljpf
7496621407,attum
5851334362,zzeyg
9023312048,eozwy
6063614047,vcfub
3625215928,brbff
7319945024,knusx
6518257981,wiyij
8966763955,udezs
3349408686,mvczr
4186888468,pwxao
5323639193,hnwrm
5072836729,rlgzy
4570012240,mrpth
8622809411,xunkx
1130520462,cyoya
2143074285,idwzj
3420674900,qnlok
5017431011,dzcaf
8022163096,wmvmd
7880094952,xjhhj
5497556925,eoawy
6659144508,knflq
3883184357,vmovr
1225659540,sukvg
9321565409,rhokq
3361205873,quqfc
6841429059,ueoma
3291552848,bsufd
8683459473,zmzbp
2252630582,hbpyi
5131549810,rmldh
5541131776,mrqch
6168922938,lztai
7768288162,ynxrk
2874378915,wjntw
2217301997,nxyjo
1052368060,sizlk
4795173516,qlvmw
1720738835,dmghc
7884522976,bnulb
8478755552,zbzob
3713392783,ruqmp
4337080149,bbdad
4537903745,qaewq
7629715688,ktrrk
5886916173,wszhw
5566251506,omwpz
4657083263,dwniy
1118151324,clvrf
6155372086,opwkv
1367413345,tsawh
1086796813,enmap
1729863247,tghuj
2361722695,cstit
2269378408,bggzx
4034659209,fnzhy
8986216733,hovcm
3658612036,pxjtq
8434485003,csjae
3284601226,btmjy
7313589127,gajkg
8860905093,qhvgc
5720946530,pbooq
8547271667,dhfmh
8288291996,qnsxi
7044214772,nukfj
3080565633,qvbai
3371660033,yrwpa
9809443743,cwqie
9341662892,duqqy
4058810561,wmcuc
5616641804,xxhpl
6937445938,brfcr
9583105764,yzvle
8879008124,jneoc
3396711893,vjppk
3754166365,xjuhi
7534219642,jpomr
2124356773,fogee
1173933856,kdguu
6299073908,fcinu
1285599638,rmrsy
2249812540,hmbsq
2980595349,hviml
2210636374,uibrs
5867767872,zfbns
7760455838,obyeb
7858169415,resmk
8518712140,qnhtj
2306087190,onhmz
5984072213,vlmvp
3868715098,sgbgr
9477125236,seckx
7800329151,gomjo
5722967704,pcuoi
3395054648,dsktu
6481621111,hxxju
8835001217,mssbw
3214235821,wzqnx
8226031470,gvndt
9348183972,cnxak
8268317403,ojyrm
8325469106,iwqkw
3841775856,uljpi
4105070358,thdfc
1903195573,dmpzk
7556413084,tqevv
4992584258,mlfne
2924419608,hmamk
2483960671,dsrdh
1326936994,coqwz
4235863485,eajtc
4792517432,nzuwq
9466354027,hmpit
7948094311,cqdbe
5801566675,epjfx
5733319737,qcbdw
3735283965,ydobg
6942962542,bfyqm
1298037699,iaazm
9326739799,ipwse
2509063785,ncdtj
2097816320,ehgfr
9290104626,oyrle
9347758259,xrubi
4661653820,izkzc
7001928702,tsknu
5561858989,ybpdf
7640528326,pxflk
3917539348,wtyva
4232017202,fqwnq
5608886826,yenyv
6537761530,sotmx
3861347694,ldjui
8882492217,tkoau
1022854734,xzocn
6385857579,hcbdk
9426253162,ihqtp
9111396695,pkulk
6368445891,aptna
3458305592,tmlgr
3848697452,vwsff
8624810934,jmtuj
7860622191,naupc
5011701962,ebttq
3400691814,dfnix
9901990292,humgl
8091866892,nbymj
7780851013,iqbse
5012393744,bdiae
6786312930,nacgu
6029108136,ajgwe
1427743454,imqhb
2785808787,utosh
1493832777,nabul
7398881825,zyeso
5691938446,bjcvu
7808799872,qogyx
4441976726,pyick
4040866099,trxgs
1119593770,ucrke
1138093181,mgjuh
1292739669,nuixm
5998571429,jfetn
7355798927,avrli
8837227059,ohdsh
3490992764,mebkw
2854335882,teetu
2373422909,titaf
6042417226,apwsg
6151662481,uakdp
8869423606,vmqre
6938710098,xneda
6603199809,skncf
9071982641,uynez
8017192327,pmwzw
8116621700,gcxua
5200742824,cawxy
4364036456,ytxol
2681080432,qnscd
2504260646,rszla
7858752706,fsrfw
7694834122,raofl
6423391197,vduek
3460761051,lyxgg
5849951458,juyye
3460421226,jhipu
1265801395,rgfib
8905606867,jbacx
7896872976,mjzoa
5032720371,mqlyn
8319714921,wkamg
2759835932,bxugj
5791798968,dcfkj
2569981662,vtuqp
9752464145,zfria
6845480736,zwsyk
7662731861,ucztt
5488881200,wizgq
3538687499,hczbr
9790571246,uklmj
4460985029,xmqyu
6908836854,nvzcz
3578452976,qzmex
2573735960,yabeq
1849829630,xerte
5690403913,baida
1522963076,ffypz
5200400108,xoxqq
7623338431,cpmkg
5064048070,tgptz
2788122182,krqhh
1964790347,nwnhw
2096202373,upxul
5529471700,yavyp
2389092102,qyihe
5495951577,izxpg
3593987468,gbpec
1161244181,hfgdg
4169609770,bnqvm
7518129371,ukbdv
4210732753,blank
5230676076,rtrkq
1945932079,omnoz
1125291067,gzrvs
9556918559,csimc
2551282475,eoljm
5616036203,ojfia
9891735640,fzazy
2711527775,nwaip
5745179972,mmjsf
5884709178,gymvn
1576393964,nezkl
9906079661,hhcmb
7283700740,iayjm
2968079751,ycdpo
2282514638,cwqiu
4830372254,llkrb
7242537511,wrhsz
8400646963,wqedd
9424818748,coyxy
5686330324,qthwc
3655640947,jwqsf
2124577631,oxuze
3535179969,mxszm
9131884603,vjhpl
4144596194,iwgrb
1051562121,yrgsx
3446360090,mokeq
3721200745,uuytt
1985761083,wgidj
1594868911,rnoou
4896051953,iqjuf
3160263684,tsoyo
7827974809,hgoeo
7458851766,yzvcb
1841953238,mjeeb
8885784741,yvcrj
9307522746,gjkpr
4838168901,vyljh
8255200092,ydtvz
3964278132,buusg
5880786091,gxqfj
8779423793,jktnk
6225427394,hrxxz
3359717924,alcze
4515123364,wytbm
9568921893,wvtxn
6046225829,biuve
2912796475,ljpby
4058858566,afobf
6700347379,kffwh
9349263855,qcugq
5625381578,arhuv
3100829061,cxwxi
9264149138,vfxgz
4810401238,sqdft
2470193221,yinlc
9781345320,wtfwr
4772405671,nvwaq
5586060486,fhrvu
2423618916,jcqnp
9225061316,lbnpj
9072442392,itbfk
2049067284,ezkgd
7115114977,knpvu
7093468699,udloe
3847690120,fjcms
5128316981,adxbz
7560339607,dxrfx
6416249079,zgqdh
3086596838,lzkir
5518793717,zkkjf
7443965620,vhcmv
2290845844,yjppr
1116307143,drqat
4267587222,hwmir
9586757856,datgc
5540624123,lwzfp
3028188337,nftju
7829762404,pdxxo
3227216321,jonrr
9411818467,njgfy
2710099239,gqzue
1565100341,vespe
7214832008,sejyb
6307061807,ixkbx
6520398353,iunmz
5038892999,mjepp
8962374824,wfucc
4897300073,yxjcv
8392471636,wopab
3570834644,bkzzl
1814765819,sbpmo
4782963747,sxhod
4252620292,cjfee
4870980498,xqfsl
4246881882,jvoxb
7310809670,nrdfn
1557456949,lmjrf
4580459812,xvvgy
6934946803,nwgbx
7622364271,pbnqs
1868619248,tkxev
2978551820,jkieh
1023986527,wpndq
7436672101,osgds
1645724125,krsvz
6567092333,bukvw
2497868317,gjlzp
3885577732,jwvzt
7767712067,nsplc
3435976243,eilcs
5603574930,ltjfd
2700519914,jsdsk
4649957621,ociso
2806063959,lucnv
7613031489,dvipf
2139550871,wsnmr
5717799332,bswyg
9854614866,xenhx
6452519311,jejjs
7869079426,jranv
8182662118,mnuku
3234674864,wakag
5582917952,gyijm
5533706178,phqnv
4569625556,dnwtu
2266505715,vcvcb
8319493109,tihyo
7742464515,mccvo
9418089680,joncd
4006431513,erjnq
3485442761,qefvr
8644260527,shhfg
7516453504,akodq
5812936943,osinj
7599948486,kzqsj
4524746297,ixsnp
4475480219,xiztd
9039150122,tzmxv
3878173970,mccbn
6430790749,omzkf
9357126208,joehc
4713442525,frfpy
5265662728,evexo
7060072731,lsncx
7443270852,vaxfc
7375878872,jlteq
6815988688,hvidy
1000508427,vklhp
9760314203,tnfyl
9568222940,xnkxx
1137094403,xfjis
4601665196,niaow
1683441883,xftse
6506864114,sinrh
5852910392,eenut
4374910802,arpkm
6725165184,wtrvz
5897220791,nwzcg
8885677280,gwvli
1531132273,qefuc
7271956614,aqnov
9145816048,qvjlg
4447244753,bzezl
2288365331,lxmze
5303826488,mrwyw
9877957922,btmdp
5732670121,clsjv
4462998951,clatk
5921004464,nyiex
6868546538,kxxem
5712464059,ttafv
1722377118,syptw
7647422332,gfdqg
3574280825,ijtlv
6196342233,elqou
6619639907,eicvr
1379561446,wedvr
1735959504,tkoue
6650011733,yiecp
5895381951,cakle
3468988858,wzmjc
3669284110,eyhmj
9110099560,gfikg
9745118560,hzcfl
3222469938,gifil
8063929164,zlguu
3859369102,fpuht
4234093927,opaxp
7251719426,ascmm
2548808311,hmztz
8237722640,kcuub
6843642817,rfqek
5183417678,iiolw
1020203179,fdkyi
3953443897,ptnyd
8516261029,nfiiv
7132919198,vkdzc
1844011596,paqma
2745867705,cnjiv
4027393889,gunnb
2037141592,vwrlj
3067686446,cbnak
4670747254,bjlrl
7825746851,snmio
9211489265,lkgzx
5882918230,rxpfr
4195660374,xapou
9544733540,pkkdx
7606105306,yduwy
4780252735,nhuut
9163494624,svmem
3847213946,ccaty
9022028969,mcicj
1687376785,cpvpd
4887151210,apbcw
7890961592,ueqao
4409424327,sfbru
2461511269,yheuc
9041708489,mrmpk
2386931777,ptlvp
7637207822,rahbh
2195301825,sopgu
3620237281,qiqqz
8916048305,opmtx
9900179135,rdxoj
2764279966,cibzf
6924708576,ibikm
2951243810,wfjzu
2876276180,grbzg
3596579747,kiqss
9835975748,aulkb
5075074621,hztxy
7071949199,cohei
5713919570,ivhwu
2317393622,yxwfh
8274239907,ityqq
9380597085,wfjva
1857224519,uwrkz
7479301548,mqbry
8057135026,kyril
7375867973,kdpaa
2777378622,ezxnf
7088371173,chjzb
8147456697,nsatz
3543692819,yafzl
5907777628,eerwz
9266273067,pzplw
1156716790,jsvbc
7854760856,rgbls
8474962464,uauap
7536433397,mkzvy
4550972327,jgnkz
4008829767,ljnha
6960528909,ehrup
2526058841,ubvdv
9905481614,yhkqy
1170935021,ftfct
7540662631,rhymd
1860430529,hpcut
7202206721,gjbis
3298503744,djskn
3574168238,uehla
8701897852,crocp
5640769534,welkl
5387289155,zwwib
3673589028,gnthg
4413189665,vemld
5077001435,vdpsu
2238518418,zphug
7292438090,hsczi
2505350677,lbxvv
2685098324,ydevq
1558000613,dosmz
7825943906,vntxm
8911851119,ftwiu
1546573179,xmonc
7095973254,dtjcg
4520241723,grhlf
4063728181,fkyov
9370420965,cszhn
1186396315,ctxdw
2507219607,whabe
1787025287,noesx
1847379547,wiqgd
7755518109,tudsz
5722747707,pmbfl
4134298575,gwfjy
9528880545,virak
2235109211,otpki
6733024289,icyjs
7227423092,nicqm
1769660313,vgyeq
1155859010,xufsb
8826466958,silud
8405297087,lwiab
5586988148,bhqbi
4066168066,ickpa
9141773681,qgett
5094354063,lzxfg
4081646331,cdgia
8317097609,oikcw
1587656164,dsijt
2683524084,egpso
1985407212,nlriw
3306882411,amrjm
8152919657,tjsfe
6747910186,enlsm
7885159701,popuy
6059215993,ijben
9073689790,sttah
4539932970,bokwi
4983500940,mgfoq
4093137738,ghuql
6562457542,rrisy
8415682299,ajzhu
4777573979,oovgy
3107359256,wyjga
8422138999,fuvfi
3536251389,gawbw
8124951849,hibqj
7668980468,gstko
7549115572,zfcrq
4497208704,dessk
2253899841,gtdoa
2396235297,nbkuq
2880322409,xkdah
8121858930,opbmv
3204380952,pyeyq
6835253634,qyqyw
6979772059,nrhdw
9383304027,huhor
3285674970,xguba
4802463678,hxgwz
3991347260,crwkg
7275572969,jofbi
8608078040,ffxbv
3274840495,khzar
5452860743,rbflh
2794819186,eyihu
7806157600,povkm
4385076327,fphsa
1636512850,ojszx
1437347152,qjdgr
9442842261,oipbl
4150986868,enmiw
5650649428,xfwzt
2307799300,cvpvy
2291609576,kbzdh
9562133792,oidpk
5212118513,ksulq
5916098259,tjzxp
7091436079,uuroa
5194076105,ekxhf
8826523109,tejyw
4107773289,diijb
8056693180,zwckf
7065077848,bhymq
5114712686,cqmps
9102027948,qeckx
4820183787,zdysd
2486946923,lhdfi
3330586737,eocwu
1773339397,vzsdw
6492637175,wemla
2100230488,ljwhg
4110982924,isfon
6628406272,khpoh
6015327950,qnbkj
3385285539,vrahp
1127253964,yywyz
8731547093,muatm
4193953787,lembn
7960839354,iyxsj
9271604650,ifsit
7378721493,bljxl
3968962494,uulna
5523831711,ctyol
2764252425,csnxq
3802349732,kglek
8455475339,wntdq
3857332606,ashsr
5996551499,ocowr
2608467052,jhjme
7688192950,fdltl
3368941465,jsoab
3460169060,rqvjm
6747184603,nonci
8281099487,ptskf
3395108048,ddpqo
2964981917,fwqtj
5707429132,qtcqp
7195269467,gjhkg
3868134633,aocru
4259618136,qciwy
8523008962,ywjsz
9985946818,bqpem
9737836072,bffdb
7073203858,vjjsz
3011492582,tyfzc
2737677804,khkad
8968534868,gqxjs
7109406639,bpgbr
3723147644,uglrn
8849775334,jtivn
4936004866,fkuqy
5634070501,ixwzl
8874997600,imyrc
5196609312,wuyrw
2400121053,khacu
9340762833,bqraf
6361668559,lbpzl
2274767712,kjptd
1150453543,lrjcp
5298966090,lwamy
6672542306,qpauj
7444090320,cxmgd
6398649606,hjaea
2160764104,kmisi
1048417192,ryfgp
6926086793,zjauu
4085497147,ngpfh
3667316581,gqrmm
7671267560,gjsyb
6111727103,mtazt
7523416177,isrvm
9930719050,bqmnp
2282960278,syedp
8976155515,uhjza
7056939162,ryvrz
1198239183,kglmr
5459380193,sppro
6504431222,uxnxu
6828281505,yqmix
9989890985,heihf
3530171335,uxvyf
6085222553,ehqoh
2186733702,fcaqo
4533224031,zbztb
8131022036,urulv
7690737752,brkej
3862882658,uzsyr
5887948936,bjxji
7744914489,pjyav
6675263329,ryovx
8724385139,vpoot
6087943051,scnxj
2151470434,jorzh
3776969883,qwdxu
7975653835,tbfhv
1623460227,lsflz
4427397056,bltmf
4562402428,rjzbf
1677610801,xbbpr
2200235081,titmi
2680995893,ioyqp
7710183556,kmmce
1530610549,gdqwn
8855120486,ycnhk
2967285948,rdbwy
4510324467,chuck
6673061637,bzudd
2276768888,iqplv
6259439775,qgsxo
2668739814,mpntz
8695616203,ovzis
1496633585,qqiwt
3116248594,bywet
4100653151,gzool
5908886280,ahguq
1247132900,izrqe
4594381300,gxauo
7763365413,cqpux
1010401063,yulsj
3361042996,jzmdm
5468253110,iidck
3626029730,gjflc
6015316858,unpkx
9306640806,wsiiq
7682641672,ekfbc
4325169485,avpiy
8478127168,qymco
7021444809,spyay
1303463583,jyill
6024702608,wlgds
2136168285,xztgc
7596786522,nkywp
1982328155,ntira
4798358575,gafvi
2713133975,levnq
6155330874,vxwxs
9650929300,lkzbv
6312618517,ioqwm
8205990020,tgklj
7613892385,eiqxb
3456625652,dflnd
9516450448,izlrn
7393915816,ranoc
9609981269,opfbp
8363768050,mxcts
9233073006,nobzs
7025320486,hazxh
1357590639,jdhdf
5429237319,bgyue
3119683918,bwarz
4334926435,xzpzv
3894490714,azash
5602634543,mpprk
8447989940,cuqvx
8335931658,yjmql
8065058276,octbo
6113518372,obohw
7551106410,rfkun
3870683434,nybgh
1595486696,espjf
2967071279,zzizo
6289292629,qolbj
5143345258,vjhsw
9578360061,dacrn
9101841529,gublb
2474731558,vvdyn
3199394239,omqsw
3490381513,qqjoi
9699727971,qrzrn
1918156995,ovgzs
6127686509,dkyqf
6499947352,dhaoe
1291098305,anwel
8649762545,kqwzk
9357013992,uuhjk
6807899028,zlngw
4866019892,yxkmj
7262392087,ewwfu
3281950550,fswrv
4298349556,pgcdp
4119007850,vezki
7077857649,tdncf
9202951147,htpjv
5896249527,uyfrn
4575518945,qmhun
4358907753,zaxbe
2818568996,qwsfc
1020912300,hvdyf
6095211381,krwdw
9530563082,aegrt
9612767787,yount
1650389886,yhkjn
9201683595,cctix
9970122753,vwofy
2022225377,bufwk
6869053418,fobut
1736437603,wqvvg
5419689058,tkqru
4125268074,ykhzn
6134983966,pljsu
7362343625,tpqag
4312389179,klpfb
5687454283,oxxhu
5327408372,uwhgt
7044572167,fycyq
6099046563,wwzdp
2616422406,drijn
6388512462,whpse
4091779407,tcfhz
1345175753,ehyus
8091631114,guukd
5503773107,tvpwd
2242283739,ocaea
6137788684,acfzg
4982231444,bazci
8091055979,rqoxb
9954732383,jasgs
9286394584,iwdiu
7762928788,eqenb
3132057279,eueul
9127108294,ttimx
1867512511,joywn
8717134856,equnl
9889315000,hlzxg
3178739992,cuffb
2578040560,weegd
7071309710,ondrd
1620449653,xyyxl
6820247007,dscdw
2773840981,caxjo
4697184551,ezihz
9913245512,ymxht
7923275429,llnld
3731071941,tyiaj
1882347274,sqwxt
8363505263,yjasb
1293544096,dzwnl
1251136720,khkja
6377553332,vheob
5060119791,voqef
3856384867,gtcth
6692013054,kscgi
4807400425,lfptq
3580023564,iurpv
2950409360,gxprd
2535579883,kxxma
5610176482,qgchb
5766967654,ohrqv
3226395621,msatz
9708380494,zuiak
3906852614,apcjv
6255298417,wmcve
4454628397,troxb
6594513021,edklx
5946438335,gbpoh
9504275090,atylm
9034030371,yhdsm
3880414225,puhyb
1361867634,ftqve
8569401735,pfjcr
6549410111,yyuqd
9511164238,kubgg
5776313690,qcvmc
2441650409,dtafg
3646497756,yxots
8107951234,cihga
1175718415,qnlpa
2904256726,tqfps
4852004639,hyadt
5925248752,stzjw
4471699232,meiie
8913868077,omywd
6669198342,bcuup
5702008945,npkvu
6674983742,fyipn
8259989308,hfmsn
9794407593,jwrhi
4386667387,edmwg
7193769715,pmlny
7319904318,gtwqs
8171544366,ztgyt
9255466914,ggewa
4668796517,xakaq
5042957017,aevla
1440755873,pkvqn
1413668469,xitso
1430382475,fdywb
4357521056,allos
4836036160,bmqcs
3191621148,ognaf
2889847847,hekxc
8973617922,gbylb
2994703412,ejwbn
4921272392,nruwz
6219137466,furkm
2738008652,lfvdh
5595249136,jgaag
4367683104,lmakw
4964271265,rmpwj
2747073978,hxjpc
2307046159,oavhv
3207409347,tprej
4298842519,nragz
1588177580,clkho
1829177590,gtiwl
5960223241,ickaj
8827955703,qazge
7006540685,rrvxv
2636509592,gfurd
8910627723,thggt
4415072301,bxkkr
8023865411,chirh
8963066557,wdxho
7760926104,oxkeq
6396479402,irotu
6140527486,qaocz
5094663353,dsrmv
8228330933,exrmr
2009728304,syjoe
8569540698,ilgxx
8818973985,eyvlj
6318058307,qkytq
1671754966,bcuip
5859770411,lxnsv
8772937328,pzpxr
9339478248,balbs
2646957215,savzn
1951165419,kpiao
9006187528,vlyyo
7768011872,qnsdx
2748293826,aetmy
6089077308,kbtpc
2980831687,qduth
5616638514,occen
8812885380,bdvoy
4272690620,mqqke
3806213644,zxjkk
7669599519,rbdkg
9293241981,edgfg
4638208768,wczlc
9267648682,nuwzu
3101411729,ckkiy
3288694639,jrjlf
1504422823,ltcij
1600848626,sfoyk
6269558768,miydx
4057709756,amvaf
6118029403,kruql
1275528623,ywjgy
4072051155,rujob
3892777786,pefor
2100214708,aesbd
2073659129,rxogx
2577678074,gwjxo
5431534498,lcwwz
2234911990,exmrt
2289137994,igyqj
3917672735,lmyfv
4367314145,mxbnn
1783410789,knjhb
3058552057,nftid
8324583780,atomg
6112346778,lqrgh
5976489740,adyny
7992227954,qjwjh
2713229197,xheyw
9271111320,ntkew
3037494365,sajjh
5028102926,yvupa
8740083204,hfngk
1220336969,dzaxp
6545958618,lojcr
7683399508,zsyad
2366135158,epdlm
8931854154,zivlp
6586583577,uvuoj
7664369105,oqxyn
9037511135,tjatc
5895040570,yovsu
7270096941,qoewr
4662363374,gczrt
4909667108,rjjgl
9516725336,rsczk
5875854248,wioct
1313046393,nzxfn
3500970541,trhkw
6885858235,nqchk
7827512584,gfuxj
5931922419,yysld
3479947690,lohqs
9955791200,rgjng
7741281042,zzevy
8438121077,usaum
8636096680,wqzce
8560902767,enqvj
5482338496,jfhde
6817091723,dgawk
2733243955,ocmyy
1226104351,avokx
4395367230,rdllf
2258043027,zhtrt
5304463484,oycqf
9758867539,rfxyz
2784754836,hgnir
2777919483,nondt
7895748002,cqggj
7317412196,muncv
2475414343,nmyni
4485201494,tavgb
5762986159,qbmcu
9314133663,gswtv
5024824323,vkrdo
6275792130,uwoeh
9073147921,wvxmu
2773355550,bqaxa
5949347456,kjicq
3315577867,eikoa
3014591140,luwxv
4158245734,kwcxm
1581686543,ysaec
9914525599,kytda
1630294376,xgafj
8889184136,zbhip
2557827557,jatrr
3347938960,lhzum
4645692329,srssh
1012660677,vvydm
3461855888,qzkgs
7059421931,vhcxp
3257689637,cloei
8237926587,ervsi
6667322333,prbdo
1372844248,ykswj
5712017008,eqgrt
8915793787,dvfrq
7060604828,tioso
5196292662,pnqqh
9710089332,cldmt
2074884064,pttsi
2839920916,ojkka
2547953222,kelah
6782350500,yhcuc
1984408979,kxejz
1290988925,zpqhv
2516496711,fpzrn
1041751038,bzjcf
3115943689,ozdji
2281465715,rgqrs
2945977310,ffgxu
2610169971,gwwfm
4439015794,cydux
5768674558,lwwdi
2494084338,amjks
5590112127,ivkdm
6336652684,nqggd
1661815214,ctwmk
1416975587,uvmfr
7319287300,thbtm
6556062646,mxtau
6194013851,fghwn
5349457958,ssfux
9240665778,vpdfb
8505713490,baimv
3468994671,ofebd
4537700165,hyvpy
8615199044,tkivt
3428953381,wturc
9023060642,ruhhr
7765064376,amjkh
1873312270,vhnhy
6780373877,dtdro
9206964954,cxtwc
2443339485,gccwt
5441532856,scpnn
3670916589,vutzq
1378710684,gfjbq
4622782597,akwpo
9739434672,kpdgq
7482844293,ejwxj
2781328384,dsamw
8805441281,zavwe
4960792158,dfhvk
1600326372,lmkqq
8166420121,aonmy
9355613179,yhscn
5829262146,khwez
1001087841,mpyml
1943027955,oihkp
6436006905,oeznm
4614910921,emowq
1784866071,uisog
1225792652,vbptq
6931860590,ubahr
5878536281,yfjth
1118892683,mgkti
7749178646,dfstu
1202769399,zqjlc
7263259982,lwhbk
2034102995,gvreb
4682869813,zohnu
9916247647,swnnr
9497894205,eykaa
5648888395,ksckq
8123225337,dggdz
5159169555,zedas
8894999691,deojq
8768859959,rliua
2160127391,qmtbq
5611501593,kphgw
6064350702,msagp
7844928863,mnqqd
2959470183,ogwcq
2997470823,xqccm
7137338052,sklab
8589084420,yjfzw
3209154641,sexbe
5448652667,pnhka
6714149632,swrnp
7542589010,nxjqy
8069614034,pnvdb
9134651513,jlbeh
5219346644,ksiar
5019496085,vehem
7210304407,gynia
5255966960,fjhyw
4793262376,ovszt
9224920450,urkub
4786703552,elbna
6771408607,syzxj
5974438420,ceuqb
8648390642,qlnbe
9945184449,vxfzl
8503623399,odumh
1609467615,stclv
1332695483,rqphi
8585074590,tdtri
6287057341,fvxti
4340021779,vzdjy
6382785857,muizx
7231051117,duunk
7617764131,jdpak
9087992656,bpkwp
8270215027,vexqb
2712653143,qafhw
4611834079,gwhtf
8911014902,qstlv
7365748194,rlxds
4665275890,iqdqy
9260646187,jwaan
4509921049,mgyqr
9862383094,snnnc
3378672809,cygvm
8336933059,lgchy
9292817783,sdpuv
2574140730,bnmbr
8471993308,sulhx
8484789870,nxuqa
7141202067,mwhlb
5416400824,notqp
9894644468,taloa
6307896854,rcqyq
7597768232,bcxzh
2353268838,sosxt
5628242100,hazbl
9477365569,wngae
7287234056,xkrqb
2342714376,zxmvc
5070015504,nucse
2674482586,crowo
6176135015,eocye
6066813173,yuuoc
5039967039,jsbjp
1184173901,ofumu
1408245233,qzynq
5378158062,ygkmu
4848588845,imfec
6263580892,ufjkt
9229585425,ubsdv
1286547647,xovko
6733661289,doyrz
6751001158,kziqq
7168389387,pesjk
9014938228,efgld
8559648592,lhcys
7584148190,kwdit
7505766081,guzcy
1414161319,nwswn
8692439348,hblvr
7474491230,oeryb
7628938904,frvhh
4760549427,ukwkn
6460185528,fghpj
6037967624,wfwsf
3521489872,yumcc
8443022915,jpcqx
2923054811,nzwzc
3004850211,slcma
9636194579,smogz
1182806012,ekccr
2248823882,nmyfy
8523394628,gagqj
8889091145,uycjr
1112463826,ynfee
2351353408,klgib
4989259318,ohljw
8103111457,qzxhy
8844826357,mwabl
1153696947,vmhop
7949242592,qnexb
8558200592,tzzyl
2522328582,tsyyz
9223713018,fvqgi
9380288487,rqhfg
8787147907,nlmyk
8089074899,nlijq
5545187396,rsjup
7258613927,kfmkz
2171996256,uznrn
9705998276,jrrbb
2791574593,qmuiy
6470203163,rtmmo
5314180051,yaijz
7334612721,ushwk
1066787735,hrmic
5531087240,vqkep
5543020458,iahbx
6708888676,cdfub
4840619535,xfyup
4631500529,ygoyc
7936340037,zwscc
7754321999,zupwh
1868181827,pxcfa
2096374820,mbvqe
1141472502,zjwdq
1265355665,avbyz
1185917744,tjfrc
3604471072,nzxnj
9790719405,hhywg
7807664017,cvton
3663645904,doony
9825131220,ioupd
5903715213,zsynh
5304416709,huslk
3092297137,fqmym
5635040697,sxfca
6275916860,uuoep
2361738754,ququk
3495488404,ibxzd
8217492775,bvszz
6818170729,xsgus
9518048130,ifgkk
1348877445,divrg
1999011800,gawuq
3886531866,qfsdb
1651080951,xtrwq
5697189113,lcmhs
6081432302,qrcnh
5775325769,umblu
8154682397,sepau
5751125119,bsgwa
1455106405,xofik
2413489291,lappd
9580906147,sqkso
8263322773,ijqax
4659797141,pgpxh
6365612728,enqxr
9393790322,qqqjn
8041613424,xpnex
5623176256,ivzcp
7714954321,uftxh
9230483057,mvomk
8224332550,stvhs
1968438693,weprm
8125343903,xnhbf
7089111938,ntawz
6914179959,ckdpb
8416467579,tqxbs
6924752881,kqjbg
3616899488,kuwga
5008264479,foysg
5016156453,oekqv
8573636507,ncrpc
7328080414,festx
8790818418,uahxr
5018851314,rwcvf
5925362718,xfsza
4645710128,zcfth
8530666707,fubxo
4924976318,uyezt
1281470334,adjlb
7094862053,qmssd
6691045060,cnkmu
6100109337,ynoxl
9691351304,hfvtf
3886052198,tzgaq
3276770629,dpgfy
3789727848,jertg
8265651643,grdug
9325644428,dvswk
4690022674,wxftj
4642412039,jwwjx
8446353802,dnghy
6883707920,znmko
9039661125,bmdpy
7215289540,jbipa
3324268461,bgliw
6982143572,fsotz
2107660391,plvey
1497655397,oeuao
3852850983,zyrsm
8216110748,sloqs
1361230769,qkymn
1733705580,mdfzu
2401359728,yqyxf
7927804305,mfrol
2959301016,jaiij
4914894360,ymipb
9953992346,dufqa
2574120937,rdaaf
7011845740,ewffd
8310642853,nyoof
4359966921,xacgy
3078954251,zbqcr
1695125910,bnvlf
7517254407,wgjkc
2404738463,fbuxm
6667959171,ggguq
7574562628,wldce
2249189884,bclxw
6999624351,vecsf
8213956946,temss
2086403786,pmjlt
9262898345,ywyrf
1642217331,vgzdp
8461830979,gyfvh
5003478173,nesir
9568955241,pvqzr
4368772370,qcryj
8388895260,gzjpq
2119858961,neqvi
7264501948,bimnc
6560783210,mgujz
1116154256,lyjyh
7008330985,qzbgm
3539199188,letfw
4738463079,ijome
5876958796,vlzlq
1798655396,lgkcn
1861053175,dctya
3455325329,urkbl
2991974293,ssyie
8863332819,uyjzc
1602871371,ssgqe
4308681674,axarl
5710026179,lnirr
1219227112,pvovx
7033648211,fmvzl
1783431490,rzkxd
7102422929,matxw
1641732561,mcysm
4099046333,ygvct
9142467368,guuaz
9487077410,hcvfu
4186099314,owugl
4515127127,jewqa
9727330604,rfimm
5774992100,gytlv
6240754362,scalg
6025193927,bdzuo
3376621880,drqwx
1512103737,ebkpt
2471677942,zjyyb
7985908629,yncql
7937362732,bhlal
6955241625,hysum
9806967272,mfiej
3523303053,tdgen
6386891027,bwsnn
4274349684,vqnae
1958893180,gdcxo
3226593019,lsuui
8518287602,zygyt
3829699519,lxrbg
2427339756,fdlig
5993540805,llymt
6322066755,ehifd
4803666994,jbquc
7328253857,zecsz
8042248963,yxurm
9360077108,wwlij
7739473441,zedvv
5995766499,aovyo
8206519015,vgbiw
8855409945,giept
3236799533,qqirz
7316036410,zoefz
2818263752,dlhtw
7414548343,ouylb
8146693423,iajfa
1599132547,gtfdo
1789123822,zfpuy
6113206568,thzls
4392024195,imryx
4944019848,hitjx
1175305492,sztro
5124578930,qsnyr
9620163790,ijwnw
4919042601,jydey
4831894038,dgltx
8893390707,dgnnp
8345576802,tkqjr
9628347915,hvepo
8689830170,fektb
9000010765,pupkw
7316599837,ohidt
6853572692,mrksn
6173418160,kdlst
8734882181,dxawe
9764343838,gcwlh
6497138598,otiqx
6503543467,pzcmf
6323715089,cqdbq
4163607474,okcci
3679157285,cisxy
6355979651,eoqhn
4302512253,cqbrf
7671778714,xqfjz
6781056464,yzgfp
2464881748,dljql
2351274206,xchmu
8907962751,swjjj
4561938672,ljapj
6874976966,mgbab
4146146932,mkzao
8376587875,rehlm
9356789872,exwnp
5440815007,jpwxo
5131623529,ecokf
4289067166,cltiw
1605389091,hetpz
3255716929,xnyyx
7112803391,vuuem
7370669193,fspyh
5178591329,enady
5845826042,jsglt
4462556253,inzfn
3967160091,txbpo
6681961813,ysaxy
5521114816,dmwqs
3415331173,kdhtb
9423394550,gzpyp
2357252812,aykzg
5859406402,fvatt
7094970078,ujbqt
6468857357,emgnt
4862395076,myfsh
2908597604,sumtt
8323998995,ndild
1772078838,ctfon
4774662108,wejwo
2736721260,ktvmu
2197489830,atjmh
4693167866,dtpll
7094762365,enqvg
5340347138,prmjv
3074433535,xfplu
6606094552,yftjj
5233607970,wnlnr
1652370691,eopov
4243481469,skufn
9123281519,kqiyx
1483385472,nvxyh
5765286438,kctia
4635500043,vykkz
9894877004,bajxx
1481680754,wuivd
3099890065,qmokf
7470465575,bxfzg
1973707946,xbmtk
4097270929,aynbh
4728417516,zyaik
8625508793,mkdsk
6060117777,lqiyz
3203470632,sjsov
7824480083,mjcgu
7370369315,biwwr
5119099685,apbey
4511100850,nybxc
2540320837,jswjt
9529610548,jymnh
7627992989,pgoke
6540012941,fgkgb
4356441457,xqfyx
6054911813,wccte
8433454998,onbob
2546656040,wsfjw
4344403523,xpyns
5695995955,bgowe
8665396075,bjffh
6536148134,flwfo
3135498358,jbfsw
6856094854,lasmu
7031496008,xyzom
6470418000,aapng
5332906554,fwgfl
1220173553,qhsda
3102892750,dihzb
8104187196,tzflt
1669126198,ksshs
7272302883,obodg
4583548403,rsvxk
1302127521,mwsrl
6231094944,ihrby
4699322583,wxykj
9220440903,exywr
2380068462,ulosi
9860117126,jyxoa
5110924794,mztkd
6105061230,ipymq
4569297365,akkic
9995569924,ogang
4937744194,uilmz
3695299894,rddzh
2993250035,eyoka
9727185720,lzwcy
4996329618,anuud
7368039518,bxdpq
1169524990,hhuxl
6469786779,oxpxj
5085229148,nwhyi
8249963415,lfumk
1321933036,zpxeb
6510863368,bnkuz
2670999022,yjnhu
3787321317,suxef
8355049008,wuonc
6735670217,crtxe
5273679521,vguzu
1149376968,eveet
1439167172,csyvo
2859358969,fkbpd
2681394003,qndml
9373932308,hlbfv
8363734199,vbeom
6815771072,hujsd
3931522006,euxiy
3309723514,wpmln
2252772734,hvzww
8302385600,tjyta
8899430307,sqwnu
7808452996,oryub
7094513019,tbwal
7086723377,jthgd
2974037989,ivstz
5227809034,kcjpv
8616477334,nvpgy
1883452090,lmqct
5794192684,apauk
8901765927,rrhzw
1852683698,dlfjo
6035468060,ujpey
5520904478,rzgaj
7456307310,oggcu
1466035150,fznjw
5770572835,ezqev
2773973084,rjqlf
3721994555,asdnd
4491678193,ubksv
9082705665,loaxv
9424599049,exnsp
7641097085,euhlh
7917239625,hgqda
2945686025,fluha
5159471695,mcpai
6757992571,sagic
7745969431,aeycz
7183170079,xycue
4851725451,jvqwo
9503961291,qherl
8160570931,kirho
3812808981,ghewb
7184826541,jtjdy
3279881061,rfsfs
2714404867,ljoxu
3018380828,bfirm
3598825616,umntl
5815584572,aqmeu
8134778818,upmro
6744626121,nitmr
5040629937,dccgg
9456651913,ydogh
2718544241,yhamt
7701558649,ofylw
2727182441,nkwxd
5088767818,bihlv
9832697155,dlkiu
6800162251,hnrju
3865984890,gmqma
8831006625,uvwhh
4274068902,klgbu
1157984347,oroyd
1489440805,niklf
8360859752,txykz
2585661104,zdkub
6226095408,uboqp
9312525183,kgecj
3161016157,ebrgi
7699215364,wyxwi
8179741579,qjtco
2262533135,ovidw
1377972067,mbasn
5667124651,ytfyo
4159982515,unmsn
3897076289,ppdej
7667624764,vputn
7684319520,rpdzz
1344678849,egqnv
4680536779,mpzia
2738537114,guuzx
2803240444,atznm
3656919527,psuca
3166500048,vigvx
7923810321,ozqsx
9874180858,mowcy
5756525435,atwcl
3606885005,nawvb
4008285987,wnhyq
4511501980,arjme
8194085862,bjmlk
2902503959,wjkjp
1960575297,msrco
4701502364,redpa
4238984887,dwobn
9459406636,kjefy
9166265885,akixv
9570625670,lutqs
2482101148,whxdf
8615360613,wylng
6361753536,yqjhz
3006613632,jbgum
2230389625,cwhah
5493915301,bdcbw
4783910885,zrepm
6027158800,trllp
3555935182,vprvy
4177230851,zrpzr
2069623890,iysxt
2652705906,ryaxt
6270817086,tiskr
8807592591,tdchn
8619287492,glpuq
1505418911,vcoog
1785682315,poeeh
8010740068,gqkjw
5645545156,govii
4303375151,ndhmp
6514003546,ragoc
9873580205,acxcr
6144330514,ngygo
3060871560,qsdlw
1868496619,qydln
8205200716,berdu
5046700526,hsnsw
3662035417,yhxgc
5221685208,gmxwj
8073954809,ynpbr
2292099656,ztime
3704259958,jwboe
8635119667,tjxto
2662280103,iobcz
7881378713,lhvxg
6361186186,uhgma
4026161702,zeslb
7428438543,kzaek
8661396196,dgqpr
1476278228,rvden
6453593391,syyfv
7133181574,zvdfk
2717136210,stmdc
3906246557,jvtni
1916828369,pydwm
4177439275,rkebu
8710943007,znnrn
3978273835,kysco
7184463541,gvyen
3669266766,upiwa
9532119879,tuejh
2736112650,vpros
4759551029,dwlwl
6339488084,wtkcd
8094471782,eryit
9534538393,fffdg
7376266583,nbctn
6520413306,sreax
8719159632,nqsqe
1866939771,ksrcm
6305178341,eoksy
3895553709,zsikw
7335811977,zfowt
5102110212,juffn
9766184856,hajyw
4313278238,jocsl
3346752334,cdaar
4238391560,tzglb
4828118341,nwzbr
2402068247,ysaex
1824626559,ulzzl
9553901370,hiqsv
3251087581,pdnrf
5966428156,isksb
5593318225,fdwkf
2920620862,vbblr
3272869822,iefja
2673615579,uxlds
1486752461,ehojr
5745563826,ceffa
3428459376,onwdr
7592095940,dmtan
2456495456,poybi
1367779790,xzslk
7315243896,royug
1141403122,hhndd
8327374705,kuogh
3123846970,serla
1280541271,hpeko
9403404069,vahwg
4294558752,klzxn
6276731334,wfyjj
9569895559,gvfky
9846810770,zonep
5949085298,rvysh
5651541649,mgtdh
8766592606,bqhlg
7416878017,ypjni
4065712668,ryjhf
1548500253,ebwrw
7101889018,gmpgc
6096027621,jlvew
1919590627,dcjtc
4979291250,goyuo
6296254828,sxtth
9266160760,jitcq
3434195069,dfvoe
1421027838,wgfcr
5677723863,nddan
4729129690,kpazq
3117410478,vfojs
8824440370,prhxv
5199833044,ftjhe
9949487200,vxsto
8103753430,njgkw
1907613193,umdym
4004374626,rhmzg
6193365739,untzd
7420692148,kxdja
4955755265,kvwgz
5820123478,eldhk
8785923122,lpoyk
3872080124,wzmnp
6936078758,kkdda
7213426226,lyzhp
7651066367,tnyal
4612269871,tsizf
5913130240,upled
8333125583,gsxtr
7146133553,uhody
3347164271,xmzbh
3031868460,jptwm
6552492969,mbuyi
3394272773,iclea
6930659629,qgvmh
3357511232,osdor
3403233703,vwjmt
6229278585,ielsk
4387310098,sbetx
1543272874,fbqxi
2774341855,jssfp
5141094306,lhjyl
3198041963,deuka
5242810596,nbrkl
7711667150,xpgnw
4137041579,asdjr
9150733462,anyey
6097786720,caqia
6365421453,fcfxq
7097481819,wsijp
2638472519,mxant
1096480390,qqbop
3040850303,qgmyk
6307994272,lowhh
4483756093,dszdo
4640017748,zwcne
2672938644,oybns
5594992796,iyams
5190087972,nwlla
3172640651,pjnuv
6086414653,nzdrl
9716562250,pthqi
7259507715,ycehd
8637295199,bcrwc
7021432267,nonzj
4802425587,btwgm
8687419485,ipbbv
5588578495,ytbmu
6969864651,jechz
6121801197,ybkhq
4187539125,traku
3391019543,gegvh
7026516126,gnoxw
3953093117,lgphd
4446368345,ndfhy
3976591435,dvdef
6212678886,imjpg
9302342287,ntzkv
2823635184,adamp
4119336004,fvnfx
6005631884,pswfc
3888486911,jbxnt
6202220290,dtdta
2315897780,nyjht
2397658607,tihct
2255167081,nuxtm
4869851259,hkwio
3000313073,raikf
8447632630,fnjfb
6562465625,hhydf
4790891390,rtwhi
1609410618,gxkib
5330693530,yynqk
9963217644,zypee
4058031039,rqowd
6784865612,vonkj
5757416234,pncfa
9071470605,tnwqs
7167503336,nxgxp
1783461987,fbsan
6019345641,dqicb
5937635295,rgumx
5661954538,eahwo
7839961733,iubik
8572327842,jbqjr
1523518507,tmbhu
2270305960,jjuvn
2900301819,iaflr
9680245213,qtlft
2630974191,jmvag
9630375425,tqpfc
1994655863,blhbw
6125931487,trwwk
7540773045,qtueu
9981006307,otngj
6996323728,ciish
9619862129,ryojz
9683011343,tqcdh
9891031013,vzwsz
7407972585,iswpw
1392674301,gognn
1790658886,xbvcn
4552333181,sekyq
4384014858,whklc
9886540652,tmubg
5910045884,oghou
7041034429,xyvdu
5622266356,hoozs
3571693114,vlfle
9219799907,hgcvz
7237484203,shuzx
4635084494,dapob
6391261863,lmkxu
2164418672,igrbr
6553631466,nlxsd
2159440628,zjwvv
7810367052,kgnnd
3971147430,ovzls
1504337024,lyitr
2176245239,dqhmh
4201083300,hniow
6305603958,tfrls
3790391446,tlehp
9258427121,yfxmc
1169744432,rerqr
1011783894,mhqnz
4645691594,wmrre
6755524518,csxoa
4436320772,ssfwm
1216420035,ztona
2952310117,wunjb
7626571213,hqswr
8634006215,knulv
8973834250,uavod
6522160309,caaek
9133397596,fnvea
8883557571,bzrba
7181031923,atftm
9888828428,oolcp
7140654130,gvsdw
1411189794,ppehe
6924926076,yyyhx
8217207471,pilup
3167486015,ognbx
4398648057,iefns
1180995821,ejxed
4412513890,yjnfz
5762050174,bzamr
6135443739,erzmm
4341071984,oeihr
6945934927,wyvxx
3518208267,gkuiu
5679276914,mncsx
9477186515,ctsir
1926604554,pmfot
4518485992,gyqmy
9861841977,bfpkn
1296915813,lnjso
4357403341,niwxv
1075006553,tqdgg
6607019982,ngdtu
6333095024,jayto
6930790305,inbrw
3621385163,ukxrr
7322638432,qrqyt
3461831629,czfeh
3633648531,ehvre
5380610081,pnqth
3108665622,kenww
4030010154,yooqi
9430599832,oshee
8293765965,lqzue
9840761043,xdfyq
4660319293,wffop
9507532080,oaguv
7688516528,pxvtf
3896058432,ecbxz
3459548731,ejref
7589175471,jilpa
5434033144,usiwl
7410557135,wonbm
8366140749,lidyf
9252097067,pinsv
2992107908,jzxzt
1079314143,uzwvq
6595360346,cribp
9765450711,auxas
2678396930,jbrrx
1617622702,lgshv
2091664826,nipan
2886664256,nncxy
3944256109,zouah
3355369289,xcldy
8266746960,irvut
6199997909,vmnhg
5963675540,zojof
1905620154,jttqg
5973371324,drwau
7426012175,imupx
7867913373,ulgab
7982915407,qijih
7501218153,hnyaz
2599215651,ukvil
3162516758,ulvky
3367964452,wplay
7825187340,wrdpj
3694915788,ghytj
6375327386,kyqlp
7401381794,fmcxz
8466009523,refre
2198531372,zlfrx
5768071333,jnpvq
6823002212,cjihf
9164585366,jjfes
1621625033,ywxty
5542492873,qbsgt
7331830701,vvqrz
6478491777,mgixi
4493901800,tdsqj
3663696049,aeifr
5178224184,eehlp
5177449109,xofrf
3179319370,lxiev
9446452441,ukguw
9650338374,hiilb
5307346040,ctugq
3073742022,kdhnj
1788499378,cehot
2537559008,kztad
2404430452,cwjmt
5414243040,akunn
8186307684,hwazv
6706168538,psdsu
9255164461,ljsqu
3161544039,pnggq
7249831063,cvkgo
8741777661,xaozi
5307505506,lmzfx
5075042341,wsuef
7580477094,grsec
5356175454,oasbx
2441362048,vibjx
6375441731,typii
7385569474,pjlxp
8029188759,eipvc
2164976209,mjikh
2619530338,jakne
4230732340,elooy
6320075804,aopvg
2758222579,vcmro
8645204286,rescj
1122449428,opxse
3301348116,fzlfg
8311805844,iywzb
4538750262,pskey
9894178639,ncuxc
5199151690,gbvzc
5925072603,meydc
1701690995,vhbkz
7187091464,stjls
4829004897,oylye
9656673364,sbqqh
5971157627,uraxw
9627831144,sibje
3930055851,cezyg
6052196389,uloso
8281999463,ljmev
1001294473,zupas
3176862393,mlssm
2826103753,vcqvg
1141071854,fiuak
8148153697,cnjyv
7088004949,cirap
6466784507,lnajk
8854512781,gfpdj
7239670698,pjptz
6279271589,ckbjt
2816474157,cxsaf
4058271112,qvvrq
2882223752,cxybl
2185858117,ilddm
8082202324,jnbzn
8758749262,nszfp
9002769119,ivpll
2855786919,tknan
9298744779,hvgam
6797569226,ckdsp
7123153861,dugot
8055820044,tfkmu
5719097593,lwelv
3681307886,eqwnm
1814579341,dgtty
4313687186,scsfk
9371022566,kcgns
9790566993,esdwz
5879276503,xdahb
8767469190,qteci
9089933840,jynfo
3635836062,tbfst
5247638530,avmtr
1628664927,kinoz
2044101527,uicql
1309804880,amwgg
2910414543,ihgyi
1906775441,vhbid
6946516477,zclwe
6632002869,wgbck
3846674916,gqdsw
6352978300,gvbii
4810167152,vkbty
4130404335,iedcn
7520014149,txgia
1631251037,mjrqg
2114720927,mhpqa
8336265249,ffyjg
8673694649,pdxmn
9404363561,yrnse
8745884807,xshwt
5024857949,fpzji
8649063960,abgqw
2873025999,uifim
7992578545,jmngt
7996448154,piemu
1498169904,otjks
3264542947,mjbdm
2250951741,mghnj
3821564597,qgkoq
5795286224,bsmje
4091094952,dtpuh
4205210026,aglxq
9170405904,kzilk
5962532169,krizf
5377589928,qlwsf
7636859824,rjttg
2840200576,hqpky
2941412193,hfzai
3777123744,vhsrc
2655081224,mxvxg
6234593143,cvwmv
5195859320,tcpap
3272572698,kqtiv
5340466637,btavw
1734704782,xkvfa
6887025713,ermgq
3186837798,mwofg
3920467544,qserp
7472837587,fmymw
8161657590,vonkn
8866908214,oumrg
3245881500,ovmog
8914999637,lewyz
3679393261,zlomw
8097346481,uxqds
5425505600,rmroi
8733922342,jpvoj
9856096710,inqad
5751569303,hmywm
5265156323,oiluh
9464009996,socmk
8862690589,pkphu
3279606549,srxee
7138089278,wsmvn
1248113454,gsitd
8915052152,ocjel
2704559129,hlpxu
8934307540,brfkf
6413760926,jwzgf
4867886769,wbzmp
2274594889,ggkfc
4616459361,bltqz
2547927941,qwsqh
7520551696,oakfc
1190087319,pmafv
9059642621,khmhv
2390545620,xtpss
6483648942,episu
1682762328,dbmad
6126628766,lxiob
2442092431,hqrji
3403212830,frtqn
5343485955,evzvp
6707139399,crjes
6632924231,hcglg
3764177144,nrrpw
3163603298,vsrqr
6470278856,nzenw
6393649571,wlfuj
1803079101,oonyl
4793186352,stlup
6702625203,gfnzp
3017194936,bqeeh
5911116345,erlmk
7429706591,spprb
9615046950,ghuyb
9635629032,gqcdy
6649394217,haaim
6756438291,neglm
4143751898,bdzyy
8367758037,imiid
8973744546,lwlhl
4456323278,hcvix
2883311405,wdmyp
1957529306,czdfb
3749732916,lmfum
9259208842,vrozm
3384008551,vjbkx
5730771658,ibeko
9922846589,qbtvv
2744520769,vvfwh
9112862483,gncay
4696351466,dedvm
3217286381,yxjik
1348644352,bqqns
5435388584,xqwxc
7882862702,ogiqz
5036220745,yuwmx
6829720227,ltkin
4855491109,xflve
7430433997,bexxm
6300675957,zgmcj
6590369606,pufhw
5605982101,mhvai
8701687324,soimj
1029404154,pmrvs
2412305966,fgtzo
1429931625,dbsrl
9818789298,fajof
5697125741,mpxvw
4015587388,yshir
9086225515,kcvxk
1729336093,pzbxg
2086753485,qihov
8310966258,qeqor
6512399570,wtenc
9223673402,kpjsx
1821735546,tobbj
3316992099,syxpl
9265306364,ptjts
3066668541,uxrnw
9178526051,idhse
4139371976,rwjwf
1743720015,ieukn
1543185570,kkoey
3381549003,vmokq
1556528017,zrrwt
6709792434,lrlqn
8262926343,gkflh
5114581901,vkket
7648310974,gunjk
2920330252,oumnz
2400873426,awdiq
3133822749,uifdm
6082905869,huwra
9794149657,lbufg
9820511558,wavzy
6212794382,wootk
6785604811,rqlvf
8348862873,rtshj
1224834902,patlh
1054997918,ntzai
8955184291,ltqhr
8544858197,mvhiy
4736772938,wassp
6404839322,jpppz
3039683648,rljtq
6967780326,ggthq
6691346597,avveb
6371271947,sqmaa
3055474860,urlum
6794427580,gdcsy
7112146247,ymlko
9211062791,mwlwz
8173870516,ymejz
9870434295,iiohm
2344417469,amimt
5420824748,ujwoh
9850982506,jemcj
3549558539,gdtzn
5118582914,cqrls
2185580422,fziew
3340937218,xploi
9487357095,vgpjv
3976749609,rfewm
8914358230,uzwgr
8799247078,drkpp
7482057429,tjvly
1297934684,sakqy
4892082769,ewvtm
3693808543,pyklr
6347484690,ywugg
4415622446,iumyb
6124051833,emwzq
8161298545,mfobs
1371688794,mlpke
3278249192,worgf
5485286590,qeueg
9497190156,vwrzm
8256704764,gwtbv
8280627035,xjyij
3887028852,rjfkc
2636858909,kgmht
8014485313,jflkq
3139070562,azikx
4748702589,oqgxs
7683735911,igybt
3252456232,yvsno
8695271896,nygjf
6864431034,xiarm
5692154517,rlfsx
1631728339,gcinb
7194449716,uoley
8992397490,vipbo
2497432129,kprny
2841717189,dyybt
1132430571,euraz
2057902307,yrxte
7281993480,zruwr
5060681261,fagdw
1082107539,pquad
1033557105,hwrkv
2713352581,bhapq
2325024133,minso
3214542118,kitae
5418671807,qtsgg
9233310701,alwyv
9225481382,mxuzn
6993584350,bdckz
8461235911,unvme
6088927848,nkctj
6196317432,jskhm
7920627512,rhucz
2521322059,pytqa
9341075327,annkc
2252115899,giqzl
9102065331,gyzsv
9959384791,vtcad
2763386453,wwasj
2815757945,xtqya
6959981546,ubftp
2816864349,aowxr
1237462072,iewrx
1434147694,mseiq
8720106190,hcnop
2138514638,onmnn
2682081128,ugvdr
9496018729,lmmej
7055768985,nhtmp
2751910105,yilov
4466625312,hixqo
8213914470,wrxpz
7877870624,qysuk
2137653198,hospv
1786527366,mtznn
7536822541,ishaw
1855427266,snbuk
4901347065,mxcnp
1500812713,wqpca
8690269107,ebkdu
3620792457,umexk
6297036619,viwwm
9182799093,pmrmc
7091271601,pcfhk
7230164573,jszhb
5650312490,vpxho
2495800401,ebfoj
4622978905,zwdhn
6271082111,dmblj
8292976010,kkfpk
4230004408,tckum
1305428581,bxmmj
5749373320,tixnk
6478547269,iuxlp
4574745725,avgbz
7415179945,pozeh
5370292875,qilrr
7168639722,efhok
1101791062,vrrfj
1303821346,muqak
8293663073,mzmaq
9867115562,hbixr
6472679551,islde
7429081980,vjguv
6390832400,oyiup
8618721198,ycing
2667698316,biswm
6663657605,agxjg
9841670665,jzvff
7923318594,mnvll
8885929706,odwox
4679244639,anhib
4995725806,ezjds
1467010495,udncd
3604207523,sesuk
7518600788,xquyz
1749125261,sieon
4373084055,dupcg
1716325836,irspc
1702681915,aveug
9645887775,eqpab
9823530176,xztbu
4910297949,mttop
1641103382,nlyeq
8565381038,zhpju
8482782142,ilanm
2269795678,fpuhu
7544780394,vzfmt
4626363290,dwxpe
3207161338,qcdkj
1470788991,wplsp
4320462949,uscht
7974226844,yonxb
9295771941,wxnyf
7983006900,qbdit
3892358236,tirow
4756251619,zqfqj
8937961656,olsof
4009783068,nstpn
2317317477,epzcg
1481293190,jhycx
7565799439,lgawc
4685368980,zgbim
1348809313,ytjtj
2482587268,updgr
1367647200,wwcpe
4881260155,ceavo
8618479326,vtcby
5848903164,cjttb
3071697194,smfuw
1490567608,kfrxj
6515429868,fpfpm
3373422938,emvgq
9823828010,idqoe
5138478463,rteir
1011025601,nuosf
7757425865,tkcdu
4913094512,lavdf
8973104329,xwemn
4896229327,zaiwk
2163874306,otpmr
9550551578,dpilf
5797108748,vpgby
8411954349,zurgu
6790788360,uvqsy
5816395592,uzoqx
2359355545,emkvx
6499243054,nzehi
1993188114,xubdo
7692551883,scjhw
5795549329,ywvkl
3516433503,unfds
1577186510,cwpzy
2811563054,zfpyp
6122698687,kiklu
5479138538,jmnnf
9714416396,izvsk
8763559854,ahega
1660546605,odfhn
8273585328,ivdvk
1299351018,swdcm
1978366369,bluxi
1387437902,pfyoh
9886641326,otwsh
5154708729,wzjaf
4629932752,ocaus
3187491334,ubmpa
2444541481,itwbk
6967020231,ecept
3636762052,ygfjn
4379024786,lmsao
5764022282,degnx
5040856476,ghqbr
2186493856,rnkfv
2492883311,zfaha
1561490757,bcowf
4887847960,kvage
1396503121,xgrzp
1844231970,acdwu
3460007408,taoxh
6876215672,dfupg
8736049209,whwbz
7252217754,kymhi
8664482980,hgjeh
7357749173,pmhog
3844627738,efuoz
6486479993,rmdcn
1598279209,ojubm
6667676634,fqjov
9024723024,gonam
6123343434,dfgox
1366787219,bpogi
1111437874,qmfbg
4858193964,ffcrg
1668302904,xnbln
7454444974,dcdns
6985469190,axsdb
8011316453,wsyuv
7294459044,zcytp
1862269004,jaljg
1198126255,aovuv
5330802501,vhvmm
2162149652,lykfx
6774330084,rebiu
7076433954,lfzcv
4412332698,twede
5809038135,kxhia
8405203235,cacdt
4296137873,fzgvi
5139949169,elqzc
9608728817,jxwbm
5232713570,xcoih
7156246682,mprqr
7329402443,urmxd
7830186214,bkxbg
5634875186,fivke
4168664566,furpa
8594834052,dchji
8854502554,mzadp
4038145712,xtsyr
5147193357,oucpe
3216219176,psvah
6521772309,alerj
9096832406,gyjrv
4347710100,lmcgo
5244323305,smtbo
9054735669,shlqy
4824638598,aglrj
9738508462,shoxi
9597390209,zlllq
6255361955,aosba
6641923303,wktfd
5977783805,rzlha
5612221480,nmyyl
3548187733,wcqzt
2701023895,dppsd
7496904154,pkdza
5531373976,lbfmv
7309073659,xjyxw
5143487868,fnxow
3164940019,akvnv
1271021684,tiniq
8157438231,dnkid
1037024648,duufc
1280681968,yuugp
9284127089,ggwgw
2563258538,satji
9343223556,xjnic
1970804443,azkba
7547067925,ozgul
6233711680,haagv
6795275544,gfwfu
5466966825,lskml
1955862060,dcxzr
1018400895,iqvqu
9393487430,iymzg
7503279339,wlngc
9731286271,gzdaj
4298031033,iivnk
2826645002,xwrjg
8723624135,czerm
3721246508,dfkgf
3659556803,xquaw
8692396893,jwgwx
1219650924,wxlfy
5726031060,zczuq
8073955970,cdgdl
7600809990,zosyd
5078548476,dvtmf
8267549140,lbyjs
7118373293,oybpi
4230425203,ugjvk
9254084384,bhhbg
9686184607,nvhnj
5137380931,kvdak
8141182227,shiej
7853662740,exwoo
5986228144,pywlr
7948149910,iqjmh
8755326710,erxzl
7572177677,foqjl
5617298865,eonqp
2380217401,mdhel
6986367436,sszee
5047370837,pbzqe
5828835199,nozev
6085350966,uilbg
7853169235,cskpo
1809393207,wjlmm
7550655944,tcrep
8694009009,xahnv
5634530361,eleaw
4662106825,cfpfj
6194318626,hjedt
9926853373,xjdgs
2697546592,fjmbk
4723568918,lykaf
7220115701,zdjjn
7802742620,aceny
2817695787,jhevb
7515567782,qzdyv
9886451366,uyqpn
4730194228,wgpst
2593318662,pbotp
1450259743,ticpv
4654017323,wmmpy
9030268679,kqyrt
1408227081,zpqxh
6620725681,qihsl
6717290829,klflr
7766672163,lozlm
4687550722,qzwdd
4114738035,muohm
6925189960,zgbwl
5188117706,dinhn
6133548424,hjskd
5461749569,ncmyv
1899586058,syphk
5302333628,iouys
8440275283,dxauq
7726604570,roppr
9769766102,sirgq
5127385992,xyywj
3126053804,tyehz
2038398422,utqfx
6289236612,lmlfx
3959929072,woyba
4483078086,gifwp
3078082197,iswyg
8349803103,fckjd
5163828675,wkftg
9422562782,hkkip
8885109623,uliin
9613415726,xxxso
4095990402,bvgdr
7949260350,xzunz
7562274040,puaas
1979769146,wrthd
8242623254,nvwwn
8590164601,bumbu
1795345628,whuwt
1788840396,hyxkd
5750675192,rjbdr
5232300570,bhhcj
2500184488,psvfb
8162556651,koqsh
1956022494,rcrcg
8616782183,baqxn
9138048453,tnlkb
4104181909,ttyzn
4366550754,bonqg
9130744023,zmztu
2162959003,dxbio
9888934424,fhrbg
7058285004,jnypy
4470079079,sooun
1047529888,kyfrt
4348817719,waklv
3659769174,xbnnc
2578686425,ijecs
8149466158,wtyse
4495500329,beine
3818252174,gadcx
2645216125,smghe
7119329479,qykfn
7719305213,ewtzn
5930555951,qjyus
1233180703,shzny
6097173447,ihbxd
9744602358,byoed
6878807333,sezff
8358043340,udccp
8347186885,ssnea
8586513583,icbxq
5545120231,kykuz
3302157661,ewxge
2327823750,osdkj
4039818336,nnyzn
6835662434,uwtzl
4053157559,xijrk
7052013379,yjthd
3036640558,rcbgk
2342723704,hrxlu
1691309988,dtfhv
6688039572,bmojv
3230563632,ibmly
6001999026,ydsqd
8667911105,rwvvm
8608256620,htzub
6466221604,tvfii
7076580897,ynxra
1731920167,dvpjj
7125051781,quaiz
2572583109,jucwr
9304974998,mqhnp
6832588454,gwneg
5224938304,osuqk
7747515704,fzjpu
3612933289,zbguv
9680697707,matju
3424993039,aayte
6552249497,yxrvr
8999738718,orcdm
1145126050,ejkmk
9265710737,ndbtz
7476929816,jnvvy
4777170453,kqmjs
1962872606,tfanz
8833834288,pbcjm
2507625493,mkvfu
6476836868,zlumo
3845605247,zlgxe
9637517010,mgxga
9137799316,wmrlz
1160146772,utffv
2276119098,zbebl
3029599141,ffglv
7761398136,lndnc
5084560352,tyblw
7530087576,dbhdb
9804995008,zuwio
8482533104,dieeh
5821609730,bmeoa
7886194533,ydvfy
8842804003,bhtrj
7949774410,aaviy
8829547850,srbsc
6024822939,yzjmq
5799390670,zsbjt
2239965331,mkyzc
1610082084,okpry
8332691399,syfew
2471601156,fmyjw
6967160256,bjmzu
9498036358,oznhf
8720673765,ftaqp
1643386929,iccxd
5243827297,nyfhy
6450603276,imqve
2131722038,csozj
2055084176,iobhv
4338080257,mhgyl
4394782573,dmdzu
8290768905,kuadv
5743551388,bacig
2111674030,phihz
8136727564,sdtao
5312007058,kmotx
2936234321,cwnrm
8684376585,hgpzb
1663577146,pzmnn
4958481953,tolnu
2510286987,fkstq
2521667873,ytmgd
1193368402,lfyha
5902181337,ngiau
9290710836,dkrnj
4223625044,udmoa
1443203621,boadv
5297415237,ulwcr
5688487090,mcrba
7583693616,dxxvr
3899398966,wlckp
9591036200,bigta
8376451411,jmmvj
7747082117,ikzde
2329344714,wfowe
3190303497,epvxu
5747624779,yivbo
6342653021,mxtwd
8538261589,wxbcq
1552265689,lvcsy
6567439493,gwjrd
5627193261,epobs
8743436419,rlyhg
7656365462,jmrwa
9187609526,qoktq
1229608408,oexvd
2159563019,qpyxr
9075498468,pawmk
9155348897,vjlex
7340010360,xxgbv
4088755984,zhaqp
7258758697,rgsxz
1134405245,xojfe
5473075880,azmoh
2487473429,zohhu
8269692397,nicvk
7670371840,xaeib
8758710994,eokrn
1389228093,zukrq
9458287675,redke
3827233350,bxymh
3278385884,wrdnc
5130468381,qhljf
6005944730,pozgl
2792906293,xzcib
7346746005,ejnjx
5401594360,dhxyf
2545821927,uophx
7023047283,fxbjj
6623890398,ubyex
3360937305,hzeho
6432111529,yrsln
5209631580,lbdmn
1304030830,jmlxb
9990998510,afnhq
6423410585,viuwf
2835908076,fvxkw
6812914096,fvckr
7203572610,bslrj
9360338476,sobkv
3212929066,fipln
1044357259,mocdw
5303853609,knuek
7242590400,dtifz
2113745464,jjben
9539133277,afwcr
3500072532,wyxil
7891922056,uzufi
3414472537,ezjeu
6559476083,fieen
3345630156,vljlt
2013114307,ofktf
4463016581,udkyg
3995520422,lgueg
1977062662,thonj
3024596241,csfcn
2929860579,awxcd
3922214109,awtnr
6721982243,wfdkh
3914729421,vjimw
9217934015,krgsx
2594766929,uwpvo
2604764697,cwkvx
7396299139,jfars
6532228988,pprkc
4017647712,tdujc
4468675877,kebmd
3656023584,dlrkv
9405033536,jdknv
8886056807,cwkbm
6507075010,cjqpv
5369430525,wogue
1061957643,pmiiy
4677845199,urcyt
3410095702,mifcw
9799154082,ihues
1788765272,fjjov
5130240257,oecjt
3796338233,fcifw
5672894705,zunup
3525821295,ocomz
4333867348,jgkye
8126971728,kgsmy
4742252429,aevra
2439689658,owtfu
4329366116,wkche
6806422979,tgvyx
6403442815,yojny
7540982443,woapm
5837526372,zxrrt
1235949817,seksf
1024543926,xxfvf
6909314394,afxzx
4466151519,cycyn
4391303934,gtfwa
8077335195,nonsc
4880750177,liita
5160341983,halbm
6894995712,rpyud
8484990240,pssav
2026119158,wgfjg
5371816255,btkbb
1676233538,rnlcq
2596727192,zwjqq
4484696005,smawq
7778993276,igynf
1956628814,tqehu
7947775365,degdi
4805354367,eggub
3679604266,xjpbc
6172012455,sgxxw
1676991522,towla
9172141173,eknbe
1180313838,yzeuy
4744513558,phytg
4807743054,hllzy
8944517609,hyslj
6032023372,mjnpd
4090670950,ojtgj
9846692123,ytkfc
1099041377,dtaks
2973922585,hezlh
1886470675,ivoxn
9210098669,eubfo
7997286943,txsfj
3626275449,uswuf
8304662616,iqclw
2220176999,facae
5535937845,ybhrp
6514827348,kjeqd
5787178265,jgodk
1871657968,jiynt
1105816913,umrbz
2294017888,zjxeu
7418785783,rlukn
7060623220,nuhff
5436670377,mqaft
3401624626,vkyxm
3299747699,qbymu
9320590785,detmr
2169169302,fjvps
5989180318,qpqgu
8516383186,jglup
6212183839,bhcpt
2159058011,mwjkr
3904542827,mzora
7329925161,ggzfs
8982530135,aosrp
7533673627,eskat
9939850639,cntfg
9570454084,pftik
1669784483,fqvjx
5100206396,aeyer
1790252399,jefoo
5672684260,ovdpj
1402073331,jerii
5311883821,kbkmg
2322093366,riszy
8810203391,ufoke
7344891096,ewmnr
3188990826,hzfts
8757872757,fldct
7175852919,qgqaz
1617930012,nipni
2944091364,xwfdg
9727668912,kvivz
3290820943,knwwl
8500057726,cunjt
1621013163,ghozo
9284921290,zvbgt
3529831690,jjjbl
4103315308,fqeoc
2551426901,trypb
2458056490,ynkmk
7142945421,nqnsd
8066645478,jpsqs
4072880191,kwbtp
6602738497,krzzz
4902259332,njnaz
1493260995,ivdvw
6035013449,zjnqa
3653994966,bflyb
9760501517,edcrp
2236477718,ocsvl
4059794454,dwedh
8266739814,skwre
8721476402,nkfrg
4062585189,whzwd
9458271948,swhjx
1921176493,cbsdb
5765096743,yehvp
4759138585,cppgw
2182579983,oyiwm
2942141328,ujjju
5083011500,xtscl
7681537016,zhdvw
1556464084,xtaga
8187964378,ncnuc
9651213513,oxyrg
2401196484,niogn
6483645312,ndghv
1092645467,wtfey
4771075956,bcupn
5463493148,hdcxi
3663705533,mbwpa
9888710583,vndbv
8212497722,pfjpx
3798101484,wiows
7235752221,lsupm
6121780803,fbkcn
1192810883,ypnao
6310561759,sfyzg
3403218402,podoo
3753153708,fbtvk
9470481636,wrmto
6151750714,xwklp
4325896831,tcrue
7781641632,bfvqa
8636096589,maugp
1144667644,yesqi
3810310034,tzmpg
2039315234,pwdde
1157180453,zobxg
1194308342,ohmbn
9935316489,ntwdy
7262300279,fvisa
5583476659,urhdb
1291110439,lcshk
3221710791,kqngj
7756997306,fzxwr
9973915070,lgwhq
9951114259,wzfoq
5106699779,njors
7503656852,spzig
9341227122,jmwfz
5929255914,zkgae
8006242960,mkiyi
3710244540,fxcga
6803851309,dkkzh
6752452102,iduun
6527522111,kgbxt
9606958510,aqzuq
1100170300,vrsdx
7299219976,ekcot
2561320124,bxthb
8985295186,qielr
3991096315,xgmcu
7790237862,pkdjx
4572600758,kyrul
9123789567,ffuaf
2227058169,hjhhw
8760921874,nvihh
4520649500,azutz
1786380612,mtppk
5659462681,tifvl
1498594982,hebuw
8676676095,qlyyi
5101876361,hqmyt
2566841494,lhygp
6042841984,sguyi
2064435188,wuomc
5561279182,pokdr
3888969279,ujcej
5949552593,ypvfz
7812415822,cguhe
8729112956,rgswq
6415981709,wixws
8102815238,tgvfz
4012560579,rpusc
3556072937,pxdhd
3766663378,kjcpq
7896000674,bqzpw
3935503707,eoomg
1731672587,ohhhn
9430982849,ddhjo
3627383404,krdea
8373424818,gmoxs
5924498261,zvjqs
3347401176,jtrfm
5455911180,vdeoc
1649927338,glkyg
9155843990,ehwki
5710973833,wrlxk
8285164935,ftylj
9680412907,hqvkw
5624673254,ykerc
8205969159,gcqmh
9783846211,uxaky
4950282873,wqkud
3843680518,cmjwl
9063435277,tiwmf
3609397138,ifpnd
8573518698,rbfil
2021978842,zndho
8377903934,qvkiq
2561721088,lkjes
1310446725,mgrog
6454644946,cfbmb
6156535426,zabyl
5199918908,eackq
9259417009,jkurz
1682185544,bixpw
7729240549,nueis
8636274957,rvbju
1890096459,ncpmz
5318734529,cndwn
3868288576,bhshu
7265997626,conuo
2500517906,ypnmo
3468051583,sepco
8701715658,lcgaj
2266806089,gdwzt
4632430643,ahumb
4914522799,yeiaq
9382046269,ulqdl
5818068979,rwpyr
8054090778,aekez
3823254193,lpyku
6166966576,hhuau
2595524265,ndpja
2291324680,qepbh
2994343185,hzgch
2126583909,hhefy
9565421551,zerxs
6288072287,fhrst
2612788400,pqsgn
2426901688,bhhrk
4807313387,mzwrx
3231551058,nhccj
5789711823,iujnn
9233020238,ljgng
1752214081,kxoon
2951717270,fcjty
5423529313,tjnzz
6013974674,iccbd
9857206673,cfilp
1325489859,tuuek
5619002212,yijrh
4505545913,bywvz
2172577204,scfht
9522602009,apnit
6142991557,hzsan
8261274056,wxxzm
9447230397,crqcd
7665989087,drhac
2912228038,wqktg
6412531124,fvdch
6577273367,arxru
8495433710,bfwnx
4761828579,zmgnf
7730163193,bcuqf
7545009273,yoavp
7608029662,qbijc
9255138337,cdihc
4674038307,supcm
9714445639,olhyr
5553427794,ponec
4133120310,tyysa
8255119599,jgunf
5382224165,jveos
2764218839,fhfxu
5163420600,epkzb
7059375265,frzva
5506865298,jtbas
4817463707,tffqg
3259075652,howtf
1439657061,rohyv
7122943551,qwbrm
6684143468,bqwfq
9603008879,puxso
3197301672,dcltn
5351120553,zwutw
2679783202,yutyi
6941239851,bdoey
3484272288,mxizf
5001318504,grchz
6896555276,wdreb
7245111630,bpjcp
7566452713,bqqrm
3415469079,akknq
3209789698,ihrjo
4080818668,ymgbt
5239403773,ykwrb
2666516303,lricg
5428749259,evmps
6018695821,rqmpu
2622103864,wmymc
6691460810,txdmv
4810260564,mfhus
5501802444,uljek
7184199324,udytu
4878786846,julhr
7518188533,mbptv
7938529382,fsypm
2929937869,eavax
8322248012,pjzep
7392293344,qluhr
3843701704,cmomi
5921767540,kysos
4968487077,onrul
5446442593,cqwvr
3665870406,zekiu
1914445558,vytks
2204330213,yfuxr
6364271667,ezxox
5023966046,vbfip
3558506603,ezyku
1068676313,edanp
5843821192,xhfse
3105769274,dujyk
7307705181,bmljz
4325363633,xskjl
3051583038,bpalr
3524687048,liilh
6483074132,chici
2338594288,zvfpk
4127489268,tdpui
5743972996,mctef
3389015856,euuwl
6353515750,cdvaj
3225405325,zwras
1922471080,hvkyy
8216613223,ttxbd
6562003492,tnsvm
2815692175,qzyky
9614457548,vergh
4483264599,ijzhq
7011896367,ludww
9404568619,ffgev
4708463921,rfjbh
4738725486,hhmtb
5471407037,dllou
7270308645,bfhqq
4650308652,rsioc
6408142270,oyhro
9461158597,fkdgf
1467132733,ipiea
8216604201,pxeps
9859460454,jjkfa
6006716271,axzhp
9309698710,sfecu
4554545405,fxxsp
2668389378,ixihl
7475829752,zgebi
9384163237,lxvbu
1032732800,wgixv
9772913497,pzucx
7981963191,tnyqa
7389914948,whrzp
2784706560,edvjn
6655882300,dzgcc
3165354489,dfban
5748860622,wuvly
1913944063,ngmin
5480115570,dlcln
3544175078,rjeck
7115555864,swdsg
4401259238,vuykg
7036521226,pfzgj
4258145093,bgowp
4663592848,xemjz
9736253377,photq
1648839319,macif
6187264971,opuuk
8929232490,wnwfs
9543055132,gpfmu
8298992600,otwbf
1256606301,nwjhk
2609223070,jcvnn
1722872171,swjpm
9123850462,sgegl
8988417087,damoc
6454343479,yroyd
5672858687,kaajx
6950214090,dltpu
9448848204,ofgnn
2183425793,kyjpw
4728604226,nqjfc
6789204757,whctq
2183733982,sqsca
2582224135,oihln
2692354577,hmbae
1623805892,uosbt
1212361669,thuec
1839456108,nhtek
6944797351,iamjq
9305805613,bmfaz
3254979185,tamgw
3801137773,aszgo
2573395727,xfgnc
4846406193,caiog
8940742303,xqrrv
2711328157,pczqv
4107077339,jttqn
7412915022,iqbsw
6651015039,qjyfs
1227287452,ekrta
8498877410,cobae
1116514902,rlaxl
4417753818,ddail
8600894825,ojyoy
9899552462,zcucn
9157627071,vmzrj
3053985641,zkdxz
3020268135,kbaan
5840425963,elbkl
3267567872,zjzbp
4833798507,mmqit
2468213227,bctoo
9240658525,yapos
2527525512,adpnq
9134387450,mdubz
4419529187,yvvmx
4308429642,uwchz
1554099284,flobk
9986815719,yucjb
2538109607,jooyc
2268814889,yjkda
7717411905,skcfz
2951944154,sxgli
3230261690,jluto
7299173876,divli
3636368586,yalxp
1627264180,svwja
8585354425,ucbks
7985389665,untkx
1143117192,ayryr
4046162143,zsjgc
3763980317,dxhaq
1301813270,nqvvj
5346600158,xyjzq
9038535497,fnioy
4785682516,dpnay
4149415483,drnac
5930619171,segaa
4032897731,dlggh
4679449145,shddu
4361290478,upprp
6694136143,xgjss
5646197751,fyurb
1925240954,clofe
3447499234,hbnzl
3387803093,vnkst
4133183804,xiywj
2251180970,bfitu
9841084824,bszlm
7493161246,mpqzg
8011683884,wkuns
4628448969,ufdxu
3311450268,pnvwl
9629583738,svomm
8496748942,zhtlv
1769571846,cucrk
6269284077,jhcuu
9983519872,odvgj
7455531732,ayldm
4688676378,ydgzr
1224326527,lbjho
6470194486,mkksl
1328235325,fkryo
1732155609,qibka
7475264327,xtsqm
3149012619,lfzfz
5092959723,nivgz
6345106293,zuaat
1186438870,stvty
1009237880,vbdij
1826053473,sbnnh
7016564265,cchdr
1644677124,nvltn
7843674419,bgyau
3396464080,kvsht
5651322158,gijof
9958627396,roiqd
3612537986,adbwq
5712074239,datjr
7060565777,pfcxx
2840053681,rckct
7446761882,grwjp
8278759567,izjor
9640733877,altlj
1137357987,yatzx
2223052544,znhat
2946982732,fpjfk
5295748880,spicw
2529169914,kzfph
4780911453,vxeqc
4926211289,zmyfw
8271236323,plswk
4583691180,djgxs
9983723588,iiydt
4971743117,cijaa
5358079507,eyhzr
1099217392,nbnmy
9865696567,jhjjs
1710453467,qncdb
4361280929,nfshi
4746009951,enmzf
5374821678,caraw
9961414284,kmyqa
5494197696,kwauj
9541830209,imsap
8599375693,bmwpc
4214357955,syeqg
9860804095,rnkqk
6628807314,fypej
7355773028,ddlnk
2784266170,ncohy
4966077703,vmwic
5925434236,giufr
4784540372,pgmpr
1843756117,clcmo
1661939680,llffn
2850973339,zccbp
3459817044,ibten
6765721872,atbon
7017725479,nsqfu
7108226221,sgsjj
3020248030,ifwws
9012068821,jdtzl
2792356055,neypl
2240158825,znizf
3839099539,hrjlz
5354237108,vfxcw
1136287485,zdscr
9569841448,qnioc
2598712184,phtjv
8568642460,ngele
3075762958,cnnnz
3243998909,cgbfc
9341201701,htsbv
3350294990,hgxhi
9316608606,vqpbw
7601272927,niqlu
6337285530,bhzan
8432294618,wrfkn
4472236553,wovrp
4798211716,ucwvh
6161540072,lbmzk
2372650929,vdadh
3227546659,zlffg
6647088013,zvdew
1335961281,nwuts
3262821543,mdies
9517633330,ygqhv
7060171932,slfqv
9835213563,afdvc
4515528238,jnaza
1856820987,rkkzx
6731407197,gsouu
9239812762,bbzod
5226597300,jxquk
9445747894,vkuaf
3072529951,vaqpt
1630994458,ghvyt
9891379501,flpdi
4580417602,zbawl
4549983421,udnvt
1523883557,ziuds
6507143165,hywzw
7407276680,awkpr
9514257925,xlpee
9790550049,vodbk
6125412688,ilzeu
7744916309,tkgnw
1898011538,mujdl
3521772577,djkzi
1766166291,ybqck
4167475748,gofwb
7769060514,ugqdz
6868372689,nyemi
5706645024,obrqf
3126366596,yabha
1304344285,syoxd
8201448581,qpsox
4112316656,tuunq
3511260039,ghtnu
9874883744,wueeg
7709656037,vqubd
2492488359,ogisv
8110841183,uajue
8056647200,qzsdu
7863274995,accrt
1167576681,yvypz
2542877399,avble
4739717774,fmcdq
2779923908,ernvh
8307303513,mjxix
3345466906,uzebz
6401536365,focbm
1933433152,qciaw
3996428236,mxncu
9857141045,hclon
7329081615,onrtn
6915414730,cpnrd
9057374831,wjwdw
9253670986,qgajl
1613926708,zfyzz
2899638861,nsvlk
5716808413,wbmbd
1058182815,eneyq
7020196605,rplym
3602477883,gmyyk
6902793934,audss
8592198090,lhodc
2709103486,iciog
9131364449,uvdha
6468990546,rttac
3974300633,senvr
7067612529,buakl
5200140241,zqnea
8107866463,ycdly
6541089891,emrmr
3103991657,szfao
1727307113,ekhni
6747071909,eesvs
4829307324,spqrb
6820540041,xrtzz
6505663491,bqvyx
5242375789,npbxs
1184975911,bhumu
9810788661,yzvur
1447398058,vfhri
7050434160,pztzo
3126193784,jlhkw
8639684467,cftrl
4781121276,elats
6184789038,ybjmf
5518580379,svjpb
9273670972,vnpvc
1224124696,iqygw
9908426469,csiku
4252358590,wwfdo
8542490889,taprt
2110019662,krtxu
3642783531,khymy
2036113699,ficcy
4501861359,hzcer
6196152503,gxcbh
3582540329,fddhs
5851131285,lczta
1238841930,rlwlz
7450652879,yzpqn
3568783360,jldhz
1259692273,jfcgw
5743686090,hrscd
2711698717,vibcm
3948032525,zmvnd
5826546414,ldzex
5396917062,mhcek
7128837081,ljdsd
1396034131,btbki
1032583285,zbray
1316349193,ixiuf
6481775619,vteia
1675078502,cjisz
1936765254,tpfyn
1247869700,hdxwo
5393254032,dpxfz
8628807237,yzsnm
7839068035,zypbu
1208338974,plmbr
1692601837,jieol
1492338723,rhari
1779899238,wribq
4960645742,xjeem
9446949863,udeaz
8768036954,tshxn
5266198393,iuymy
5232512064,hktpc
8713263151,rlink
5204231181,kmweh
4054142778,lhvtf
7866040402,beoof
4884983317,frxll
8096570090,jkxey
6448709286,vaasp
4279200320,zdxpl
1105749815,jwhos
2072041569,zgsyo
5567517699,yszkw
6881270894,ggwqx
7087184683,mczgo
3406470848,rdppl
1033812700,pqfcl
6511041862,usaqc
2049644668,xzrlv
6484941027,xasbc
5700370809,glyvb
4179832079,gusfu
8513143203,rjamf
4467076733,tsurz
4511854003,mpsui
1293867833,dekzc
2047711380,titun
3041083709,wslzy
6535464208,chlgd
7356797339,beajp
2860585176,kqzfh
4574332002,gxlog
2199123457,kqlgv
7484576891,hmxxx
9781631715,huvid
4490013512,mutie
3417850701,amwdw
4863262431,velpl
9979648321,qxdft
3746631215,zzixw
4581500056,urcjv
2123373325,qjavk
7483690121,paldh
2916778454,ebsew
7340021754,rcapu
9783855640,tfpdl
5061897416,cjskt
4812976356,nrfqo
9300279698,aogoz
9242801686,mixmf
3228046545,vigbm
6292999211,yynrd
5626891219,uxcxx
8719795492,exlsp
4583919872,pxrvd
2866528725,domca
1974293481,bfwwg
6647679965,iyyks
4912267368,dgoym
1568743815,avgrq
6720040542,fjogo
5462600329,knbdg
2438102579,bsxkr
9941747920,kerai
9941650300,cssyo
9911404830,eeqen
6557456802,rdlyc
4171730049,hhnzb
9084992027,fgooq
8607274453,ssath
8607256902,nadzb
6192924848,sfpbe
4912452529,hajbr
2298870286,evrje
4852732687,hwzrf
9584294124,neccg
1810289060,qquvy
4401600890,rtvtg
5027280326,vwqfu
5540375224,ttdya
6708209501,uccui
6855619806,tkjoc
7339314115,suugb
7133283822,creti
7801536862,ycsvg
6684755608,tedcl
6649087622,zcfnb
6970331596,jqzab
7805938894,auprv
5553292795,obvmv
9160965774,krpaa
8487023501,imasy
2113398799,nwjrn
1242996736,hzfcd
8922887046,iocab
7989852701,hwbwk
7601963754,xkxxk
2675881340,djmji
6536399322,ouvza
4293264362,gteud
4603121108,jkggr
4356895249,mllkr
5203711503,ugtcd
8870424757,tkofl
7477446663,gjktp
1182369424,fbecz
1352794620,itfgz
2122390178,ymavq
4311200448,zglic
9427549085,oqoca
7033822512,lkhzu
5541097182,rwkbz
5689273239,yccoo
7905292742,urodw
1440669604,rruvn
3377771195,ddszr
8653157223,zdzdx
5698685350,oltky
2578589986,zcrot
9211622718,tculh
7186029514,vvlgl
1290786357,hoane
5027819315,ardwl
3454940121,fgqpw
3838577663,rbpdi
3481686328,lupcu
5086770214,hljoi
1206582888,glryb
3801055501,fgapj
4520354520,uldna
8999177278,lnkwa
2492984290,gwbps
1204205151,ddcdq
7122290468,rgfck
7963911256,ydndn
1117295227,btwlo
1700053314,lnzai
5986751086,xmfor
3329674949,kohwi
3279735235,myvss
7690972406,kelwu
7614923755,lkznq
5425291917,tgveq
1289159627,cfqeq
5742034543,mnybn
7982270627,wzqrz
7471138285,pfdgl
3723688574,jlzzb
2197060480,hftku
8088554715,mgusr
6257064150,unwzn
9615569294,mfkmo
6625921756,nfroc
4520019884,luona
4094471004,hautb
9481280061,pxisj
6549007008,pktsh
1698732870,nclul
9757267432,nhigb
4066049656,jaiox
3440832274,yyisr
4286576224,kyxmw
6767700024,zedgf
3142146348,kwlwt
1456239260,gqlxs
1033506056,pcbhw
4855275798,skqoa
5317354810,eheer
1013355584,pmwoa
8966905561,nxvrg
6214489204,hxyzh
3251387243,qgtnj
9051069476,oubli
8972145424,pjahq
8598764837,rfear
8783321456,rkmvx
6401300806,djlnk
6970344221,irkqx
1735186439,kfotm
2596200656,nlygl
1659107126,uvtnv
3794163694,kpubg
2364880350,htton
6642241734,rzluy
8523623284,ihzdp
2644535090,nsmog
5462282108,uucpy
5634153014,ezwnz
3361866894,zpeqi
2527814013,jzoof
9093132870,prkza
2673325385,idmti
2441481236,shptb
4000814926,nflhg
9604648267,puzme
2198949888,jpfqg
3666343607,tqjku
8396430829,jbrwc
1274687836,stmdj
4300116900,cbcgx
3678694638,liphu
4791248612,chqko
3040315866,egvbr
5792358088,wuaii
4239574212,ptazj
2741253757,frwgu
1196653370,ysfbu
4699288913,fjfof
1643960858,xqlgf
6072585502,pgsgo
1579280043,ejunq
9595734165,tvmnn
3672691324,bjvan
7091391223,zfymq
8177132430,toveq
2406110328,nudpv
8103929602,cgyox
8252852178,ujuds
6540761770,zvbzg
6716373769,znabz
9698514434,elrce
1994464569,adsyr
1400936101,vlpmm
8441127694,tiwis
4053048771,vcjbe
1857218287,pnkca
3947862877,pljpz
6338565042,gcodm
4414307019,mlyjv
7323388713,lagej
2978639595,bgxpc
6383266118,ptcnu
9796596018,dafrv
4321253712,wfcnl
1741815788,mbnbi
8798288978,wtwei
9406810233,mqtas
9012676994,suqof
7893112953,pjzta
4276224038,qottu
5448220709,utfkk
5375096939,vbmhi
2691160583,gxpop
1197806345,qrlif
7568855030,cchoq
7685067805,bcrdu
8223433141,qpcbi
9425868930,jiupb
9465994671,fvhyv
4909332924,pykfn
5671430575,tjzxp
2662331373,byqbt
9815059494,lnxvt
4598283917,ltkba
7984071177,ehtsm
7371757764,ruqnd
5689862128,qvufs
2316388905,kqsaa
1938466804,txlmu
3232842018,yxbjb
3760056063,olwul
2732092363,nfwpj
3686597112,dxkte
3280355265,ghodh
5066282819,szsix
2109698590,wsqpn
1814026250,wufzt
4211634105,bauxx
5368905139,zoiex
7905833106,qmhej
1283455632,pzmta
5439060724,cwcah
9536246347,wgcgz
1943207628,fvxta
6302451579,bbbfz
5985027866,aghuu
2759676026,yjnuu
8197359741,rexit
2653621092,vwxqe
9998693060,jdijt
4992690439,nuozi
9897071054,bfbyx
9314704369,vwtjg
3396181626,qbcva
2140522479,migki
4437333051,pmufb
5316480430,devzj
5513825794,uvkwl
8432337252,gvvfh
9546240141,sypwg
9525020454,hjmco
7175907750,jgrwk
8723509961,mhdsl
7213046205,ohnxr
7247056235,jzxag
5995861301,atghf
3830357037,pnqxq
5638425622,yflht
5748838165,jklrb
2897929161,ecotr
1389172041,kymfl
3129617501,zjqtn
3985403068,bpykv
2172441206,jmtqy
6109149987,roluy
9511170876,nycjq
1614777674,ietdh
5044367763,ktcef
3994218814,arkue
6093530673,dshuf
9327737254,rdjtm
8345718833,gkehm
6361998998,mtwxq
4961668118,glvwc
5520282449,zseko
9050872378,ugekb
9456012819,jqbrg
5748624359,qvloj
2820769134,spaqo
1706360045,brkue
3835268233,udcgm
8738896753,tjefk
9112167495,onvhp
1234042911,chilb
3703263766,lovtr
9657815304,ypzyi
9996004789,arojj
7954759440,ncgqn
3910156269,kspff
6057490606,iddpw
3043448358,ufixm
8036319692,scwfn
2595145788,aruxe
4131631449,qvuhb
9673435163,fyjrq
8694678556,lemem
9058717015,bsdzm
3914946290,egbrc
4433047661,hlglp
9060610121,szcix
1669086142,mjaye
3409405381,euvvs
3780608485,syhkq
2901952821,ixolo
7642147951,fuosd
3592868991,bjfjk
3474658673,ndxcm
5613718866,aincx
9211140269,mvbtz
2746393340,rawcg
4891888904,phtsk
9892344089,ayadb
5930646937,aiwpv
1346102721,omdid
5963514326,ndgto
7177530468,jveeb
8331761678,vwlgs
2699696552,azvpq
3868653324,bpjtp
6230254954,rycdl
6591433518,jsqaa
2882264797,ippvv
2226127725,tjvmy
4904419547,kbnhh
2058710769,glvbj
7469088773,atlyr
8902356603,syexo
4813441689,zuopi
1471790730,pwzey
7507784351,qlseq
4282188539,jtgcp
5263465015,cqtqu
8052990173,vwlsv
4153736818,lbjcd
6168803118,rfmzs
3692108050,kvdjt
2193765567,fifwv
4142101139,pmjnb
8809705104,yivpv
2207260332,gomok
9444269687,usiyx
9614042064,mlcvw
8779103011,echyv
7268443783,zbwkg
5408742670,qsypg
8125103493,ensog
8462146156,liqbm
1335426930,jmrvr
7085846433,bkdtg
6250073342,tthvk
6733419410,hfige
8206371785,tijyi
5183431599,sejuy
1161960589,aqvjj
6269475918,caduc
7669016425,zapes
3240345964,wfctj
7185249688,bvgnf
9178246979,skmgv
2334015859,dvjqq
4643261758,xgpny
4706030222,hnvwm
9416453888,vkzgn
7450726577,ztwah
8185076568,ifawl
8125386652,rwvje
2853323797,kzuwn
6780304788,zivmu
6413158987,lwxxm
8083538004,wdtpz
9847704614,rxxhd
2247774875,yjtaj
2185189908,rbglw
1575495845,twjak
6242772575,raygh
9589551537,xfjme
2253124455,jeezd
9038010301,poruh
1148688949,xvpgq
7419061135,qyrnd
6198040177,ixzyx
9809300168,lupun
3880323826,lddxc
5474050083,uoidq
9094112412,lwenz
3367649532,zgrhx
1679480524,rcvxc
3459844699,aqyvn
4528972972,kqmir
7293369601,wtqyb
7407087520,pdfwu
5588919663,xbbys
5225261376,hjvrt
1584913642,yrfbg
4057033044,fjrpv
5867954406,qcena
5441090928,oymzg
4558856907,mjaxi
1574392338,aqnaw
1195048314,uwhbw
1040736954,xmvpm
9449853168,dblkd
3301733441,tcjmm
1001242127,rskyo
4439505311,bvogf
1791482415,pqrvx
7158953784,xchhr
5329316555,kxkgb
3400126971,tscsh
2404900796,sinuy
6088891083,ckmbl
1776522590,zkqnv
5754038133,oggvg
7074197659,qdoge
9168686322,uerno
4884451428,ioyaj
1887430270,uhrnb
1595574434,jtpvz
4139384789,mvtyh
2862807148,vtsje
8914864413,vmlpw
6958811928,wserm
8077932495,luzzq
8923240111,beydi
9915150698,bcihm
4226173915,gbfph
2524170642,mfgkb
3809377476,vomlr
6569027549,yydma
7699897151,ndrrd
5054752030,mysbi
3915485510,vkqzr
4875188876,arvoh
2459555091,evksi
9795045049,rcaqi
3536452220,wccyl
7040400223,ntvjz
6816325635,frriu
9833144506,hbqgx
2706448180,wyhiq
6455112521,kosod
5942417788,hljab
9496912350,ebkxs
5482363289,rzmuz
7504135875,aavaa
5489042348,aewqg
6245402818,pwcaz
1701945612,chzrr
1229257872,enzpu
9282835319,umebq
8749294584,fmywj
9585470522,lckpe
6420802744,ofmtk
3530537031,reglh
7174748460,eruvl
3093888030,tconl
3788374085,umpvk
8333435931,jmmpb
3662654929,xhtrj
1761129723,xbhuf
6247847008,eshen
5885670602,pcvgq
2295024401,eczio
2114975215,wsjcw
1663101543,hilwx
3455952862,zqhuf
8688195151,qrsxx
5576676120,yqdwb
5052489938,wfymw
4183870847,gkmdt
2008121418,hxjfn
1629211844,mqtpw
8976281126,lndcr
2642724861,ccdfr
4167785586,jfjzm
5641939962,vfyec
3157075952,tnkce
6109846643,vrqie
2485419463,yywfq
7799776697,trfiw
7631852909,odmfj
1897929987,qaijv
1726333037,jsjbn
7639280330,iqnzr
2468176340,aciwe
4419440975,sypmr
2758086169,ecwjy
5788057191,cshwf
6347323281,rnneh
9301659822,tivwo
1477117233,iyqkz
4259021451,hdanu
6812785786,dzcyw
5880069944,iogpq
2585945414,zodsy
9644473805,kytov
7426496316,mickq
4964132085,mquxo
7110742089,jsjcq
5636021542,xofwx
4519640480,enxjc
6826619510,areve
8428019524,aogtd
9446614318,qwxuw
7911067729,aljkz
5602931635,ilamg
1607196923,criqv
8900956489,sggdk
3593202708,lrzfd
2710618506,trqkm
6531676181,llsua
1771873313,yobpa
5505039210,qdulg
8434625847,cugvm
3252230235,ustgz
1113270423,vfrvq
5184739376,fqxkp
4418459480,mulmo
5508217543,cvqjk
1137899234,cqmuu
6644382720,mgftg
6326017283,jmfyt
1762084646,kqvfg
7515174998,ssqyf
7949157036,gsvph
1879468449,tkekm
5245192006,isdia
7274880610,duzvd
7503368527,wqvxj
7729793928,hkuqu
3840686857,zupso
6816610633,gqdfd
1571717680,buzwk
9112487404,ephjb
2878956082,zbnwo
4880189813,djfwu
6928844407,sxgkp
9607500393,kmoqm
4930503326,zpxas
9060717238,wcqmz
4428636153,qjbcm
1421934845,cjbhh
2412690646,msohk
4031204865,qyldo
9443218817,afhky
5826519079,lbxpu
6388096662,vczle
6357653359,ltoql
9857283240,pvaes
2667132507,bzgnt
7962762963,xxfwo
9715712011,bgclp
3472621924,xazty
9343480597,nbyng
3723130578,mxhvc
6667661918,cyihk
1279894620,jmyvt
7521511406,pdxmh
7426163349,udreo
4833631724,kyacm
1430779556,lookc
9014294828,xmecw
1267322556,yrhjm
1478488576,bquln
3022765762,cpvet
6006293047,kzuhc
5560821383,dgonj
9727457662,zxxhu
5674695372,wqmdj
3573152350,ewlxu
2515816010,wshmi
2401222910,xnenv
3633247549,fddek
9706375648,lpbol
8722416445,fozeb
9092337809,jkqfd
5874427475,ctbzf
1750980144,psppi
3759616398,olnyt
1970743026,gqltx
5989451270,adivm
7555132556,ykqkc
8326107233,fdvea
4443178369,bnpyd
6284697291,cfyeh
8660554789,aaelv
8700016059,obixa
5539612510,jbmqr
6017995517,cfmdg
9326550880,rtfbd
4355017329,mxtbr
3454106724,jytcu
9660158091,zkbzi
6229265693,buuei
1978854769,pbezg
1908091008,sohav
1008841942,sgiiz
7352135043,feuor
3359475616,ophmy
9957091966,jxeac
1825602640,zkixk
7318852708,ntvfq
6168125365,aabar
2720926609,ytxkk
4779241019,mindx
9435031254,deftp
7634612842,fofpx
8531020498,dywss
1100502291,aozgy
3511020316,mhsmy
6935832637,wzieb
5592835963,imvyv
7584366369,vdalb
6763379954,xsxgu
4373552723,pioun
4409701983,neaqn
7382428171,ndodo
7673031548,sppza
3480047119,ymubx
3864565490,hdoxq
5525626476,nsybs
9481853641,ovpwk
1820304815,xomxu
9135557727,xoaor
1194049907,xghbl
7733149576,zarqp
7839387668,ytdqy
1408801459,lvwhv
4547398133,wcrso
5861134949,ilyhl
6042449808,fysvq
5665005195,cwmxy
8651015115,ksxgt
4070655055,nphct
4759390345,zryuj
9802073862,ogilc
2211883421,afmsv
7534189432,seaop
4046627101,dnnps
9319125758,vcvxx
4686913794,rizuv
8029341791,qmmpj
2309527626,dllhf
5222864492,omnkx
7897238271,iojwd
5089958148,edvck
2602637130,lifur
7103609670,cprwx
1024417614,ntpnk
6924700526,abpvj
7989179656,mcnlz
6580672265,cfwpr
5667897223,ecnji
5789838221,ydnnn
3860876813,xtrzb
6072684888,zukea
2096472029,hrrtm
2518507738,ksenz
2942887255,nppbd
5028625955,ljufe
1261616451,jsnqy
5027431627,ahxwv
1754978842,hcmpj
7960837047,ynavo
7736605459,yvgho
2494464386,oqvrh
9075033483,nqwly
1947096887,hvkop
7650082668,efzqi
2817741247,keuww
3249041433,rbpzu
7102315077,ysmql
6084512817,hndjj
6841091241,dcqei
6116513783,tvwrs
6706341826,xqecg
8971903296,jbxpz
3677931166,ibqyb
1245050387,reuov
8090192055,jndfo
9871260839,mcfmz
9371997356,iksud
7174245687,pprjo
8274466261,kyari
2788281550,pavpp
2754378466,wxwuz
3839273261,uvqwt
5239770443,nomru
3236049763,txzcf
8542891797,zvuop
1341402918,citbd
3598652716,axyzl
4538033530,gxssc
6047381824,nqlwb
7403699014,zujsh
6750585027,dktgz
2589393680,uumpr
7459099239,nwogl
7505435418,agwuz
7040415078,uzcce
2070352154,ydbvb
2402527641,espqu
1031005555,hwotp
4948078845,zvdcr
1334205631,rqohs
9787123185,regds
8133613808,geimr
5298262926,crcdv
4821332209,fxful
5712829040,sehlf
3957755871,iznpb
3287372078,bsvtg
4798797366,lpbsk
3454625074,yabuc
7556417828,bogze
9579866026,ksukb
3765716009,rjqhi
6701168387,ltwxt
8718754750,gyzwn
8615230851,rytmj
4798884109,jqdtd
7960274570,jitpi
3784407301,mizws
8228231571,tqfcf
1817429555,fcalk
7517472413,uzgis
5191554222,opxzs
5034687253,zigzs
9348114844,xdukd
3121719946,botzj
4875326083,paugh
8331722921,sxyhk
9934336092,ygwxp
4306221670,zegpj
1360592402,cngdh
5475503473,rbhws
5047613828,uolcl
1723495670,bfyqj
7762071398,iwvma
3655441334,zlbmv
8562843626,cxcnk
4262035882,giqsi
1187187011,qurzx
3270735074,llqsj
6811954397,qzfbm
4037192602,dsswn
6796822786,paqzj
6119310999,lamtq
5279539562,qutso
8911289757,ipnvs
9267980828,uweia
3794576955,racaz
4966127185,yfdeo
7325574563,wixnc
3662980529,yuzop
3287823817,svqxy
8543061427,owmek
9336161133,fluaz
1136074313,cezdd
5446210016,anjzw
2067130822,rislf
6029113103,rjlei
6056435379,biyxo
8538450558,iqbvg
4090927314,bzakg
9477589645,qxftm
1137979866,svusd
6092034476,rdfqh
6279883152,lvkzf
7686757068,gjhls
5060164212,kyvsc
9962981902,mmpfc
8019787925,vomvw
5770862572,vptas
4203621188,fohjc
2190882581,klmzz
6804896252,ztwss
7225428977,lupgo
8800537467,gvyve
4058945513,owcho
6749774764,obths
6781467260,esdlw
9585030197,rpryi
2812129123,jgjcf
3959770340,xxdyg
3436936914,xccgz
3869862062,drlpb
5129180948,udmug
3996955120,adfte
8485791782,zfwqd
7771546962,njyvv
7831113628,wefhw
5907605320,iotpk
9673335312,oeohc
5279373093,dlcbl
3262032005,cvrha
8774543285,pnqli
1059114497,bxskq
2020549676,ohguo
5811033376,crhrz
8857623518,eyytl
6349648039,ykhqi
8544343339,gyqlt
1466632689,vxjgh
5419494548,vkfnq
7919422825,opgth
1005977674,cehox
5858126525,uvoph
3018062753,myoer
8630813115,qeibc
9344363106,mtkyt
8381289543,xxcks
5189409270,fojnj
7954682749,tggza
9869798593,culcb
1338012267,onxru
9674179890,bokuc
3902297657,llcno
9982243025,gwxqu
8416866808,fkbfu
3083769453,dsjzk
6356659915,sfgmm
3674671075,uuomx
6409371010,egfmt
6033782194,noyhz
4324746800,kpnos
8943080698,gakqk
1449300657,wjzjc
6627114923,pgapq
3427343918,qfjdk
5515666912,pfbut
3692392109,trwwv
7660124742,mblip
7516997989,mftmy
7434770703,gpmrn
4820146890,cdwcn
4037780368,yybrb
7506753118,cuqcy
5110737030,khcpv
8433688112,dhegx
6161746446,elqzi
7345720347,grdzp
4806083695,upqgq
6477763151,nwtvy
9593227130,mkpfg
1343050150,orifi
9071367875,vstjl
6040996525,buisp
5297778719,qdxse
3197348300,tkszj
7954564933,tcitd
1554990626,lxkmm
2395139894,oedze
3472789294,qjdlx
7019840751,tksge
6406320122,wqevg
5241323135,fhmeu
5681343798,ncaib
2537996675,uptbr
3008397960,lsedo
8813119400,xjsbq
5410692646,jslmn
9763446287,qcjfx
6906597664,njccb
8023648136,anqen
6755621530,sssts
9797906720,gcovv
8915073457,xcbat
8771195287,uhbiv
6553571932,plhon
3326034807,kbshj
6783297504,rlaka
2994548546,xgmcv
4477129752,cbjbw
7866237140,aekoy
1319466556,zzawk
3309078781,serso
3963674731,jjrme
5731751944,tiarq
2056650214,wvhjf
5994221891,kqeph
6685100512,nbgxz
6631325809,fyqfe
3825671378,vulzu
6669873728,hlnlo
5573078890,opbvw
4403297045,bmzcn
3759576410,oytiw
7149130481,mskkk
5903678779,emywq
2428226316,jchbz
7656499643,vxert
7427332444,mqmdy
8977066875,gxukf
5051896746,bhtih
7399870201,mfczu
3048980054,zpnse
1498919093,fsvak
1721875984,ajgea
4918104680,nniib
5706864306,xnrgv
2590954499,rrrqh
6783896289,oluzg
4225992907,iuoqc
3599454332,sxrid
2288224987,yynvv
8707652060,dhtgm
7175255250,hxclb
2662833087,peloc
2193664527,ykslz
9947652131,xjhrq
7288447130,avcjh
1163663145,buvkj
3545785804,krmsc
4047899461,rwchm
2949901399,fyceb
7260233121,dlwnv
3427395970,lfuxg
1735066320,hduzq
3326139538,jixtd
7794293415,wqjej
9567868592,mwtgi
3221296449,oxdun
3521253115,oquuh
2539836857,nhcwl
2212949958,bznqp
6024582992,pkmlw
5299333794,plgiv
1975866907,gndtd
3671480200,iryzk
9217750566,xpobp
4906292480,vfzqu
4763134357,vlhrd
4415703402,yxcaf
5880740488,gwgyd
2261974702,qyrmz
5981235859,exurl
5813025337,pkhqx
6697097896,njorg
7906734790,kepsj
2863561048,lvpts
6019449075,tuooy
2640049752,oyesk
9087304012,ybmna
5952593139,ikenq
2812148022,pkaqt
1546978425,nzphm
3030727855,uwkqq
8922271565,tvxrz
5296343820,xvprd
9496074586,wrupx
9302167265,sgsfp
2418022377,mitld
8575937461,eaqom
5722584771,vtluh
8759173496,wwvzd
9327206451,guwxb
7775466355,hzgng
4421734737,sdgyp
5692991109,zooua
2976285552,zpfrw
4538029438,zzirk
7240588917,nnmse
3041917350,xprbv
5113418573,fucmr
8525100762,bhxhe
4317032139,bomhb
8559922798,zswwu
2060558640,lfuob
2793680333,obicr
8744081058,lmzic
7309739081,lnpeu
4145532546,tdiuy
5433264187,geutx
8462640060,dohpm
5801662000,idjna
7554600085,qzclb
1527708959,mxtgw
7118726365,odzaq
3909191621,otjkw
6575950516,iyylx
1720463671,hsryv
7829943712,bzgce
7771850147,hkzgu
6528854922,qloxh
7691768058,tayga
3617938985,wkcqi
3748374158,nqnad
8833027523,tzujo
6959493977,loeha
1140222911,houlr
9363524872,ujtaq
4799428172,beylg
2805817680,sbbos
3605131270,iacry
4273260674,neodg
4667378685,puvqh
2304123739,bclbw
1359057807,cwews
7020211153,glwpd
4243869694,ptnzx
7285225719,avmsi
4386734578,vczbe
9232845031,vzbhg
2598957754,prwsn
3061853207,rfpyz
1303497223,gpmub
1285455714,nwcen
4062718622,uowbx
1461387347,bpnjk
1959764629,ajpii
2538486904,erils
1518326943,ofmzy
9399035663,siijl
2665211212,osino
6151949720,hdeao
2763349225,jrdqh
2493357860,awcdd
9296144252,yogtl
2837843184,htjdt
7077452986,jnosi
2137309494,saabc
5661399968,tpehd
5543153177,hqsbq
3007191852,scbvp
7835108923,aiqtl
4117212951,iadvn
5344540725,ooovr
7835789395,ccssk
5909135620,rgmgs
8056809256,jqnwc
5845396525,frihl
6368844221,bhanv
7273943273,aorql
4721735238,pxqri
3887512859,ajmnp
8399195154,etszd
4148443950,fwkmh
7603743859,ruiaw
5278135141,loahx
4015778578,ttjiv
1345800466,hxybq
5597679682,diixf
4378160475,cuvzn
4055373997,hejjr
7284176873,ppufk
5057718136,eheir
4773454590,ycrru
9343096931,apzgh
5136777968,mmmxl
5604470681,mmscu
1445675143,vgmcq
2907026916,qunrs
5261921102,tbnwj
9878932429,dsayi
3400652645,xtoks
5207490666,iaskn
7767336668,aktsg
7739369536,ooxna
3096345204,twefn
7871491541,lutle
1870923157,vpqhb
8530010884,pghku
1485044440,tapxy
4330606743,thqba
5284678549,nivyt
5060510341,pgqot
7830227684,goiqv
1509292976,eevii
7800467450,lmymu
9257872678,bzdbd
2889401409,hfncp
7919744522,jxuik
9375900691,zqoyk
5738861710,ttibb
1781908124,ltrgi
8672767452,qyatq
1309539404,zztoc
3277589868,ittmv
2524944966,wrybr
4772914451,ouxso
3860261961,qwmmg
6185735370,itghw
1612409767,jmjgm
8818258936,ymjgl
6664192461,reaub
8702745032,kqfhk
4202846012,wmdzs
3013253010,beith
3716519964,howsd
6906656690,dhsbz
7833429468,uqfyh
8551759325,fnaxa
2443851008,mwczj
7725418392,roihw
2940258032,oyzbu
8749242284,ghceu
8269264950,quiog
4058808500,cmtkp
4561880361,ijqya
4840740405,mlkld
1194604547,dafqk
9630172956,dwbuy
4535205714,picsi
7542426545,szyls
3774817609,fshfo
6295626860,mvuqi
4126512842,xbovz
5313402998,alidr
5027567456,mvvbs
9444550843,wfalb
7229964274,wpvrk
1427755586,hdzso
4306076818,cvbjh
2224385000,wmwme
8672857675,ctznv
5978879346,yihce
2548897789,sqnvw
1256257418,qaafe
7366203626,amipo
9531108484,nakzm
4901898353,jhfme
2972884074,hklxg
8050291091,wvpww
5050103582,pehjf
5698904801,tarno
5324089861,fbrkp
7013577471,qgbhh
4307799747,qyaki
2932969625,dxyzb
3421405076,ntgmq
8514601538,cnzql
8008688346,hgbxe
5979967395,xmgxo
8137883972,ccovk
2554165019,gzzxn
6234547938,ijrqs
3271607369,qwnld
8511839042,jgtse
2150166502,cvlnt
9345310897,oblyq
7019665750,fbkju
6719134670,tnxld
2391278130,mqshc
9388764299,unjpy
5718963813,howdo
8065822428,lcopk
8918904941,vlwrg
2950479495,lspio
4364298368,ybpwl
3279447302,peiho
7267173583,ftwra
2892832783,jvyoi
2274654656,udgse
6204395716,qwscv
1249357531,wocbt
9620684825,hnltr
4118260586,tndig
3405342392,noagp
4418372949,opdqn
6354905238,cuqsb
2767724168,wdxbl
7560045461,lebzu
6082322794,thcsf
1375415631,ctoty
7211324336,fgtlf
2664434785,zljfs
8221544464,rmqlh
7830187991,nmfhw
6798437302,yvofz
3857707242,ncxiz
3945181884,kxfvm
8977243888,eafwy
4574491831,hecni
5017774799,pdbom
3873810298,azdmq
7518983860,fgnww
8198117455,bqbvn
3886565995,vlncg
3429990261,ymbuv
1792350195,axwni
6090262939,vqdrg
7741759546,dxzpz
8383739550,oyrgx
1256155904,filwz
9114424161,upvcn
1263888095,ctofx
9308599529,mnrus
5057530687,wenop
1109571533,nbwux
2705083524,vynqo
5477810327,kkhkw
1800912957,ptveu
6157619056,xmzte
7649855298,glnel
3855885110,ihftl
4249562688,nbcsk
4743111047,bfktx
8001058135,pmqpv
5676395512,hpukz
8451738027,dpqds
2637552870,wigez
8502434761,rtvds
1484348354,vpuiy
2899935107,ffcok
8202317101,ygmmn
6649231770,ybbai
9989509956,cbpuw
1612356569,gdcnc
6879054108,zayca
3064991402,rnhdf
5317857562,sbyyz
8221197933,momtm
2594475772,kxccy
8829085179,ayagw
6331122027,anhay
8639776631,wrssx
8400292463,gzfmq
8067099816,ftbrp
5463350909,vxjvu
5122985559,vdnjw
4810668570,xsjxg
8312429099,tnrum
2963279481,jvrzs
8419905199,ubkct
5050479670,ygpbw
5912873025,axdwx
7518576120,jvksw
6644019265,ekrrh
1013449334,asmos
4110469918,kztim
1139095584,nxomm
7065045149,xaalw
9378282808,yqogo
5032782200,utbrt
5352603233,vvrve
2153049149,bjlry
7294424244,aqwft
9744987890,vhrzm
9588049323,evqqs
1062637642,cmuxh
8456149952,xupcw
8534473610,daymt
3813820815,jdizh
2461505307,qxglz
1380771265,swhzd
5988281115,kkfww
2018299092,zenhi
2937884052,xifws
5889585186,xlekq
9633564468,cxgma
6512038712,ioalu
4382322484,yghyp
4947341690,fbmrh
9150909399,nmqwo
1569675689,ayoyv
5859102239,yhwrx
3727148745,atxfk
9209691667,cpxlt
7767721626,duexc
6898617521,bahyw
1746628807,aqqrw
2189695247,mclae
7266789709,qeuse
6556161629,qoydz
4228879376,fpnge
8012757078,xxyut
6235128118,pqwjk
5958755433,zdhtn
9530340614,frtec
5524182885,vxaip
5640768106,csvqy
8129593419,zkblu
1966530465,bzfbs
9199445623,enlsc
8495974272,nndxo
1711412191,oqjmg
8157754368,fctft
9355452521,npuej
1035956321,ylxij
9175629943,gbmbm
5722614517,wqajq
3775366683,kfghy
8634375809,quctw
8623585870,wlghe
1178577308,ekepi
2430779414,nmkst
6166317704,ngncf
5307047074,qyirt
9648063472,mmpgy
3357002564,zmwqg
1522773263,dqwkp
1326126000,zhfrl
8768777960,bjzqd
2835606897,lvlgc
9107722737,uylqp
6747633350,bzrlu
2976800538,jsdzn
1146026409,coicq
2211091586,bgjdq
5814471603,tecaa
4691179379,zetse
1209136011,cwwfq
7867351101,auqsp
3090595816,eflbz
2425410516,toraj
2666526068,mrtxc
2127368136,vowfz
8424998296,oouyd
2576249746,lmmhr
4577828806,mgsuc
7922708035,mvvuo
9067826892,qckss
5037389348,ycqvy
2685654169,xrbxx
2554544628,hbjse
5071278135,bkehc
8645967231,phusb
4515640311,jjriy
9193665787,itsyb
7647601355,vscld
2586210545,ttpvl
5114479590,jgxzk
6110521707,hjqcn
8489380107,idhxo
6248055701,ifcya
5283460207,odxxm
7226668149,gvxvf
5069961965,rjfjd
8785148693,qdktb
1692673627,eadta
3627462328,ybgml
5255065145,iymrb
5456896271,gfyiq
3288941440,jjuno
7577248105,xnvzi
4350813220,owfyy
7820995072,qalbr
4444204201,jekrx
1192852880,jtqey
6791725410,lwlfo
3804520779,tedbn
8445843985,deslv
6080321926,stvwt
7179022440,ileqx
3662034969,ycwfo
7991330748,jqeuz
3921596287,xhzrz
6861336336,wrdmd
5066884971,krohk
8888707962,irluh
4230669076,aansk
6356649813,sahtg
6513502648,nfgoc
1609517827,ikvfj
4236298157,ytpez
8361936905,qiovz
7356822387,kmhgw
6051416774,ptpxg
4525394980,pclnu
3652545019,lbkyp
2421972557,aawwb
6851764462,qygyg
9844836393,dlmfh
4890882341,gkdrq
6216364600,sravz
8686353775,qhrvg
5083187290,ggbht
1269902063,koffb
4252845506,ufnwm
3198431110,qsasj
1162806145,qbthy
4808845611,tawdh
7406579776,wvtyc
4753974331,wepdg
7077891634,bllzg
1976153177,qjoak
8716283140,uiatf
1106591740,qogzr
4696698258,vjgbd
5215427804,gvnev
1671834143,copex
1732531897,ofkiw
8163967868,oycrh
5725736487,hjxor
9842959956,lzeaq
1217623881,mgpnp
5654743031,bkint
9324635146,tnyqw
8957522332,xlsuf
8504324639,kwvrw
8607132245,aiqpn
3408728308,miczn
9140562142,curmi
1153870438,slvod
3244642225,cfesf
2699909860,dsnei
3878453392,ghffj
3336770122,vvjox
6341821646,qoelm
8629214896,iphxv
9392752712,redwn
4097926899,ormve
5200299126,koxkt
5966903600,rhqtw
6283107730,obrzl
3234048961,zwofi
2801950189,wjhes
7563861352,vypnh
1589353679,kptzl
6921003150,qwmjz
1927959416,dcjce
3557148931,tycjj
4738983356,tsmkv
5652736180,nyfpo
2039431913,btllv
2854760132,lkvmg
3206623380,maojd
3234854923,hjbju
7151552384,jzfta
3180050247,uypak
5835457355,hlsoj
6946243675,suttp
7949319963,ghloa
6018736099,eewrk
2203561731,jzvoc
1929811196,upder
8818484423,ongzo
3808957845,vlobi
9254735803,zjnrv
7284048200,vgguq
1186999168,dbbqv
1729799836,wdncn
4244657990,lukgi
3395525161,crysb
6857812271,alvmj
3777420128,yboag
2589013724,yempi
4795402471,ubzvg
4309437687,kogsa
5848551059,qbrwa
5840661246,ninha
1081622926,ftvcm
8545491395,jvkjr
5185279141,axosn
6617987031,vyehi
2606433764,zokue
4774044864,xouac
6945663013,fvtxt
7569648776,xqtfr
7803272084,nrmio
1641206649,hhutz
5440229828,ghsii
2319121122,jmrph
3062724788,dkhbc
4088105179,wwprf
3667489363,kcygx
5225894995,snwzm
7513148154,ipxsn
3705579693,haole
4345831103,fjjmc
2963952705,lkcsc
1930560370,sfqmj
7425459453,iptyq
1382178488,iozjs
9353652243,hxbca
8143291404,gushm
4129654438,hokaq
2587989687,snqho
7005178273,rzzst
5689744197,rrsjv
3917673377,xkhgo
6246461045,yryvs
4195800241,cjrpj
1407150463,jrder
5257860680,wouly
3841410729,bkzjp
6806390891,jgjbt
5140753247,gqecw
7145291667,rxoee
1675995356,wyhmd
1877770002,vcxxm
2590098763,covho
5777596862,curox
1751532034,vstir
1854791640,cejlr
1522299064,cfzkx
4906224391,bfckq
9759338329,odcak
4487559133,wiqun
3801560147,uvdeg
7424383267,nrbvg
5149528185,gnkqt
9983695965,xulip
4574738734,yxhdd
3648504348,yqzkd
8725189492,jvdbe
7665851249,tobix
2831255644,mnkfb
4753336126,ymqar
8199606093,zkpwv
8833518582,wgkni
3459974487,jeyai
7417348464,rshco
2723392494,wlscd
1986215041,njlyy
4250949738,ecsma
2849565349,wiyqz
1057725578,xpiys
6616630940,atztp
8378554351,hncbl
9079036701,tkrgv
8823677086,aljpq
9530698209,wwsdo
2471879343,vzurn
9745367790,lzxgm
1227073848,fyqvc
6731321519,vfueg
4344003822,mrmqv
9314276428,nqity
7027823883,ewceg
7397990943,ujtdu
2452436356,fusxz
6766422789,tmeqn
8250093124,zqfpe
9019905618,wakex
8773174417,ivtku
6104132588,wzaco
3834829914,sonji
7802836447,wmvxu
2726825987,otvpb
9150410583,btwyc
7615644331,uwmqu
8007107711,rgoms
2705689837,ioksw
5975681785,nnwax
5148779825,yujaa
5486899792,dosvz
1510913864,fevwm
3790020624,xhjmw
2277126595,oaaxj
6543202495,vzcit
8554935907,qyqyy
5349769093,oihlf
7136827543,tlumv
8832708472,urghs
6346243523,wxssq
1931358222,nxdur
6076718275,uuetd
2389945404,tvhgi
6305838636,qriye
8525900804,mcsqj
5608882229,zvgck
1965798126,ulbse
6866926070,sybzm
8525755645,zhyuw
6626601545,fseja
5922989277,popos
7204696169,msjwk
7572927229,leoxd
4988699286,lgkok
9877529106,uuyvj
1160566456,ereyv
6198657163,uwxtd
2054498565,akgnu
8069606695,ceggx
4891270985,ndfrj
4870162866,oijqk
9573598116,yzvdo
2655364347,zfwna
5635028937,hfloi
4373904037,osvqs
5922670883,aswtf
4240718886,geawi
9678700443,unnfc
3963487755,cgzjx
2157186720,zvnox
8871016226,biyyt
2499492499,uadtb
3533087370,wgwtb
4150497331,dvwsv
4813190803,uqxrj
3464288420,sjfyc
1942352876,jskmv
8085109308,zlmat
3648611138,ojjda
7881773512,xgwwm
8318068374,knqfs
8730761715,bwtja
9335729342,xgivp
5470049034,htylb
8750757353,rzlyq
4199862537,kioyr
9621746924,yynsv
5879614899,ztgcd
7670375447,sjjxx
4749334974,wrcmw
1088412472,mgjyg
9611456853,krcte
5931859864,yrhki
5417435308,csbwy
4471296037,ypaxo
3906802283,dmuvg
2665439888,bgzxp
1689042699,ylyng
5797995021,guuno
8435345471,qzjkl
3588574919,bxswn
1644821609,inbeh
9023146631,rttky
3418529410,xlyno
2614886974,bsdxr
2390744187,sacfw
1338872315,muewm
4724180718,qpnim
7611981167,tqbjx
2597415747,vnxea
9246533933,betko
8165730952,wjran
9373604127,vnwhx
9532655394,ykeco
3988010114,rxmee
2384883270,yfkoy
2425113992,dgirj
9418408446,igbgj
7511263095,nqgtm
3540287075,pepzu
5677895070,cemmd
3826117134,tjidb
9621556192,ylouu
1404677359,wuqur
9784471653,fwlew
6958350205,tqsxm
6454399012,fvrzy
3148471060,iciwl
1579937276,ebvrc
3518094863,npmct
8714948462,wbzzg
8571394178,ojbom
8085689438,wqrii
2798066211,llzdb
5456912116,gqdhf
3409281135,uncvc
6179193429,eeoxk
4646740986,twzmq
9921911937,njtfq
5609766418,tyzwm
4801484141,puffq
2860138480,fcojk
9067258310,wfbtg
4315028284,sjpef
7616446101,xukkr
4206389959,hghyy
9912855478,jvspk
8640217440,qthqa
6262038179,xkhgo
1022284092,xdvlc
6929288835,xrbeu
5213271738,sfewe
2579592697,jlzbr
4535676885,pbgck
7716804224,ycigm
4462492284,almlr
8181479359,svgwx
1758326819,cspsj
5330975451,dqjyq
8066515767,fppru
6127237492,riish
6301565860,yimpg
5934744459,peanj
6024456545,elipk
1846199212,kzxwb
4508830994,valxd
2815810598,vjmpo
3775021348,aulhy
7065545451,pmafz
5184722657,rpeqm
6085400707,tcwkt
4563089216,zfzkl
1242757529,zijqm
5754577366,jpztu
8990516902,wvlgm
7013985978,evgym
8718129785,fmapl
1343014073,unbvr
8964215644,xvpxt
5378670370,optek
8183426147,bxrui
5486766507,xqtol
3489949065,tqjlm
3215925103,qhztn
8605566528,yydnm
2706621766,nbptn
1085470749,ycrug
3443906388,vlact
3356143746,lxvnz
7120314629,omnnc
1650408856,hbfuw
6525315428,uujij
3815683035,onlaw
8936335328,qvevy
8369904267,spafw
6344536639,aqkxy
9148657019,grqbn
8786457841,facrr
5713721110,bavas
8720105828,idmvk
7484472434,zuvum
9907192086,yxcjd
7849815666,nzeli
9195751676,shlqt
2136876243,uayfe
7855561968,dervz
1722483863,kzjmo
3957397712,fgwlj
5094917207,emija
7222108631,khier
7925511186,uuexo
9113012818,byubx
5183833828,blkld
9588168303,icshy
8292910851,epziz
2695665560,gqvkc
7453924298,fenfl
6684604244,csdnn
5737768603,yovaj
7565393672,wpuqi
7916598875,harrs
3970651193,icijx
9406422781,dbzam
4031808328,qehpl
2421406843,hqhzl
9259419944,hitde
6795166953,bwkke
6960306536,qbtit
9913807448,xpxwl
3906901675,cbrjz
6744732909,pcebd
8950891052,mglpo
5433535287,spkna
2560208550,jqqst
8077569176,hmmyb
1539385598,luhpb
6867096860,mhugq
7774848251,bfzyg
9801876467,mitqc
4308577557,ddwow
2689189841,cxeic
2709023131,vxiof
1233052713,mejwm
7390534117,ofgpr
6527670563,oiqxw
8331883671,oxbet
4594220289,iglmf
7999279483,joqhr
8872427333,kjdyb
8588624882,lgzxq
1778425174,mfpgi
3257542310,ffawy
7978267309,tptdn
3772026945,ytdqv
5863112585,sdixy
8458175065,jqzkb
9126123597,vpuyq
8310712001,qznis
8295589294,zdaoc
4854952482,wzyrm
7876892890,ukeru
2822519607,upcyd
3928521999,nksqi
7483245008,dcycb
4994790100,savuu
7611941641,ilnop
7211015014,hfnjx
3865862422,kwmpw
1527455184,hwhup
6090697595,cblkl
3089386333,qcedm
7980290677,fgutt
9925207835,bgvwr
4902771777,chnhv
5090037311,fwseg
3150912238,edwbe
5056321600,ymkaj
2297100887,ewvit
1809338476,nvafz
8857565179,mrrxa
3772358791,akjda
7241014137,vdmct
8830377184,kpvyr
2632095693,hdouy
4728562525,ivxum
9736356841,rxgsm
8757035291,skoxp
3194141491,ahmkk
8350079017,schud
8787796209,bruad
2335792612,hhsal
8682789452,ivmau
9320960046,xguqs
9829097753,kiquo
6471971443,doypz
9734529051,idhlu
8245677974,qlycf
3888063575,oxnjk
9851600581,jmbnf
4489463748,mphmt
7956088529,kwkjt
3109234793,ipmqw
5756443675,mpuni
5913135227,nolvi
9615237107,yikcs
5572645752,khzte
1523067577,gilqp
2200481138,snpun
3908583837,tpump
8011736133,asxmy
6113636781,aauzj
8961375079,lcdyf
4684246891,mxibs
6388375857,soiby
6482528593,zsvej
3243867383,nkgwm
9451841456,mqdfm
7347974533,klqmq
5878076614,tnlbg
7060047819,jzkyi
1462487752,awxkt
1264015548,aonuu
6905543482,alyxl
9404245483,bfrby
7258024426,dhnoo
2033214003,bvthl
4889428794,tsbys
6466416681,gxyhh
9936142094,oiknb
3745405586,zuxse
8340971704,eiftg
3180572531,nxzqb
5539513948,nrxup
4531117268,jkvvn
9232761355,cztri
1196554947,tytbd
1288644459,eqjkr
3017920736,sdgzn
1765391177,hyggl
4669002273,hmgww
6647328883,dyxzi
9053488116,ivnlc
4525550870,wgjik
6518901118,yqlje
6273989918,glerd
2231884035,dlnnu
8777628870,itook
3414541458,rdjcx
7294002888,buhfx
5315008440,lttog
8400659642,ekcix
4753066033,vblqz
2267884999,xokci
1003429834,qxqjq
9346393674,wsuxe
6595161007,bchyi
8288846936,fsjsk
8438335466,remub
1330895625,ifgnt
8715753731,omrrf
6489817966,ydnxl
1955311112,gdigi
9672540484,hxpcv
3635123523,xzjxo
1480798998,hjjqr
7420739932,wjoeg
6261258587,tzmdc
6539509015,iztwl
7464283206,vgzjh
1047481151,qvkeb
2299847972,yevue
4521311602,okban
1046357760,npjyh
3422315176,lbzzw
5401179077,vsdfx
5864327568,graqn
9035562655,jwshq
2152500829,igqps
8395168303,dfmuu
3533620832,pacve
2644675165,hmulb
5350466783,xkeyn
7228385376,qvzgw
2213625990,hnqyd
5551177507,qhqja
6304264585,wuhoo
5885894196,lojek
3060462521,losnd
4914927048,mubyp
9026622971,ohvtd
3359644852,nuxjs
2149013523,zakri
8492681424,etzjg
1867042387,wjrvw
1265700782,dicye
8845427403,wveqv
7494031541,xqkxz
3542223116,uefzo
8514509264,iiocc
1106013171,qqgsk
1673401070,nalum
2782228732,shfth
7871545810,gxlga
9762795215,rrilf
2327837173,zbebl
8416596763,pzhlg
1509163627,dkjew
1003229784,ijhpn
2395987914,pxqta
7202258072,bfduu
1743069633,tcyqe
9090873049,vhyha
4722562823,xamyy
7460142126,nvtij
1530419493,lkbev
6089329569,osfbb
5105428888,mncjr
7420535468,wtkan
5085981593,tpgka
6379688150,qfukk
7367105613,skyuv
7601856213,yysfv
1578462817,lnwxr
7483373231,nyveu
5530357238,lgdoo
6794747734,nadvt
9972421369,cqlge
8675175200,ghyhb
5857124404,zkmwe
2974657869,golwq
5677299475,kzjxi
9846275422,yscxn
5473998327,kqakf
1221470215,aujvz
3711848388,fskfc
9193804503,ijtsv
3541136184,epcgj
8893721110,oynwe
2887247677,qqhcz
5438801826,ihfbu
7617512909,fbxqk
4796357863,wkgfp
8923767048,kidxx
5414742323,frrun
5468126167,qgont
3154703123,epjtb
3717269125,ryorw
3966081941,ozhpk
2172234978,rsgoc
3568780990,zwuvk
3152740225,tuhys
3956273967,gylvj
9466174438,kenjq
5784926074,fmaup
3798524851,vsbqn
9441420711,addtw
7510996036,rblmo
4639216869,xoszc
3133974250,bmujn
6082231568,uvtmb
3608829526,afeyh
7364422337,vtmtz
5899166207,ssbnz
3221072518,ujjdz
6020827617,fbrym
6823964752,kbgrn
3425081195,qgtsg
1347344368,vroxd
4917716253,akvpn
6074560093,rggzp
2614031548,evuxm
4215752432,mrfvt
7874605599,qvidz
9330477784,lhrjh
8078307946,ijzyp
5603712483,cgbem
4057386972,dyyfa
8741151392,dhhii
9116350709,lfgrc
8910798778,bupfb
2566079882,lwwtf
3670709129,nupzg
6803627665,ixcpl
6278504612,krpxt
9614850470,xydzw
1657213343,zmdvj
1938949357,eabtw
9517956070,snrbm
1389037863,ilvar
3125013347,txugz
2711674262,idmaj
5146488125,qqcmc
1654988988,dulea
4694973833,gnmvj
6811449478,oktdb
8232690884,xbfos
8906520286,rwufm
8838441284,htwej
5996991721,dhkdt
1781546940,mbvmj
1953941862,kddrm
8892743542,hoovq
6666283584,mrwfw
2115104173,gbfef
4547753014,pcuce
5432913260,aakxs
8280187783,rethc
8617172107,duewo
2574408112,obyxn
1030623733,grzbt
1042063521,kwrpi
3695279703,rouwb
6072597726,txucs
6930801879,frehv
3691283615,nxmlm
2978111542,wfwut
8733852018,iqlzr
1781547305,xrare
9924242594,areyv
6544120467,wdgcm
4574772015,kaqrx
2371356787,bsroi
1718507231,henei
2528097455,iqgwj
9715311230,xttfs
2046720656,rlgtz
6315427378,wwqbe
5252022962,ewgqj
1648768659,hcyam
7500150273,yvizv
7919635490,qrrui
2917611932,dmlod
2738123801,vtxrd
4992965694,tasud
9393760225,vqzud
3462480352,msjcb
6649802126,jlckd
9958322657,rzjfp
1808496445,ubejs
7346423848,tkgpc
6151120948,hiztm
1462169619,vpouc
7251688544,hlwor
9796350007,aeqdq
8943896888,wckpv
5675356971,hhhgj
4911780101,hogfb
2368911935,mydon
4462026329,itxaz
5487993252,kvrgw
8715685474,sgnqm
3660711298,nfwow
9489549357,tgtnt
9342986835,qdqoi
4904092527,zidrk
2436847738,afvgt
2796902269,ogvuy
7901195113,zrrpz
6285716434,ebyyv
5101471269,dwmxa
8598678744,bibcp
9774123484,myvbt
5330579431,tiadi
8601283100,lfjlx
5412244092,yssxj
2802276897,svist
8472125533,kywcn
8596195976,resdm
8424025023,switq
1483787318,oozfr
9914147309,ygxiw
6237294174,aqgez
2452392275,uuvel
6106089411,teazu
6786161149,mnclj
4477573392,ormzk
2917877293,srbnd
3189677644,rswnj
3832792163,hcsnk
3697538686,ognjc
7552207563,nkxwr
1088018233,enqts
1448027845,derzt
2647567166,uvjnz
4567679308,tlrjm
4218474012,dpyxa
9543794277,bmxwm
9704466377,foekz
2054985637,bwebc
5879857490,jqccv
3203079188,mspof
3655600324,wkokc
2294936341,uksee
6469693676,fuqxt
2832895105,bvrxs
8254402328,refqt
3797313522,zlkpa
1227301683,hpdfa
9142905832,bnylb
3458483883,bckft
6513569308,kzzfp
8815563040,mwgzm
2808448867,ekguz
5944756088,vqcmx
9973822475,ziswb
7156701074,vsyfe
8798502409,efynh
5306732294,xzwnt
6569654059,ukjan
9647381714,mhszs
7017677997,lcbnr
7948742640,nyoyv
3698809123,yfnjz
3018970434,mqiqy
7382047633,gbuhv
8418635613,wuqnp
7913367025,fznfm
7003474681,ylmdw
5492783055,gdxfw
1713728359,wkciq
7443792613,sblof
5075936468,ftilh
2815804778,byqwg
2238403976,jumgn
9804625521,gbbud
7553683357,mcfdo
4721839084,vawdg
6993879942,jlmae
3888290574,ouvfg
6214358112,gexqt
7251985741,drtxt
8442685764,zrpsx
6054212667,byevn
9007044624,sucuk
6284629164,dlvwh
8007759194,zcbnx
4065831150,vyrhp
4810210066,vnufg
3373185794,igyqx
2806125198,ajraa
4808465253,ukjvs
9013325672,gfbbw
5691909354,ljrmb
1465011086,wquyo
3184016832,kobfw
1985650452,bbfps
8099229144,cysxp
4375320134,iuizb
1552655214,hgqhl
1594557783,sgtcg
2878767498,hbels
2626940283,ynwkk
2165008706,cdpbd
5217586329,lzbla
4174289903,yaxwj
3237658414,isikr
3144909127,rvevk
3280521274,khkgr
8379931366,jouun
6074178388,nejbn
8353222872,sivwe
2039520442,nrgqj
7519966732,grzsm
6037821103,esszf
2556519380,dtnuf
8345518646,pxhwn
4462771375,gckgn
2085290680,rbduh
1399189119,rdazo
4662630994,uicqa
3727898054,ovkka
2359554014,opijw
9863022738,uynld
2204768115,lerrm
2272930518,gkmgj
5466090245,boftb
7022908204,unuzf
3068121250,rgozx
3826271982,ajbak
4776811390,llndz
5117436815,mhduo
9010903176,mnxkz
1302736073,uanfd
1016868164,cmtkt
9722731711,fakaf
6941322952,qctkq
7287041869,uupgm
1934780739,nqlid
8166112282,gqngc
1852351049,ccbar
1219326478,xmgfh
5369522516,fnyph
8434802599,ngrqz
3113935552,gltbr
9372385070,xybfc
7549810238,pxscw
6828272936,stdme
2386730190,kudmq
1436672116,ihcah
6723648591,bnhok
9080786328,jjdlv
5144202973,agwkt
1228065522,alnkz
3274033094,xctmz
8857559954,tjmzj
8000157953,bxmja
3411827560,xlkwm
7519625636,gjkjj
3327400902,kbigs
2445269924,icadt
4964841630,cgfkj
8552427897,swocz
9622509611,kxntv
2970352315,agood
3221050824,vvalh
8178653853,yqmrh
2462465243,xqlwp
8492998966,hhjbt
9903924684,csdvc
3008729643,wmpzu
2452714538,myuvz
8294105140,xvrxk
3022520916,vleah
1976593815,pykzl
7803630639,vhbpt
6065101375,wginc
6748148968,jxzbw
2672397807,xmewz
6195176440,fwflp
8127480434,lghxv
1187613172,zsdhc
6182990945,clxcj
6452272251,fyveq
7464314711,xyrsx
2613306758,vcndo
9254404529,nbpae
2904365520,cchcz
7310544776,bplzl
5099496600,gsrrr
5356025087,xysuy
9252600411,oqmeh
4311053358,oluhj
7268800644,pnbpc
5542974061,vhmha
2852548140,ifxyn
9003311277,fzwdg
7712125487,ytxbn
2528130595,yexir
2046707924,dpslw
3916177668,pqgpw
5051309367,rkouh
9687719979,lplqi
3453236308,aoqwg
3446963511,gdiwm
9542185850,elras
7181050822,aicnr
8533862548,apvdh
9148324097,whrdg
1351895286,upfhu
1028626192,kwjml
7812368353,apwdn
8483487764,farpi
8029919943,dydoe
6804900484,eidfm
6507044950,gfqoy
6953106827,qtlyf
1409687981,lgsfq
3773601722,ltqwd
1587309162,jtjpz
1459529307,ripmq
8247097003,icdph
4891678000,lwsal
7669739909,lcniv
4614356690,onjug
1785935448,wlouh
1071015349,sprzc
6754349086,snbqy
7658994379,mlsxy
5852421143,owdnv
1640190929,lcgel
2924867482,qiuuw
4401612450,kvycn
3852650383,zypdk
7586300011,kicps
2079043772,jyujt
2870456755,alhbq
2574760274,ttonf
9745699061,xleuj
4001293796,wudfo
2139527720,jpumh
5159314303,fsxpl
3656217411,ifoen
2429979828,rzmrn
9756896330,mcxpo
2808698143,ieoyo
6780923183,hwaoy
4829168994,imxrw
6582521948,rhues
5995908049,uhgtg
7782190632,nqpzw
6032341424,aneub
6839749617,scedu
1947239477,tkqpr
7011071525,zaiwv
8266873272,vsfpz
3299739826,jauqy
5527619359,clamz
8183002072,lxvgj
5484774701,rodbk
4700037658,utksj
2195859305,vcras
3333910052,qpqvs
3860108746,ackli
1341854401,sqfkz
5927541773,xiltd
3068645475,vmedv
9332846237,rgwyi
6560225557,qhlyn
3671574867,leveo
9285170003,mlktu
6389168657,elxru
8189883700,gsfgq
8608164389,qtvfm
6506638615,ixiud
5010358692,vxbes
6462498829,vumze
4435500612,agvtm
8454964300,qydpg
7791438172,hlxof
9097557413,fctxn
7853529213,llsyy
9808873812,zoodj
1760944853,umrya
8757732588,imytb
3910612029,vfzbq
2265253843,lkibh
9815866049,jjosz
2942115108,edswk
5846747262,ybagy
8188973682,vrilz
2268018943,hqqrw
6144732808,uckzf
4323440523,isldb
3717564534,cfzxk
4365302125,nhpyx
6178560422,rysvn
1749297789,ewycr
3182589485,wwxmk
1260503252,gzyua
5408661002,xejck
2596535429,tjlit
7716356347,cbflc
2875181228,rlmyp
1922125228,hlxoz
9468301513,fmcue
7743125703,lsrdm
5171840572,lihip
2035092147,bogjy
3179780297,nqqda
3358698328,atneh
8071504761,pxbwl
1445072392,logda
4104203422,ewljj
1290743789,ycyqn
8602308272,wvvvy
5810962937,nvood
7297525018,sqexr
9557495436,arvka
9272276120,edjqp
9656441510,qyfxt
9941084432,zcqlj
2388839360,gsdbg
1368682750,ihoer
7131520508,sbnoq
9461115394,cdlta
5365382192,zgicz
9854044819,okdqs
5013410645,pzdpx
3923887545,huyny
9067860401,hlopn
1543458584,ksfng
5297603165,zcatv
2204017198,vpzqa
5764023982,gbiim
5783308377,rlfml
5804935700,xhciw
6911836243,zoezz
9769901817,ihwdk
7344937777,neitw
7547222511,wgrzu
8817239211,jqazm
6244737102,knkjf
3280548614,vxudv
8932981234,fkubs
7871246505,mygli
4936086348,xikdf
4843777144,yzpgj
5046402654,rknmn
3095357209,urbqh
7570268188,ktrus
6391288763,vcuod
7002016440,dfcbm
8199936522,dblpj
1892483469,mmfzp
5427174305,kdskp
3171148820,qgzxp
6353037725,zznsd
5231498298,ibpiw
7981201650,yajle
8805554967,hjjpj
9239125287,mkjij
6835582818,psyjb
4179214736,urwlx
7389863510,akumq
2699946087,ydvhu
5798818934,tsnlm
3900204892,siuki
7031727933,xlthh
5542252838,cpkec
9240382484,bbban
9889040762,tqwia
6022269707,mxeyq
7787311703,bzuwe
2002459176,vtluu
3863072244,qsrtu
1779651364,ievna
1681488059,uogyk
1491102348,vufpk
2040443864,othiy
2523674166,vnnpx
7883386007,gnchs
3378952073,bcgeh
8275396920,wtbcg
3469449910,sctmj
7093883930,ltijr
5225062629,pkqxb
7183673355,xioje
1511830066,timph
4817399469,edahw
3423558838,bkfup
7000880439,heese
6160821679,himae
3277204057,yalkp
7099924942,ksxpq
9132882267,pquom
1683856123,vldon
9354977605,rxhdl
7227504021,usbsh
1397144888,kwmyz
3471522008,tjmff
4091979694,onjrl
3587910590,ewipt
1788035699,sqgmn
7226255054,lycrn
3718036769,zvsue
3499315398,ekmzi
2420948997,bhtmr
3533873581,uiggu
6968817648,lodky
1884060070,rcmwl
3466833405,tsqsu
3414908981,awxxb
3345261835,fjhko
9321117395,gjsfv
6855733473,temux
4039322210,wmvls
6622719683,lxssn
5171008515,jzkcd
4106283441,ygcsv
8741636704,nivzp
7225921189,maxui
9484713956,hotsw
7057822030,fmxbp
1180760090,bubrw
1025079484,sssiu
2021068061,ekbba
2084915280,vazvy
1393735427,tqupc
6718359186,jxpjh
1867633192,repqb
9793127625,xobun
9273766003,wtwjr
4258244338,fljeh
3410822685,bceep
1667563245,rdlhu
5756390079,yzeqg
1847530813,vgela
5888852374,mejef
5444651278,hxsio
7295136502,sgaew
9653332051,mxnmu
7119620978,fzhvr
9118916281,svudt
3853343896,etdkb
1793941237,klwss
7705207734,hlqpr
4998980922,pxqyt
8338272794,arbue
6195174978,pnjlk
4774185277,jpsjz
4473114881,vkbfm
2949540899,bebqo
2920808733,iztbl
9797919450,uefrc
5138650444,mgxdd
5030297910,sqixn
5306576965,coatc
2635455174,zhtuq
7773993372,cavog
1019476633,jbgds
4513457800,rqequ
3367873774,ljlhz
8343605363,yvtsx
4764051023,cbchg
2567139225,ywqcd
7732977258,hpbkf
1318481200,hokzt
6846713600,rwesi
9362757589,hoafr
7686846019,pdtww
8410560346,isheq
3859698359,bztki
4932393453,oansu
9653638951,gyffa
8791371807,zvlqx
5690805180,ibdym
9107492962,izhqr
1017937402,hgavd
3168326607,srwer
6668175367,jyczb
7412425694,cueba
1708937310,btgtz
4513583164,xoabu
1476261630,kxlgb
9342121162,jwjml
9368023025,sojfb
4857530852,ixbed
7283686079,qaejp
2298504804,jtgbp
9780022670,bjdxs
7946156176,vcxqc
3297376376,esjze
5277031316,jwiuw
7056695662,ezkht
3006010469,thrfl
4694085019,vkqxg
4537238648,euosf
7747237278,oixmp
2047764184,qdznw
3665091162,kvcbd
9658526535,pepdl
8959852731,zdgri
9523112803,wboyf
1565557517,ciqxj
5684192601,afbls
8110969913,tmtfr
5501730766,ulusw
5254905224,styrv
5041325185,ndblk
5826104034,qcmjn
2753062496,lzatv
6270728005,hjfdm
8469208866,xwicf
2838712126,fwiry
5040473436,lrqxe
2666303589,tydza
9006791587,lvvxu
9833519498,wfakw
3990952350,ugsmv
8917589019,judsh
3814639256,qerka
8646395909,jofmn
9738087579,fyxeg
3807098162,wzppd
9362922165,gnmjk
2374459768,jujzo
9198945677,cxhur
1545531980,gdqbk
3380591837,dolco
9858530703,cinem
1095325563,elmyk
8958012322,jermi
5720296586,ewzjh
5770149812,uafbt
7147442976,frhkx
7583526500,kzyjd
6577262033,qwcnu
9910294555,pyrsk
1806029621,ruwvg
3349297387,lafqm
2462650145,hxxua
4622477588,jslsv
4052540789,gjpqx
8575342362,wfcwm
3588762126,npaet
2380062257,mlpyu
5543985550,unreu
4058772480,vnqha
5514441895,wcyyb
1972594293,eghxa
5068558810,osnzi
9230197880,gbglh
4936566052,vggqk
5399317829,kkfzj
3905228817,iifqz
2337892415,gbtbv
6985197759,exkja
5501116171,hdqxb
8777326641,cuztk
6210607406,iieta
6964092401,dbqom
4719159630,bzzpj
8422341223,gikmq
2356865710,xhpya
1867176594,pshyn
8022398812,mcpnc
5812510053,dwety
4822156682,ygwmp
1026197051,dqiys
3882201537,xgifb
8973578229,gyusr
6114695001,sxkbg
8668099119,mxjvh
6376653650,yyydx
6364343519,fgpid
4727390907,jgkua
5882382741,eifey
4144470892,izpzr
9193571098,zqnrr
7566125310,yasxx
2305488404,vjppd
1488106322,fllip
4537766224,vhsif
4068829321,sypzz
9615164647,ejpba
3901678336,coejd
7762895756,koevo
9319468560,wfwmt
1090140921,btasu
6594112975,jprnq
8043513050,nuzpi
6131218330,qyvrm
1530573196,ildpm
3911892794,xdgsq
2718828132,cllsw
9553570703,hrkts
3593280297,ulhmb
3477071097,rhvfl
4804384324,yigmx
3814193492,ymknm
6794759181,stska
5457429541,qmflf
9452236095,bjjqz
7517647537,dedpv
2989769033,chqyi
7826849322,mynpu
3456102204,oijwb
1836263735,ztfgz
5084062811,pvdtc
9139230811,ngmgn
8055555886,lzcpc
4366163564,pitiv
5500736232,idbdl
1135268758,anszm
2833839542,wsryu
4992268395,gkxej
6082912093,vyhjk
7776316481,jlruh
2226424100,bmqfv
4039431446,ylbsk
3790991208,mjsin
5264129455,euqgj
9345201236,chvvl
3708626939,rixzy
6101660441,ywhbj
3692851141,axils
3091703663,azobq
3583640078,bchwn
7773996053,syqjn
3914671936,xdoju
1082706233,uogia
2822724452,krxjz
1489586366,suryg
2367319573,ocfcr
5814935129,cpadk
2008584711,fdgrl
3473315189,nmezf
5656205465,szedz
1469820301,adahe
7499852559,hbtje
7613528326,pacnx
5849437949,uylaa
5432488677,icvnu
3708327957,yqimr
4934633998,xlcka
1314629644,lfqwz
6827363287,mrzbs
1993537216,nnjzb
6661877892,lnxoj
7297022860,aejkg
4490972404,jwwlg
7751768651,dxgoy
2051051195,ugqwu
7992666296,ftsom
6704717934,guyss
3412578293,auyqv
1554080137,xvqfb
2620260128,pyxrp
3262401210,qcfne
7756155614,ovpph
5446268880,feoxv
6065257687,szups
8849251306,nzzvq
5348807990,mxsby
7280735392,dbyas
5827306734,yxfnx
6778170781,glzmh
3077573598,ppqai
2879150834,oonga
2968811020,wozmu
3856719989,qolyt
6680713291,ljslg
6537510182,ziehe
1781632432,szqps
8926555140,cbkys
6517330611,phyxq
4225198422,nljgr
1199482455,lrymr
5623902854,vhewo
8169583978,amkam
7737368825,owacp
2354441454,jvpsd
2506302841,cllvc
3108210742,gkhxj
9948773678,fgsap
4629713373,ikzcl
9611647587,eahsd
3200093008,aabcu
7354842764,rszwe
4475092745,ivcej
3202061708,bbmhg
1203935693,erifg
5869496955,cdntm
1576124578,eiijd
6215250784,bvlah
1080365925,okckj
8086634721,momut
1857262066,ibmef
8264786476,wrokz
8585867764,flhiw
4832503888,thahg
7721865669,wpwqr
8475605002,mrdsf
6337564253,xamxw
5688024227,kfnja
6167146403,etecg
3879371787,xkupz
9287153689,qmsoo
5886126649,tjitb
7029443513,mrukd
8436571481,xwroz
2802924377,zqexx
5396121668,fgrzy
4651753018,ihwkb
4024862364,kqwde
2593045269,rvjyb
1374364181,deamn
6319397919,mxzhz
5893669382,hjecp
9387014914,xlcql
7807117725,jmvki
7191817689,favid
3875616923,wccwq
6469525589,fpjbh
3365347083,pcdlf
2660937778,gpzuy
4203655100,bofzi
6350230202,ugpis
3114052781,ditdp
3758905885,zfszy
3592423926,iouvv
1861637249,dnihv
5075882652,fkzes
7536684974,faafq
8487240231,tobup
9373080657,kaxrj
5450303014,tjzbx
3256745824,actzu
4406665435,ojvjf
3312425117,jjpsu
6332796255,pcyqy
9879815157,enxyz
6290677211,tyhcs
9536856175,ocjkk
6254092198,peesf
9244208927,rrtlh
5564451277,ejtvm
7122683630,ocxvh
4505205475,oakxy
1484973207,fqfyu
6649145101,psgbd
3859385386,nbfco
6237181015,qjkqw
9021817729,yidqy
2948649374,mzjff
1910210438,zklxa
8248082836,rxade
4307890924,vwoqb
6012090973,zhzhi
7556246287,kgrso
6381399865,gtueb
2270996817,pvfra
8922199733,osoww
1693894661,vuvzb
3554736059,fjwou
2414528831,cmvoh
7456894086,vxked
1875568745,vdmcu
3875189386,zgadv
1332727897,sqxgs
6197901778,mafcm
3305466475,iyxhz
7778151452,istra
2004308880,ptjdm
3303925024,ktdpo
1852303508,jmqnc
2189062960,ejktz
6251428789,ettkw
6456294862,atykf
9230396654,axmix
4918936610,lfmzt
5746888760,jcinh
2154635792,pjssq
5409854341,eimpe
8891600736,ssbul
5997676805,psfba
9511242026,lwhlp
3757257102,xlvsp
7930848689,fzrsj
3509167302,qbqqt
9340622588,hchfn
1647975761,tziwx
6991768172,hhycq
5904850448,zwxvi
1336535592,cdbcw
5319160828,ehgku
8093725695,ronfz
5266419197,nyxtu
4687011949,uomhb
7862412295,sirtt
6930164026,nvtwf
7255650927,hgtzw
7534171443,zemuq
1839666069,qrkpl
6915067741,dnewl
9018039134,mdlbe
7258309806,djjdt
1607465052,yqndu
8674617711,xcfbx
5834870020,ehzoa
9813283107,akicf
5586034232,xpyrp
6889641447,cmgmo
2869751107,vvtab
1684429897,rlgug
7071830533,zzbzw
7692545238,wxfnk
3712675484,ovlvc
2915878381,idklx
3798564630,ofsvz
7856317882,opgqy
1410491295,tnjlq
6899876726,omwsy
7195510707,fwfvt
3392824812,ilers
9006524347,himdi
1393598932,mfxwa
1731684437,ydnwf
4295457831,mwvkf
5416320537,jfpok
4078371918,slkul
1185952173,bprke
1492315919,fzkvo
7402468198,grkeu
1096018629,owhdf
4671505088,aodqh
3235137930,zxcli
4467391587,ifrtn
5781097607,szgcm
6366038969,wapai
9493507576,mfhny
6601887218,usdtz
6374733905,enzub
4173226483,gugtu
6300583065,qpqhv
4190387766,rnytb
2762285598,ziruy
1403407169,drvkn
4638027513,qbdin
2026389359,hyknp
2817948955,kfjoy
5385562848,ojmvm
6089747615,caokt
1163498776,jfjxt
8951444242,ffebb
5192646679,zyroa
1665198505,akpnk
7600510470,sehmj
1572013416,kqbdt
3002097236,cisyg
2853982806,otggk
7105219655,qccfd
9261418804,phfzc
6153901193,tnjue
9939978183,zewqh
2347811984,ndpvq
8866262372,ewjtq
7434354581,ulzfq
8318463523,ayfrp
3156686354,ymlbu
6816860059,zrxwg
8799576617,ahkrt
4925416882,blqjy
2779994906,awsbd
9212666790,khgjz
4288482230,qcats
2402606417,jmmqi
4385888741,uskib
2530665777,irsdy
7369374402,yzceq
6803634326,jdvit
5368207412,hemqh
1390363159,sqyml
7299907845,uofma
9999407417,dqmxy
2003617861,odhxm
9401584697,hgfye
2317925515,dsuqr
2306942025,bxnyg
3800582034,impba
5474858118,ydzzn
3955370464,wxpnv
2811536971,biene
4627981013,qqxba
1555761370,otvzn
6336808171,trxmt
4879898225,aqfnl
6968716010,mwkqe
6789292451,bmjeq
1649613590,nchbi
9537170766,rcduf
8760554132,dgumj
7069161953,wheqq
2067468461,tryae
2103799591,vqheh
9387055627,kqbbu
9305766180,ovuzh
6037483517,rxqso
9840141720,jyiyw
3986766372,clhhb
3035913044,relrm
2850376322,lfach
8025638031,pwbcf
6662111320,gxsls
8259786659,bxmct
9603038311,gikmp
8530265495,wrlyl
4015132434,hafzm
7601230179,mjonj
6577163071,qlxlg
8646681443,wfbkm
5953079195,iwvwk
9697428208,nqoek
6635383239,yopiz
1312071943,jrbee
6048580574,ltqns
1818957849,lqspk
8689571621,kzupq
7749770749,cbzfw
8913802541,zfeac
3994239879,iirry
9046528809,ddexj
5023636790,grgnl
8357221320,bkkfu
7692889430,sauln
1105456705,xzody
9619643115,kypkf
5105512077,tkmlz
2018087738,zdkts
9523105315,vqbby
7342269771,ndauy
1835931356,gqmrp
9482803757,jhpyx
4282494571,iuawe
8438836885,cbwrs
7987210590,ydmft
8896382235,zvfml
9800208943,ptucb
1191674980,zrzlh
1516081406,esyif
6231073886,qfxrk
8833391825,ptyat
9518619987,ayglp
3556306354,pjvqb
2302500845,ixelw
4221960812,fkgwt
1369559720,llqtp
7093683589,jwzxg
3353294349,qfokh
7867760402,akknb
9783633951,tqoew
9662064306,kcdhm
3483044756,nyiof
8742862036,fudkm
1870418379,uxzqj
1643410327,lljzj
6699079153,gftcy
3200316915,bhxis
8455616824,dyatq
7380350489,dkajf
6912186682,sclku
4334855234,gxhkk
8327879312,adynf
8081465827,kpgtf
6480968442,cualt
6652323693,myiks
2528746945,egzmy
4127450161,wsgha
9771436473,qfwme
6222517437,zirma
5184248093,wbjsa
8144151464,nwptj
1227455245,jpudh
5073840741,sttux
2058600741,yrxuk
8748698608,edsii
6345802206,ikmpf
3563181223,jrspj
6372925314,einen
6046818274,jmcsc
9186440710,ydfat
4932421448,nfjfi
4242235454,dgehi
6559940322,kietm
7508940501,fbgjn
4923439066,dsluy
8786225226,ryfrj
2730665350,ryfzu
4773063698,zdwsb
1906212379,wvyuc
4515924721,pxnas
9114730166,mplhs
2531944390,niuqk
4823068224,fbaid
3278806103,igyet
5652065116,hohte
6958433277,mlulg
8757632470,mrecp
2793498903,zkhyz
9652185770,djwjt
5581760169,irxnu
7850860129,hbzgc
2303301942,lvjyi
3878943174,ghimu
3832588394,flcls
1207217025,agbrl
2870562376,gpncd
3252398614,suivt
5196549919,wcjxo
6222350974,pssys
6616273397,vkqup
1058467612,cdeij
2008955190,oqfeq
8866008196,gsirh
9613569936,jhkfm
1201357240,bwlru
9054921077,ffezv
3728535199,adnzi
2145751057,eifuz
1534406596,sprju
8979125467,nsges
8976435280,yaifi
4899289175,pnfzt
6646301821,ehgyz
5978497266,qtqxz
8247928493,ehljb
1204308171,nljjj
5269244387,zgjrx
7471052040,ngkmf
9903580632,secmw
7481188229,lxlug
3111405137,ufwio
1498525694,lkjwz
2787537937,tqrbt
9287323838,mhmaf
2118385746,agcbg
5323267511,ongmz
3922066914,jfixj
5272556438,drxqm
3488231365,aobre
2500689881,lvxxl
7935237344,vvykd
5802497237,gyrbe
4407931405,fmmpf
9393063606,bhmfs
1415127461,cuanl
6470366613,nzxaa
7902395863,kdrbe
4150900224,bwmpr
3198553316,aantj
7783835564,nusib
2597295944,fjoqq
1293346019,vwqwt
2777917846,sdtjk
7134331057,pmnbc
4621155053,njwbb
7045395461,fvkgk
2645300322,qtwja
8186489399,flves
6539115729,fngdh
2545365364,ndsrs
2540312677,ffokf
5658923394,efsln
1585695373,wxeyg
8090917645,fyrpb
8093329631,osauy
4125160534,qvahx
5421182751,eavto
3812571431,jmgcz
3755715500,emgwl
5346726061,gynbj
9209868673,cowco
4104503370,sgvtt
3215503320,vdnsw
6853146748,txjbk
7710949889,grerb
1674460521,whdxl
3278238376,tbnph
8310471412,gghur
1858276472,fpkww
8416475159,jdeki
8523426805,fjqti
7833617948,kyufr
7960187487,mctfx
4638128281,shjus
5262749845,ecsik
2620327048,urhth
8720176280,clnzm
8369525535,cdeyl
4509634836,ajzts
7336204717,lgexy
8514937962,cfivs
9884333068,syvfr
3388482557,zyxdj
3550947256,mskkq
2193731096,svuni
8823307983,pkbkz
8675715892,jrcge
9508525333,upwnm
2171506869,qeasw
2458474508,yslpg
2687598546,qvfbx
7417605867,ffdrs
1863248996,vbrsm
7280759098,qxazb
3133099739,jmhba
3127925277,dlvft
5038156830,kqfsd
1949162279,huxef
5993246600,seaze
5774294679,vezgf
6320331018,loplc
7131566560,itqqc
8709133007,cjhyt
5046512942,keujy
2255444197,vbktx
2713277558,zuhkr
9900950362,ttkuy
8004352263,hifud
3470519642,zikbx
5555378638,qznav
1517586940,ernxm
5379999860,fnyqe
5387730452,ysogs
6795320215,nmjvp
8470746044,warxd
8758959561,vfzaj
4590440745,flenz
4643635926,exyle
5256542853,dcglp
8337156421,iggwk
1205398025,lajls
3892665719,vzlas
8720807302,souqa
3958728923,ivjcm
8346033111,rriui
8444067360,teskj
2768535260,rjhcx
6328422482,prxzq
9855900923,faesf
1650595543,hdqtb
7718408021,iqbfx
4910819169,hnkxv
3133194121,cuhno
4589703600,fgugt
4729238561,pughk
2611494129,sggcp
7307298053,llarj
9893186824,bqozd
4170972360,odhfx
1580421471,fefyr
8268773063,tzkjq
6777323823,klvsv
7857877307,rgsen
8212371167,ipkna
3641484224,iqhlz
7030004021,kjikc
2439469341,dueof
4983479336,qpewx
6321291426,qpsek
8478266777,htmxv
3522733617,umzkc
8207230100,xaqxr
5317898933,lwdni
2234674371,dntdk
8761541685,znkev
4823025145,icoge
8616504419,hiupq
1727700944,eluol
2288125457,xwyca
4705843237,uraqz
2189466320,zqhrm
9677126698,lgmmg
7270691165,jgtkc
1794110713,eosyu
4665092614,alulq
4760582637,jwxwb
4561907187,isbzw
7478371461,annel
7788889870,acdcl
3163610040,hevgk
3549993657,ttwxg
7997547774,nvbgm
5949904741,znznp
5383579768,aurxt
4268762246,swkya
5931200304,esily
5158547833,vvlul
8841469923,maoxk
7128038053,fbdez
5269498282,kwrjz
5727539941,jqplc
8782700525,vmbmz
1344808917,ewukd
5284142937,milph
8529206632,ftsol
3911797889,vkuwz
1149349429,ybjfj
4939200884,cjhjz
8728431887,pknrw
2386282330,pwvic
4927504606,yiehi
6078210111,rfkny
6233740439,looiv
2820212879,boapc
7144072914,exbnm
8559264827,wwcow
8569305808,nenxk
9767479709,emxbn
6959600539,nmbcu
9418717608,lexyl
1647961955,dbpeo
2717850758,bkegd
6553210305,vysjz
7721051695,ckwvd
8058135458,jcwvg
9021216861,yoylt
3696294789,unmbm
9568629637,glusv
6729476303,yzeag
6551666397,jrrtw
8138538117,lfcoj
1435095955,hhzhi
1636397135,lsqfa
8122405338,hcwxd
7163806347,lhotp
9467049247,mvewh
3734982037,hqrwl
6602518573,xdssy
1065763375,wvnfe
8864502632,uaxjw
7856763621,xldyv
5587039598,ldooj
5631746896,dnjyr
1040655775,jnzml
9752435082,hznaf
6756930997,ldtdd
7225292652,vudxg
4347878504,iywko
6830799882,mcdbs
4272735341,gjdnb
9538670467,aagtb
4684956862,bnrtz
3165156297,iefdp
3855128722,smhoe
7458064975,cgffy
9076740743,sdgat
7196240281,ouicl
1510267558,fnimc
4051045140,mprmj
8395170023,ppfer
1271115762,dsxmw
8388885820,ctehh
9576904151,vqstd
2697515423,dvxfy
3129880602,xxhky
8733996283,aguem
3135176660,xcszz
1981206196,qebmc
3548944468,hffzi
6920501363,pcaps
2846240726,euugr
3826592447,jhrjz
2200910347,nrluq
1656476590,egkhz
2094567350,wqztb
7660483209,oxtcd
3352952594,oerty
4422097805,rmsbs
2701920989,jafkw
4889269295,nqkmu
1661957743,dkmwa
9130583164,vfait
1370997512,oeupa
8155162188,moniu
6729846409,aednc
3858095149,udbyz
4791586603,fmjvw
1121455828,zhwye
1123498015,moasj
8431999277,eogbg
1986395656,dopbi
3161052202,cahmo
5019647291,chuwb
2524335508,bsass
9378219565,idurp
9031595579,jmmhj
5279102819,jpocf
3119652007,djvtr
7549758070,cuiyc
5306215885,fsecr
9427272333,wjfrr
2725038599,qavst
7572222691,abpks
6808821172,uksht
9190071679,qtryp
3728636171,yigpz
6063560005,npclg
9577326613,lywhh
2413517979,rtmdx
6545135927,ishcg
5560662665,eagmj
5165423498,kabup
8561645863,gzlnl
9227827132,qylbi
4318206917,qodhk
7824080890,pcenn
5746069138,jbfsx
7390918132,cdxzs
5464567605,puznd
3779580404,rxvti
4471207305,petjh
6185045226,ivqso
8301258298,lwojm
6069120501,isryb
9830647574,riiiz
6585688079,doioe
7523020332,bwlbq
9791565619,mvgzf
4868942507,psfsg
4173221873,btwng
5598444460,skjje
5179444986,djsrh
9559241814,wbhkj
4962241862,mngbb
1246047834,ltwdg
1533478763,tpgsm
4117564942,riaev
5625707805,dqims
1102619618,bfwhy
8524851698,gnjmz
6141896578,agzfk
7041146548,wnyph
8651488215,vosvg
9621558584,qpiim
5554491809,fhetk
1394747102,uqvce
8997183699,rrxkf
8074944671,jkwma
7645978814,uoqmh
6076172961,idiwm
7519445384,cjibr
6657820987,xnmjf
7444923098,xxtna
9428175256,slmrr
6519007204,onyoq
8706100114,dkqjj
8790139130,hvkfv
7103128942,djbik
3164744695,agckz
6692604181,blpwb
1094348116,vjvpn
6332674050,dtytr
7997057929,uqjbh
2898328330,dstge
3097443549,dyyyh
1811837420,ftjbm
6079642134,tkrci
1109179715,pjrjn
1914391851,bttdq
6239112678,gtjll
4803248642,lubfe
6743158622,onyiw
9758674926,xfvwc
7885539699,rqdur
3966454572,tefgg
7886093081,iborl
7294628182,pzvlq
8718334191,biymg
2620700921,krxef
4022453489,fpoub
5788904015,bgtmj
4238007800,ncybl
1422865425,wlcfx
9852989551,ccemb
5622842081,zsfrq
8389498225,euvum
4926295815,msmkg
3033357826,nmvvk
9059768371,rcbnd
6816473795,nzfms
4681509527,jutrh
5565887059,tiyhh
1146694694,ozvua
8363597023,kugfs
3761311688,hqsku
8721837795,pxleo
9934412161,wytpj
9044236805,pryif
9131543451,fhxjd
8180704884,juhfr
1815572091,mulmv
6221820922,myyzc
2888255249,vryfl
7767533027,msqtq
1826422179,wdohz
4111586464,xqucl
1102476353,wwlao
4155079717,jtver
1161279423,yvvxv
9387902243,tvuna
6489295678,xnoxs
5304340199,xdchu
1119138726,tlbqv
5588138206,quphn
6366345809,ruzbz
1344850610,hbiva
8814717244,fszqz
2192385093,bwnql
7417780112,qwwzc
9714430873,gtedq
3186528987,iwqxk
7943941158,wbxxk
3128351460,vcsmb
1500159809,ejwge
1342840859,knmll
5463389499,odxhy
6643451003,iuivk
7594367025,pqtgp
4610663774,hfdrd
8719129565,vzsdc
3545882024,iukcn
7975861724,dneff
8514013389,axosj
5494570626,syowg
1959668022,kxmkz
5477261757,ylkei
8778493765,qzzgv
5448877326,efjsm
1142759506,safzz
6738788719,ljuaj
2896334057,ixtbr
4594692056,zpusj
6714647180,uqbhj
7086505766,iymja
1847159442,zxwiv
5365865559,yxhma
6302319708,hxgoz
7640383288,aqzhu
3489282194,fbalq
5260767065,lbgvx
3076902533,vvvff
1417272238,axifx
9036342349,xplzp
5562028521,rlthx
4169161219,ylawy
3114731517,znunb
5939470642,ipvmb
6269456127,titsw
3430507413,xqdus
9029659921,edskj
7095294967,ncblw
8602679531,pbrsb
6407821523,tycll
2885686217,abdcp
5395689227,jvbgw
9964119770,knaxn
5076707999,kpvnk
6275338104,qjgek
9911946873,rqzpj
5222799895,cybrh
5649577708,bwuol
2394057273,afyqb
8996072491,jvpzt
5565281449,kenud
8861126640,nxoat
1060664113,xnvow
3245144077,rbdkc
1673419620,vuqwi
5061828275,azewz
7281088555,cuylr
7301803815,iaafp
6955143081,dposm
7887809828,dqshu
1361448496,ukgnt
7719872956,uzrgp
6020671952,xvdvq
1186858091,txmgk
5598742910,qzjgf
4846164114,jhcuq
4603952342,pcbnv
3885729553,jvivf
2804441654,jrmle
3538128137,ndhzj
8971472179,ghkih
4306498755,ikxne
4854888428,ziymw
3767416213,snnfi
1868508175,bvkgr
9448766429,otvax
6694059058,bkizd
8215875722,pkwav
4923333638,ydant
7358452398,xdqme
9031796748,efrga
9332319985,piazl
2084953058,yuqws
4549850489,udeus
4212855140,yaodx
3995269201,bscxz
3713479775,jmags
4930838324,hbqfx
9088065262,krzci
2663751378,lwyyn
1279939197,qoegm
5463034783,dtqjy
9981717454,aebtz
5041007344,ynfnk
3344779121,wfrig
3286176075,horrf
2607621412,brynd
9231213451,mllcc
3418911710,maokv
7593691119,fsitp
6578215687,hubkz
1794080822,wnahn
4658056425,owclu
1745700064,fwtot
6235453455,emhem
1627458303,hccsv
8376739468,llsgf
5050674348,uhcxa
4235994694,sdslc
6680898032,twzgi
9350561042,vtxid
2135156955,qcedp
8180126580,qiask
6736942283,ssusq
1968406811,sgzmm
6064649556,qgmqp
1572523328,fgvkk
7211870405,sjvwz
2299888094,wubyw
9923212129,rsfxa
7630887036,paauh
7320182473,wsygh
4008419504,msmtb
5086736006,yrjgw
3161850328,kwwbz
2692040177,iytwk
9156994755,kgvvl
8518858030,kjvmy
4606074938,rjxuu
1435906925,lycvs
1475263290,pbnxh
3439283957,uosva
5401980901,gpvbu
6635363280,dlfhg
8776230838,riard
3554263174,gmkgb
5121818416,piveh
5226490600,ifpkf
7840972690,axkal
9845244538,vxsvh
5701027725,fyrgb
1342530705,rmzou
8342140038,ziriw
5855549074,vxhoy
5630257757,frvod
1202202887,hiuwy
2940206240,mdinq
1590525570,psuyn
4499467366,zvems
8227168667,dbpzu
9555195275,trlru
5884713197,pyhul
3942233299,reytt
9098653057,imvyh
2344665097,htdxz
7510229920,goceb
3831332949,opamg
3372290691,ityxl
6791134356,asdyc
3075792282,iijkl
2508002012,hwsim
8929849619,alija
9901418229,syovy
8393180741,emjpv
5517699474,lcpsl
6769395569,siaaz
6103721254,vpupj
3982986424,kqvqz
2407818067,zhhjg
2334817840,adlmn
8925516552,wfnrx
6368888367,sphhg
6581432594,qoqxs
9416489624,isgfv
3276898947,uruae
6964662925,ckyqp
4527511624,mueaj
4639420617,ufnkp
6533257768,osyra
5286323191,fapph
8828439023,sdvcj
3595520962,vlzcm
6908465037,yoahe
7787281329,dctcn
9019291238,eqphs
6126306483,ymcua
1494071782,qkbrd
4813654999,nfqio
6357998563,donve
7302630569,irooo
2937384340,kkfry
6692690902,oengw
6344956736,bsnyx
1282395174,lczmc
3783384199,iolzb
5570821308,ukjgb
1108978068,urdiv
1727123124,wqkfj
5097780417,vmoxf
3925430848,kvnmg
6615968900,dylhy
5964749549,jfkle
3695853612,fpvog
1857999412,cipxf
3263113603,bvmfs
2771065814,xvgqb
2157678317,qeoel
3630492364,oqntg
8935319202,tpplm
5573971129,xceer
7895979922,ggtlt
9138168794,eepyi
5759567249,crjfi
6321068370,zisik
5030789473,dtwbq
2995330339,mcvnk
1369969937,iprkl
5281512160,idfaa
2744152064,ajtlf
3107417716,sqbnw
4413033187,isanh
9343568636,xtizq
7728634916,wrezf
2044374997,apwxy
6287838791,slrdk
3503464225,ayhfz
7155168492,qytls
4289987362,zmqfc
6933421371,zzzyq
9668862926,frdlx
8997665006,tyalc
9653753560,bpjxd
4936987901,skvod
6322737115,bhkdz
4297425690,okify
3047312284,zojmg
9989811128,ktnck
6299868350,tupie
7186897363,flfec
4097153671,ebdjs
7899362311,rnmjo
1910378501,bpwwr
5767813044,vqsgm
1152649759,tzmto
1585821533,tftkn
8849586445,rbkkt
9272285829,bkcww
2176989461,ismxd
5333795553,khsmr
2156450067,vtbtu
5190645438,escer
6143185597,kpvpk
9071387183,slbhf
3112127775,rvowq
7909766728,vtlau
9351124573,tnnoi
9177391421,koajv
9932092300,ofgdb
9701574755,gefvy
7339994925,wgwpd
3591705351,qdzrz
5808205249,lklzp
9775259685,nmpyy
7687062288,wawnu
7559027739,hgakc
2190817568,fjitu
9704765203,retxj
4720001409,nvatz
1659435076,mnbls
1044085290,exoif
5301247287,pczoo
4931532016,tgqyb
1302787358,popdv
8467469084,nbieg
3747502080,nugmg
4150848669,wfzfv
3428112924,iymzo
9591616282,uwbfv
4722831665,buuyq
9499669292,emuke
8330718063,mvhpc
7507502382,uhmiv
6916058136,qxiyf
3201419441,ndpww
7649360280,yuujw
8607368708,nksbc
8584203061,edpqc
5991100751,ubjkc
1651139191,aaaea
8796203167,okhok
3402483761,iegps
7025712653,annrr
2124366295,wzepo
4732295198,aghcb
6742884951,yklsd
7399205751,tytiz
3099849002,wvved
9721500535,gtvaj
2051433173,vckxw
2828678519,ohovq
5370042514,bktga
4844686510,vslku
1981844283,qzkho
8849649251,vkrgl
5867459046,lglfh
1584317583,ygbak
3677825210,ofqfg
9329305793,qdwfw
1243329939,gpvgq
2559970439,evhss
3874413906,nqehl
2777934081,bzbuv
3928133003,qqush
4994811777,zfhsp
2236963251,koejt
4063364745,yizma
1143794089,zlwcn
9238668059,ieaid
5955594976,ublql
4597540408,qqaab
3480634387,aamkt
9315933964,fqxcf
7400502960,zfxrl
6840386212,fpswz
2992631369,yudbr
8946391335,dqbqk
6526386143,zxsmi
2690630896,bzedz
1960868743,xdvbe
4952722086,xiymw
8910199337,halyn
7510055632,lihhi
4799776974,jzhej
3239145401,dsrpu
3413372436,hfhhi
6677063986,uexbf
3055293601,jhitw
6563130462,gwjbj
3522244041,kexod
2624273611,avtyt
2663110181,tjzsv
2314247613,wwiih
6262145629,bgkpt
6775665084,dqkhc
4376861265,mwxzg
8408566093,sdyvh
3169990442,bnndd
4969901395,ozhwo
1533939655,qizuz
6189623931,xytni
2356324482,dejot
1840047246,idhzy
5364503052,lenoz
9316115440,azhrw
1997158729,zjfha
4847060110,zuhvz
8647146845,uwspm
7562281877,wikal
2855913117,cjngs
4510194429,qoooq
5931536773,abyuf
2053327825,nxzpr
4503024624,wfdwm
2844143828,ywtqu
8541216417,qcysl
2016488919,tofro
3699783990,vlnox
6798426534,usuig
9807325386,ljehr
7213181456,vyqdv
6823795344,hptdu
2567183777,eoihr
6582303595,uwppy
3433750965,mybha
5526468257,uifwu
5095197106,fvljc
6593956717,kxhhx
1475552043,uqvpj
6095432011,xkfqk
5280131146,aeiof
3707655950,vheyy
5654237528,jfgqj
4139662841,hswbp
1275494276,xmtkd
7283665823,zuncl
2757103261,kptac
7873838987,hdhqn
5153296337,heisa
6341924093,gkzks
2279997986,krjzh
2885131684,pmdcy
8090198150,viuci
9656767950,pxqde
7721673079,odpjf
5107257398,nzfqh
9962781480,wcojh
7886310361,sqxqc
4903985397,nyjnk
4496751164,lcyin
2915873880,uwdxr
8584736272,ffjgv
6260716226,xfuyf
4727533677,ctzlr
2984614922,jrnsz
2947244693,ymzzu
9346443392,gkqph
6869689733,lnwzv
1474626740,qovyf
5671236599,vjpce
1426881411,izgaq
7028620283,fsime
4388037740,sgqrx
2164806730,oocks
8824809122,yzrck
1079395687,tnzfh
2032428632,mjrbe
8271292731,halil
8159283869,zpnhx
6932589422,btmkt
3195359946,lbwwe
2579683191,ypbny
4785229530,szlon
4879732258,udkyk
5826919787,wohec
3931779337,fyfih
8090849774,jpwpn
6733222488,mkspy
3180255442,jispq
1164770118,tqnny
8605843039,gwtis
7541504910,cjsjr
9951328550,kkrot
8367781139,ikmbc
3982903758,cjkbj
6949095385,drozy
8823107824,fztsd
4381300342,glmso
9799861743,mbicn
9293383064,nccjy
5472127327,bfvpv
6052955829,ebzbw
4151665206,likfx
2744431152,yzbzw
1222037081,xbcdo
7335066370,lokzy
2015885763,vgool
4715316593,xmkfb
8171741047,amsla
1033817842,fgcsm
5267924922,ksmch
8685653951,kurqk
7427309836,bnibh
7046249065,dbdmy
7783654520,igngb
5688930814,ryhtk
3922351593,wrhhm
1472767483,bouio
5744284839,trtzx
2824818111,njwvy
4746492857,vnzpu
3832793451,rtumq
2896699785,lkmem
4398412618,yvmye
6257518530,hzifq
3696254000,bvoxq
3491168268,csodd
6498067226,uoijr
2246176147,kwphm
9019079296,dguvb
9593707779,uysax
6904199165,szyfz
3341867670,qbfaf
7022083716,twqrh
3575388826,awlvp
9272563497,adfbr
3975349075,kdifi
2781714924,xvlai
2450481750,iojlk
7114841300,vezgj
7486835639,mqrqc
5589312986,ylbez
4660810669,lymym
7364866781,tvxmp
2923393812,wtulx
9464514585,wlits
8357660718,yjycl
5325010078,admma
3660403209,iohie
7260306871,kheop
3239764617,aghex
3171359093,ewucp
5820954653,atfiw
7813460353,mndax
5525205518,ojvxf
7936941429,mdpgu
4108720588,odtyq
7607422285,lrxao
3451702538,bburx
1276082420,wxthu
9792055659,mzeka
3582245636,nzjwd
8690491609,jfffp
7145400037,cqirg
6418402721,cndov
6758415431,dgwce
1888887132,kehan
4228574599,hxkxc
2046540056,hirka
5789815597,sgben
5390127585,ukmdt
3908544920,eiqtp
3775745212,mxwji
2674724937,rxwst
3127853320,saewr
4226108791,ylhso
8940129545,frrkp
1478417837,biqel
5312468317,rnasf
9185794641,dwseq
4293108860,hjegk
2419658557,lukeb
7088625635,qlgvn
1642012135,ejmov
2327096417,krork
5960501620,hpgsi
2015801182,jkinl
3223527926,cplps
7708615841,ewzov
4182694904,shkse
4641749649,hynvg
3255726397,sfmfy
9458718057,fwkrv
1933705883,acaha
8352060737,beugs
8959831630,dzyxc
8805929553,bhgek
8569764715,bctxz
2363068512,ogjwx
2391863400,mthpp
7271440148,etazv
5816940216,olrxy
1448084029,uijqw
3413902095,ornfh
4871871699,xfxac
9271448802,vqbdx
3238659111,mwxag
3887434981,gtzyg
5512824084,gdphl
9918656251,gqike
1435612882,gkxtu
5732966674,zyfmc
6895387785,rhiya
2428658010,zkxty
8627642333,iidra
8392811881,aihcz
7613260914,akiea
5747440642,xgvqi
4601732180,ehbri
1435543919,vbluf
3033293044,pxaem
2452690988,xmcyg
6608441957,zmmnw
1849923172,gecrw
7694422105,rnhvf
6754306504,gceds
4133519586,uaqka
9220058596,zhjol
8863378929,prdia
9620495321,trjxc
9409454901,qfpcd
1210384661,bthjo
7146053250,yhhfl
4420074321,mimpa
1836735937,gfebt
5745543832,johnx
3045080451,dbvdz
8603875970,cqxid
8632373648,uktky
6167784399,phwyy
2555963474,qdefg
9010597128,nwzne
9753171399,nbvxh
8617404858,jtwsf
2924359634,sdkst
1639538240,avyhe
4932409935,exdke
3221255156,jojvf
7827563577,zrcep
5708538308,gqpci
9476530462,qmxvg
4313336996,oomcy
8124921433,xgugh
2368532833,mhmgb
1847345352,cukxo
3217639462,efpys
2938944083,ctpbu
7531596880,ecbkl
2037211525,nuopk
7043298866,mozil
4542485736,nldsi
2235044693,ulbit
2977686183,rajfb
1242048909,igonh
9093702842,qyogi
2605750919,mdgak
1600430053,wkqyz
9338232506,ttvvj
6760710802,bwtds
6036213432,gawyx
4050418141,gdefi
6640465061,zmykj
5895911925,txchi
8236431851,trmhw
4872191410,cvmgk
7223926453,uharq
4833100176,wvvxr
4178804339,wwbpv
6733672961,hlqpf
6726890456,uwykr
2938243636,safve
5898212594,kmgep
4901451349,txojs
2751795178,llkwc
4995562805,kgwdn
5301546543,gmcfs
8032900084,hdpfz
8378497964,hxueu
4401416599,vhuzg
6093274413,jporl
5074964779,lqzbb
9817739191,xvgxn
9319231785,hamhm
1419258069,hcvjw
3265640193,spcqw
1775689686,golza
2137539228,smrab
1277024491,spykh
2279034022,mjcoe
4731393172,bttlj
4302303890,jodxx
7820814966,ljjmh
9849696336,vdztg
1339586197,ppvam
6922587729,utnpc
5227219854,ijpdx
9855175952,jndil
3325681159,dwwdr
1887361955,hvuzt
1688533265,leads
2625823177,kpheh
4768963082,nlxcb
3469176340,wkkry
6263537665,uujpp
7150790170,lxptv
5983026522,badcr
4392943403,wgrlr
9132869988,jlaol
5830474832,kunnr
3091664294,hezds
3831816890,rdglf
4700872340,uxihl
6888415247,lstcv
6057897251,lpomy
5793886815,rcxwk
1319311711,kebxb
2681259255,pgvhc
4322131763,gmudp
6438822523,llpbj
6377991335,nuoiq
8631997193,wumer
1809966957,lyvoc
7878297022,vrqbp
8003290164,tautr
6290565797,fnuil
7113515240,pyyuz
3832810373,qpajc
1892362228,ejdrt
6742258746,zzzpx
7282809281,hoexu
3924721524,zuipm
6517544346,uqmgm
4840973296,xpghg
9277062383,pywom
7375311490,ppuxk
2334181372,madbu
6481507186,txcdc
9093225305,qsznb
2012515356,wavuo
9736191501,lrmyz
7980078606,wcgao
4424793510,qmcao
3438826880,fuqex
3545286831,wsfnj
2824032342,wpspw
9021968305,cinue
1758613347,lfpem
3200878985,nyhte
2107924783,tynur
3248587165,thspx
4724651959,ahycr
6256247543,hmlms
6721120898,ojwxp
5066401731,hzlcr
8688278613,tzrcu
6048824463,nejis
8760160835,nmles
3454533774,cobyd
6016221795,mpgmm
4450243372,ddmqe
8071471295,gojsk
2892411202,shoqu
7676090100,gmhad
8839816302,hhyvi
6528928452,pdyld
5642575616,kvecx
6387093179,izwfk
2595460706,kulgv
5360742055,mksyq
5160531224,ivppy
3643456654,tyfjj
3878391120,trozm
3365943623,gzfoo
3706578066,dpcvi
5882014845,khgtj
9386307657,vxceg
9586983851,jtrxj
6196972207,aeyzr
5068628187,plqxi
2671838015,amrpc
2335964084,akvoc
3138196590,efvry
7789790428,fjkvd
9596645040,uxkgc
1310827639,mbqdp
6729802144,vlxpd
5840264529,bbnhg
1413266388,eijnl
2202235174,eaxap
6149473092,lfqkk
2937668608,unmcx
9285826675,dgwfz
6681255296,skccr
1930065844,glkao
8349473879,pivup
4647918659,kfjwz
9454644268,tvytv
3148259518,wyykp
8372348004,iwghw
4171906757,mgkfr
7433699443,wfgju
2594332540,zfqvl
8384984886,twctq
4212748315,tsdhp
4112250328,dlfmp
9957342670,wbceb
7456428959,kcgmi
7928324745,kvpzz
4780537352,vhbut
4913975110,ofkak
2709427268,skypp
3080274211,oyvkf
7363321781,nlkrg
4510575460,qlpvi
5407363017,nbvro
4634778711,odnoo
6698891063,ppwgm
1290096767,oqzng
7701161006,mensn
1062821226,yybgi
8975662849,uihhm
1613034231,xhpqz
2039434629,ajxhd
5382101288,haanx
9292015962,fjlxl
1134976098,wanrx
8126931313,emoyh
8554150762,tduce
3633435491,jjetg
4834191965,wzyjw
3117048975,lpmkk
2242252117,bwjpl
5477291224,ukbfw
2642284866,xabxp
3266358304,gpavf
1398134597,ztqwa
5588554638,nymox
5793923527,wrchx
5943450792,ofagn
8228139886,vdcrb
1106651830,zeief
1954187077,tzoxy
8929295979,vnnoe
9842606507,ydjuw
1028448242,nubub
6372157458,avsii
2294696396,cleqs
3611450977,nbcgp
8896451907,omdrk
7516327339,iknnf
8072058176,mwbsv
8916723394,bpmsj
9787060208,wnsgp
9128928003,oaohp
7998718788,olwbd
9702286699,ygyde
9239368375,gfzvw
3889530570,vdcxy
2985152781,cpuou
6402912711,rkjhr
5989567304,lvxqj
6912567987,xwegp
8084455518,xxdib
4562733587,wxzlw
3582332920,yyikx
6372438236,iddwm
8939473680,dzdby
6038118688,kosls
5735883901,jfwyu
4362746364,eitqr
2096504986,bawjg
9880367507,wahrm
7148898005,aqfke
9759017883,gkesm
2231472962,aidam
8743020406,oweum
2309169684,nqbow
2432205904,qanxw
9148115531,jmkeg
5299727937,mobde
9266301469,lrjgs
7841406396,hipiw
1583655289,yyfak
7053540574,dciib
6119745494,rdcot
5738004405,qlnua
2319339604,ekmqd
5575317001,zmsdh
1823035239,ipirx
5284306734,oaqqs
2472978090,tfjqn
8633263269,mahhk
1071201771,hotmf
4129362910,xsndc
9795881680,xxbpa
5562889100,ocmdf
5027149005,cfmxp
4326165169,oqyun
6321070309,upvcd
3635385998,tmrtd
2272128723,cfdyg
4988649380,fhlvh
9851109416,ifdok
2142896151,ghhmd
9962680219,excwk
4186940004,eqhvw
1760018059,uxuah
8783328811,tlqaq
2291201794,jwnxw
3210287898,saxww
8475868145,xfcae
6874068324,onskq
9297012648,vrmbc
5663813292,xvbge
3261739950,yjjvs
1608792138,chqdt
5784929015,kqskz
9235327563,ifanz
2421493344,ralfc
2256265200,vukku
9869116208,uupnf
8434089910,vihap
5425878173,ckoej
4594207391,zswzv
1369257030,akxrr
1500504574,rbtdk
6587306853,iixac
2999603518,ilfjf
4355394152,cphpy
4361666129,raowz
4321677349,zivmh
8043895360,duvxy
1895778686,xabmq
7887636665,ppooj
9288351127,khbsu
8983731440,fywwn
4627348989,ckwvz
8199708760,flwax
9752488517,phtdo
3298174766,koepq
5736182299,odbkp
2272107634,lfmah
3905941179,pgwhq
1744917465,wzmlz
1922808434,gqgve
5976971273,gmevm
5249827652,onemv
1897079539,hleox
3506609662,yxnwv
1459563933,tqmnm
6441931957,fzvet
8777334895,lhjxg
6823461519,vaidp
1374689592,wjaal
6834925860,xihwf
3326726133,voefl
3346371737,kbukh
5697230419,nveqm
3727861585,kdukm
4152827844,uswiw
6531358972,mwubr
7838449609,xysfd
1184831602,xnaek
2713911209,egugm
4414764919,ldrng
6791783539,bxfzb
5771379668,zojnh
4158097084,ytklc
8710519413,iiohz
3619819769,tchuu
2579034053,nmbcd
9017588457,mrlmt
1301006925,vowmv
4643124421,qelqz
3808988138,ocvng
5514099490,lrpeh
1678472453,halhn
1174825666,aaxoe
9029873311,qnplg
6926483135,lezko
7104657124,jjkeg
3941592261,nfhtx
1085257936,zpdlz
7241070936,szjmn
9525561659,pbymr
2705254621,dtsta
7634472401,ppegn
5995205523,kbnpv
2249057903,xmjpg
8638013161,hzxjf
5083845875,izxqb
2759358670,mzgfh
1266697394,stnzu
6859288479,ryujy
9919193853,vbgvv
6733482295,rehoj
2697368832,pzuqe
8021018086,ccbwk
4611908693,qvnme
7790727691,outkw
5089111023,edvcz
6135865286,boyeq
1615073145,dvkvp
3511450760,ctglu
2996872655,vgcrd
9437099991,myskn
1603978530,vdmvb
3359943169,gqthl
2826660771,rsqjr
9122189341,phbbq
3526118391,rddjt
2741831875,qtbcv
9047531588,eefta
7624118550,atryt
6096623520,fvuet
3279841071,cmvzt
5460212329,ymypb
4996322687,zcvjq
8141714896,otqud
4603681713,zyjea
8215246054,fganw
3921288653,pkgdj
6469407479,doonh
7932445830,lvxuw
9764606765,varhc
2692829607,dgfqh
5276041359,hcgld
3231241051,esfcv
8383293345,pahfn
6124400490,xkyaz
7726186559,qyluc
3398193357,wkehs
3757575497,hroeu
6202924452,cgcxe
3659030415,lfieg
4675164940,fkxqe
5003013581,hjpab
2338155101,smloh
4582801300,gbzwd
3508568384,wkpav
9104435700,rbyaf
2311962831,tvjfd
5256298097,qgsbj
6157097495,rpgmy
3766234448,czlzo
6822541622,dbvvh
9610673730,obsli
8249158653,oasro
7637846850,jzyps
8129080214,jxuea
4463565009,mofzh
4688053908,gyori
2329378642,hcdqg
3861012575,irkfl
3483284630,cpxlh
8608588179,wlhsf
3629781797,vpohr
8483153994,llosp
4779416391,whynu
4754331509,henge
5214220587,ursyl
8901923637,gyvfa
7739535899,bzbft
5211555006,lufku
4642840412,hkxai
5121341933,taaii
4699783026,doubw
8111441639,nurcp
5043348931,hpcgh
3932481811,nvtwt
7701248228,stpjt
8512523309,hjyjm
9737882360,nvtes
1529125691,vnroa
1781879544,tskdp
1560989537,uufon
7141542285,xmjsn
6280524369,jzwju
2899019799,ashum
7031232899,uivsc
6753543618,yaomi
4682915856,bhczb
4367113922,wifga
8194566180,tuskx
4870433309,ttkbc
2723311344,fexdr
6901533089,bkxiv
9080236459,rdamm
6803523456,phldq
5174025807,mcugq
1347071695,jdjce
6217054745,appeb
4020586125,prhcy
8336274062,kiujs
3063361398,jspzj
1454489888,lbems
1807855162,grfqe
3208771857,ubnfb
6637214510,bknjx
1529613829,adwjn
2944062843,ltwca
4877193558,thvki
8036111172,hfzwo
2242090225,smzyr
3394073792,bjppe
4114853405,gzdzm
9249011920,idnip
5357047941,ongqj
5034269275,mvhfq
1884513812,jiehd
5998473687,jukmr
8998197110,vbamm
2784238635,zlcqf
5822198096,rkwnv
8392017318,deuhi
1571660717,azcjf
9798280528,qtdgt
8992637269,xkpru
9966212545,wdwsz
2692884262,ssbnl
1320397225,qzucj
4437494670,amhyf
5064750786,mhgaf
4710037237,ttejk
2521595371,oofqi
4604597457,mewfo
3506387586,erwrp
9565257764,apwth
3149145052,evzmf
9661915990,lhpef
1708582538,ubmnk
9824220427,yoyfu
8967147789,wjbfm
4861338280,wform
4949073056,ggqug
7297418631,chvcm
9483958409,egkud
8665202733,xeowm
3724493731,xohbr
6864837978,qsbbj
9610335340,jqiim
2746486622,exakk
6596082486,dcnyl
6216169208,ovncs
6397259963,tvtiu
4061129391,fswmq
7725059400,gigit
2746199853,gbwzq
2251141521,yzcly
2988152322,odkuh
6625720191,qmzsj
6963340630,isgvt
2209456203,gschw
5209005196,mbvzk
4861334778,skcfr
4788726218,ijbxj
8356457202,zthcr
3033502845,bxjuz
3687137601,iudam
7663402458,omlrc
1580201011,wudzm
7082282795,rywha
6298029779,zfqzu
6990625228,nfpqq
7272941275,zatcw
9206012116,civzq
8280071821,jnhxr
2682685293,izlmc
7492004081,noieg
8179314183,jjayt
2238633241,lwyoo
3922211170,hsdde
5657025037,vqdza
5796598925,vdmsu
8094228389,dvfex
4597419869,tupbd
3870352016,hacmy
2172330366,uxliz
9177166479,wzubj
3309735637,dpyod
4247756300,boele
9417381258,eqjqm
3702215663,vmjdp
7728970792,bmqbb
3814018540,esyod
2737910776,bchkr
6278064804,tsbvi
9024820348,wzwdh
6589923721,rjmeo
2850407576,pkrzv
9885030166,kitad
6298830059,gbkno
3260289384,vzxqv
6516638118,tlekj
8153769569,zjeuj
7533510587,iriqy
8689388760,quhri
3416359614,hdmvo
4035066585,awpci
8755369444,dmixd
2173557764,fkbxy
9492388754,ysksf
7606328493,qgosx
3664409337,uwdzk
3091077766,lwcvk
7108188904,unrgp
7591325777,auspc
6997709129,knmxr
7412451445,rfrab
1624129005,ybbxq
7457867697,jnzju
4113826860,fktdu
4450109949,gfrpy
9690368145,jkjes
8602066583,plkvk
6153107724,yyceg
6916691019,xhmfv
9352880146,kntio
4387451526,jhydm
4984920336,ikgbf
2626118963,nxrhk
7154037169,talha
4074997834,bqzdk
4893711505,ailyt
4810069277,pinpx
1436989534,wryqj
5211334458,ysedf
5267781046,nueqv
7443656793,rpqzh
9605746466,vsmgm
7234698804,ssmhk
5150480514,rwwtz
2293659678,qpxrm
8583648919,vhguu
8891272706,wyzop
5059002766,ttoyc
1704729644,dgqwj
3457187143,ixqgm
2875884421,irmxt
1092190195,yimfy
9553336562,grvep
2693792124,ewklb
1191991071,rxkcp
3775074048,xzyxa
1083884198,fuzdu
9062827817,umqjl
8815549375,jqegg
7391417470,bnlcx
1299242069,ttymg
2331368995,lkwxn
6426447670,aiklh
2987288791,qjqlx
3745707623,hmtxz
7743011578,letvn
8036651513,tjhta
5634742324,ylvru
5717884128,cipkq
5641660822,rnriw
2110619552,lpqsx
6358822700,gdlho
6023657972,ohfmd
7701626711,edhbt
4466988975,xdjes
1927009505,danpm
9803108810,igpee
7396162725,skuah
5143443119,pvzjq
7495330453,dolct
3013577825,tzubv
9534847658,qnyhw
7898558179,qgiwe
2778902309,mcolx
2412355128,rynhx
9520189121,fgfsp
5896567904,sqgex
3876130833,dxehe
9641818691,epjvs
5840955595,ewuzi
1673547231,jcazr
2343325528,dokqz
3295431276,crpze
5042347495,unpnq
2186640091,exayp
8506273455,zdguy
3604499320,bkelg
9344532295,cxwua
5975153947,izdvy
2474961548,dtvsh
1736147816,hkmes
3707790508,obvki
8966354295,fmvtd
4701075002,tvcil
4000679076,lodus
8055712331,vbgwd
7402777325,kxofa
9722639550,gjsfn
8922371411,bgicr
2434455860,ixikx
9358950616,qvjas
9311035590,siqew
6824881833,hjcej
1926774864,cvytj
6929541264,wxaxg
4514186748,hqqvn
7224224036,lfltg
8813285622,swqkn
2563175988,djeng
1890675924,rbchr
9710579997,ufmhs
4084562814,mpvgs
9681418665,aibpl
3909912541,ombkl
3045705764,lvnwh
6495575777,lodbm
2587484072,onqou
2584459845,isdym
7722022753,mahga
6257879586,srlxg
7258043155,rwhzx
2387955249,jytar
4164652388,tnsps
6520315845,dadyf
7224175831,rtmfy
2160775752,ftgbn
1946726302,safos
1431667134,qzxai
7877753522,ssqop
4967086547,myqzk
7896945622,pgquk
4120294335,ykkxz
2335148819,lzydn
5534528424,qbigc
9750393968,vzrop
7481021103,vkmwi
9335728541,zecue
1777586463,sutls
3705564575,brshp
6738161963,lfqex
1041342725,ltxrx
1114506347,vlita
4429328118,mkfzo
4932074319,wnwqw
6652554428,uyyhl
4998870392,dbbax
8943951031,ywljr
3450008172,fdkdd
3392420887,pwkwp
2939266704,lhltv
9832445720,xkiof
8671205460,axzqy
3651459495,camcy
4716853132,deivu
9667011573,wfsvt
6388300769,pmmie
2755615597,ydkxo
4605400333,srnrx
1491104936,bayyo
1479184125,lnood
5167460811,zezmg
8059464643,jeige
2569211181,iqasb
9354374023,zsaxz
4240776934,cpxlo
2128052758,xogix
6910788600,oidup
5948708839,xoobf
8073993891,zgjif
2580708428,iiqou
5692945309,vmage
1669966728,czgaf
5616406042,hyuya
2024939083,tsnom
3399994504,sqols
6636435839,rxtcu
2017510213,tzbbh
6669216991,evihw
3998765244,lidom
6006228954,aqzjf
8221761077,sjvlu
2340601504,hqxne
1117662480,nnzyw
1989330746,hwksy
5513871157,lerep
7683711218,wugxp
5003076951,hllqd
2271578195,jsbvz
5711525296,sktmi
4770103560,cmkbt
6789837090,ifswn
6195422207,glgyx
1352612153,efiie
5907549474,vsloc
4436510662,fgrpm
8245370775,qqcfj
7864126358,phtil
9117269378,lykqr
6179748708,pfprv
8291450825,gdwij
5225377486,ocftm
7088476605,wabpc
2349670538,khpuy
4491228985,hnjtd
6418123160,cbdtz
2986092914,tehqb
2411753657,aoxgz
3247419038,urmbp
6779819588,hadpf
4189578630,bvqao
7921651731,kztml
9883024165,lqknx
7882266467,voyug
7310197068,tioxr
4431569436,avqgd
2282402191,ugkpn
8749775059,rqnfr
3249471912,sxxbf
2921854063,xwfxr
6827712567,nycdc
3428646067,fdiwo
6916740538,qcroe
9665448694,cgvbx
1008388723,aevri
3050536193,ekgkq
4007137002,gjeat
7079554972,jplbk
3489506719,mfnap
4901522521,kitbl
7362211821,yksme
5744647978,rjpww
4512721008,mzezc
5739113248,znhpu
8593421088,ywtah
2701674472,posxv
2110355587,yveaf
5557491325,syefj
8826235796,xbhbg
3667957879,efxau
9778864697,ugqmr
6901679749,hjwws
1970001762,isdva
4074933641,lozie
4922648783,ekxkx
7557457083,qwilk
9498310959,rlpje
1068056547,eppac
2404258134,stokg
1560305886,zxncf
3988215271,kyipw
4725409320,zbzwn
7815697632,jelys
7631480771,xotph
3758471270,igrge
3212004371,sfdcx
1592460540,fztyt
6463979023,ilqie
4944162681,tnjwf
8648495281,tpdfb
4142167685,wavwv
5165023676,nikda
5123323646,frrpa
6669144807,uegph
1410004442,jsuuz
6776874954,odgtj
4070768705,gnzgg
5218698475,mpidl
6539813545,ynqmt
5731704169,gkleu
5104646901,pvkjh
7024494339,seeln
1237985539,rrplo
3435954021,rwzkr
2325382279,ionpi
6625848821,rjtnj
2743490325,gdnlf
4108127199,tflrq
2046801326,murrt
4476462843,hncps
2094811297,rchiu
8714107303,vlmmd
5845462624,iikiy
2845439512,yvpgz
4959293542,lckkd
8775410073,imhzw
4867091214,djalt
8177766073,fgcqp
2825176066,tzmmh
9540975497,vsckh
5828858534,ihmra
2826462660,pcuol
9759990614,qzyoe
9654817058,verzh
7974373473,wjcdn
1656766872,mngwv
5343795195,ggphi
8308272749,amnwg
3303735682,mhtma
4206581771,vnqia
5839104000,jwqcp
2438974280,dzewj
4752609437,dkyit
9419803954,ptjuy
6972673214,qdhiu
8619874869,gbido
6334943894,zmphs
7959692848,mbdqz
3404500216,jepts
5345646800,jrdjj
2977595508,akqrb
3366706892,cvgay
1719025937,vugcd
7401597515,lvcwo
1444926200,cqurl
3077085949,odmds
1043922704,axvjv
2190974603,uvhgx
1093097214,ekern
2542574562,rbhyj
8733116010,ahdwp
9956822669,umcmy
7803529235,swusp
9839633535,auojl
7649369563,wjoud
3421379521,wrwzs
6676510554,zdpqc
3227307944,iagzh
9991197183,xocxd
8741123097,bfedu
6800685172,wrgog
2213787351,kthra
7192110630,zgglt
4976562235,jbioz
3493541443,tpdhk
7147296655,egfaq
9990337101,ijqjv
8147953704,boxba
3852069815,hfmtq
2553498328,nyudi
8326832262,dpaic
9294003315,zjohc
6013362987,hqgyi
8211284052,txhlb
7729131855,baanv
9141562613,zxdgh
2209741569,vgsdr
2204864568,ktsya
6776615718,gnqtu
8110368680,qxktt
7440655337,kgxnt
5454352162,kfktm
7505971483,bgjtk
6522468161,cpztz
9740749258,uqrgf
9004115281,hbysp
4122761748,gxjop
8537936108,incsb
4403751835,bxhmb
7582951219,exozg
8253361087,zxhda
2878052318,oiujl
2998584223,pieqh
6162119112,amsnz
5340196746,rmcba
2780660413,egcdh
4493054112,cdetf
1111690175,ljvtx
2516652994,jkpvd
1924623974,bgtlv
5663665034,nvoaz
6424891568,armgt
9860026841,ymnwj
1748096603,vlmur
7194935021,jajdu
2622654047,gxgxl
9940680988,rknbz
1664795384,xhfmm
3248642835,lcuia
9387912535,vntws
9723188346,gsroj
6561360504,sxjed
7110769681,xrawr
1869671866,bkvee
9126866121,tdmur
4831981626,zwvwg
6916700358,zpoum
4115462696,nfrfp
7989002764,pyklp
2500915526,lkjse
9751256025,jevmu
5530181910,ayxam
7895063156,fisur
5289431283,wkudv
2636525836,cizhu
5682967681,nwphv
4453215932,fdhim
2833744391,sqvzx
1477182251,efzab
8401881047,sygty
3413477554,shpia
6876530307,yjytg
1301376562,evjqo
7424062607,ttkxv
7753121618,lzlph
7496584275,jfdtg
3887972903,nwgzf
6955186181,xtsun
7620629484,cpdcp
6861575394,wilix
8084695787,ejoop
5880318728,rleei
3622225323,bqate
4376228638,diubu
4024496594,tenpz
6082367550,knjnq
7809154632,uldcb
8937032480,tuzcn
1312154164,lmysk
1692871954,odzbs
8221552672,dmnai
3898231598,igpvh
9840958316,mjrza
1339818588,otjqy
2249049353,cezav
5652207431,ndkns
3025500782,qanyg
8713064005,gdspg
6189549281,uvxbd
3143883212,uxgns
4491733526,myhyh
7597820905,fyyap
9348168318,zdttt
2292291027,ybfus
2514905443,yakud
6100196023,gyaxx
7356648766,kicih
3022860232,aalgc
5447616900,aysuz
7519134916,asulv
3979627679,vivum
7163612312,gkhkj
8938322360,uezid
9389143511,udolm
9990040834,hwelo
8049194199,yjqhu
2494647205,pelok
9996423617,nqsxc
4140451463,aewev
8541042638,mypuu
9182948136,qvgqv
8529922222,xztky
7450177307,kewbg
4760768968,lqnsi
5067486480,ybfry
5056732252,czkmb
8250109401,zwrfu
5698210618,ddtnu
5618928242,iwqqq
2456032756,ioinj
1360176038,ersjl
4594313022,cxizy
8037978880,umgag
7596841368,cjnnp
5019742670,sffim
8632770337,ljydb
1195007191,cfomw
4297304998,pihba
4455757802,vplmz
8882967069,pgfqz
7659043645,pqfyu
7377809701,xqnfx
5456420593,radni
4820324806,covnj
7351479460,lbhup
4524792453,lszvr
3044483550,bhyqf
7083046637,iwiiv
7145010518,bjfbq
9274159582,xkygm
5300062886,rguap
8273889265,hgkbd
9245950708,egvtp
9705856840,uvzwt
9690276177,vicrp
1255667874,uxkik
8629533896,ixuax
4905842694,whyvj
6545738712,pgmkl
7446461192,khido
1302006219,kezqo
8026762594,nxylc
8581839485,vcqbr
6700580307,mtvgp
7746404558,reazd
9888658994,ckxwl
7713824816,uujup
6380620504,acntn
4390870182,wqeyl
7754484475,hpfwy
7135510914,pcwmd
5126203501,jyczm
2560872367,ljsva
2277678762,bebmp
5177223598,cxlsw
9499045741,jozlt
5507646452,nxhwa
3381488098,wlryv
5141444762,gvjpm
5911834829,cziyg
7479869790,fefpw
1228710198,hhftb
9511913031,hhjlg
4969117932,abhwl
7655693250,xwlbk
1357424560,pvcgy
2811304034,bdziv
1943792782,zwqdh
9626283054,mgniu
9431759222,ofvkn
2955615519,zpbqw
7274414837,grzfy
6389705480,stqkl
6112891101,niqrs
3239217275,xwccp
1109884229,vwbnr
2093642853,fcpie
6922836277,vnlcj
4471899051,wggvj
7260016009,wwjig
4288419799,okzpv
3438361119,fktic
8146003434,aaplt
2998512580,hffnp
9967023312,vhxay
6411586180,gygxr
5970116960,mfzdc
9808130648,oqkzo
5267906916,kddpn
4199179516,jclbr
4311581826,rntgv
8064926725,vfpdj
2134987671,myhap
8818364403,erzqb
1509562845,imkkk
4438298932,izhfp
4515614628,hahqp
4772059476,ubtxr
9011247675,nntdw
2959215556,denje
5079592806,qdwgq
6696304205,fdxyz
3945535324,uolhv
2756578494,dwnsz
6572599417,mbqsg
9675568417,hupzz
6408719622,nmvdv
3496601716,rkner
7546963718,auxpq
3896818262,heaye
9612371718,fjrxt
8097456758,qcake
5288820573,hrjbq
2934945274,nwypd
5219247401,plxll
7107172885,vpgga
2675756639,dtcug
2621469763,rrdvg
4348593831,svtdy
5584038364,swjyf
6113498690,yffje
3900695799,drfvn
7131963076,lemna
6382585519,zpaei
3449206769,htzco
8527898427,mijwl
4412106712,wmudh
4246750997,cufvz
9725050871,buyaa
2704006913,nriud
2455192423,juccs
5445289453,sofuo
1801964521,kribg
4600491013,gvsat
3434691095,ekfew
9809749508,rhelk
3626020045,qkrnd
9082730465,yttvp
7665786075,ypvje
2231948451,olzku
2740456503,oilcq
9507460591,jjvoe
4291168799,puicb
3320242107,ighpe
4028099651,olazt
9400372505,rfyhv
1714926829,imgth
4187787596,ywblc
1233846825,qpkji
9336440675,yvrnf
1301808570,nhnlz
9845007704,lfgjb
6048608462,dojwn
4598313491,pxvjb
2263249417,tkbfj
8742392847,bwjer
8349463956,aatda
6634452415,zyimp
6767144191,dcpzn
4057532003,nfxxm
5005462448,fxtrg
6459705894,tctkt
9653814376,itfyo
6647755746,vsqmn
8448131792,bwkzv
6524615192,nipfs
1224037446,yhlur
8310671080,qfoeb
8731556990,pahec
6993024824,ogsud
1466478407,mplsq
6333556471,texpu
9418706978,acftp
3321305635,odibj
2804437011,tpywx
4683864473,vevjr
4286725064,scwwi
5380263993,rejgx
9552314976,hysbv
8777704550,cuzih
4020017094,lcbnh
8814375760,tvsfk
7826930217,bbdsw
8250730644,ehrae
4439128350,xgweh
2743974474,dphfo
9651791900,wdvaj
7358448695,mudxj
6801086566,bmuxt
5653001761,ougsw
2039697333,dwjfq
4962980737,gfxag
7599847094,uoufa
1157722706,rnomx
9544670159,qtzfz
1057338729,gglpz
7899440213,juykm
4584190818,waxxd
2057437487,wepuj
7959305097,rbnmv
6372896960,rlxty
8957087148,vnpdj
1434163257,ulmse
2913216290,cwyfk
8336714545,ymnes
5879298470,zaeyq
9630393707,eldkg
2814879833,xqlqb
7638437894,aajqe
6609717970,ddyly
7999961139,auxet
5468583815,ueynn
1018767205,uxnnh
2680372472,ohqid
1643337778,lrnkl
8337259403,vmors
1087949283,cqdna
1164843153,taofg
8736889744,lnhna
6483446141,xnahb
2772067256,buzuy
1635333039,vwced
7213219163,lsebo
3813493703,svwxa
9322806700,fikri
3834815287,jhaxq
5549324918,cxuvm
7715719498,jlluc
1790317326,adnyn
6755683852,uvhmd
5114096151,caucd
4829563869,zqucv
5644683769,mcgma
5421564416,pnylu
4604907251,dyhpq
3492543476,aoxhl
3852835678,xuhyr
5542767931,jbjti
9366695800,urhhr
1630218705,zodvu
1532462846,dyauj
7764427766,hwunn
9701818593,ygiya
1908939589,rrmir
9734761477,gdryn
2836811306,cikdd
2753943007,kzmgh
8570742986,rkvwk
9175125269,strtg
4966455846,ftyge
3416413506,oipvg
8321820048,zxfaf
8012773911,mxwrj
4522414675,jvgvy
8653834713,cnzrf
9930892620,obgwi
3222236174,mzwwj
2572361947,bslfa
8242095420,rhtaa
5141701244,vrbqm
3162027143,mwcme
6530045497,wydev
7876228433,bggfx
9148719929,uybdv
9064165157,yyxdl
6798820662,kthgx
5341315109,kltvt
8871780275,zjjtv
9934460583,ummyw
3372409018,uqaer
3430830550,suwdc
3498133046,xztpc
7969248581,ezyao
2886573045,jvdvo
5882575272,wcqaz
3728895799,pxegp
4519073149,gqtff
9798083765,modsx
1389573568,punkw
7378804992,caxju
1702330168,jguas
1779087022,gnhey
7435437094,ksdet
7745223430,ydhze
9748158179,rlabq
8546238635,nyett
5658604948,akdjz
4898843564,ntgcj
7782521381,tqsue
8327311022,faixc
6768542212,oatxh
3785254266,bhewl
3136350339,vhzvu
6671511703,soxss
9798004516,mpzzl
1170119834,ivnrb
2811692677,dqwii
1166630799,zlccb
3175254095,oytrv
2719011400,tjkkw
2195280586,mciov
7538206882,clsnv
7647332353,uyile
5278677985,hvkuq
4612709262,tatzf
1358161149,gcgaq
7437166042,dwpec
3449492686,iaofs
9574298767,rserk
3838720189,iaxqo
6575465887,ntsor
9391524072,yklrn
3222558177,wjhzz
3418509808,cowjz
7590319118,uraxc
1547238238,cykho
4028350420,mteuc
4447932031,xwwii
5412838074,unrta
8043596811,jpdxl
4131433317,ndapi
5362468643,qbzdv
1223946264,olcsy
5088102936,lbcxr
6177372244,jmkoy
4922937013,egqvk
7641746119,imebn
8352972134,nwtlm
9796666268,itkpk
6497180437,bhugg
6885616647,rvund
6398228391,cpkon
7676976996,nuobq
5246337696,lqdli
5552920481,lnwhq
8690886365,ykqeg
6020560396,dhmcp
9003741759,fbmml
5341663375,ykpkh
6557939073,lznlk
2270681865,eyavs
3502345506,lfgah
4080145433,cuszr
8619171059,vwvof
3908725119,ohyug
5995903773,gvtzu
8223933196,cswky
4168323024,fnhva
2844738938,bihup
5052861998,zyrme
2892901986,qdqvw
4003608159,rydyq
7730050375,lwpwt
7303234901,zogti
5089091650,xvcbm
6803320446,eaoyt
6595024399,tknkw
9398091666,hmzlu
9782039765,zogkz
8570765135,xmtdw
1029452696,oyjpa
2821702108,guwhv
9580883902,xebjy
1662343031,zarzj
8471845932,pfaog
9994951166,yaepw
9239870642,nradw
9618579654,zarsn
8017700873,zdnfm
7157463890,ruzhk
4709135325,luiyy
5283521177,ktxkr
2526266593,bfrin
4583136405,jdqkt
6660257404,taosf
5929936024,smpaw
6158550649,awofw
7639826827,ptfim
9581758649,iddvk
7462813399,ldgzs
3963750622,wgvev
9731374026,oqfso
6955749960,atulb
3221623644,tzgrc
3155073790,trwfb
3855951148,sqjqj
8681353649,kodwk
3546529247,szlbw
8883099144,gjprl
5860895885,kqjoh
7728759693,gjlqh
3492852186,nuqbc
3588627291,xwxoy
1634176040,flpma
8054954929,adenm
5027176508,epoql
4298091219,lquja
5121480548,mvadb
9283590247,joqvo
3348448755,odvzh
2250327051,chfxv
4586253777,hnnxf
1684742171,oldxy
3647394777,vpasv
8370163156,ayoww
5654069520,tztnj
4453334644,webmh
4215645685,csacx
9342121269,fzrql
3043461378,xqkca
3166842215,pfwty
4734231080,ppbby
6250747575,ktxkf
9091868004,vzrbm
5090087983,pdjck
7159632598,dpmpd
4894096261,rsmcl
3047055491,tsjhw
2175570242,pfybo
5577278776,rpqbk
2158687656,vdzmj
3922508635,hocbm
4373509929,hgtqi
6540135289,ugzxj
8954588281,sdjrm
8234842400,clkhn
5910168256,bcdfr
6678119621,fsnks
9645377886,bcfpn
2626943224,dnmdg
3763137077,udcft
2247670760,wzzac
7889488420,whwwv
6873654800,rmxsj
3462139587,deaut
9380348740,egtvl
5989622182,yeuqk
5232669742,ulcyg
1266685262,kydiv
6458184333,chwhz
3330919161,yqcsl
4688024454,vlqyv
9861166524,osfiv
4014634707,wqrfm
7029827900,swsyj
6289823402,hkizc
3019306129,slhef
7087050115,nkeit
5376105104,xpqln
7674969717,nbsfc
4113110782,wxwab
6903222262,ekajf
6343223273,ssapj
9212210503,oqtaw
7226607039,gncph
2864018222,hesiy
3992584016,huelb
8745966259,isvod
1159942956,upjsa
7408094682,aoexc
9619388567,gjnyk
4120988153,qyaak
5448857059,wfgvt
9241108288,wassu
5120701546,gtaez
4011078421,hdpzt
5444273177,tcnty
1791535238,zdkxi
5071260041,nshah
6713048049,rbuqa
2447550662,aqqlb
5928690154,umgam
2525635839,dvitp
5675735798,gryhm
3003699589,ydsyp
9623497179,cyvwl
7197711650,tbewe
9931912182,kjjcf
3562742425,oxymx
3907342345,wfkeo
2928136844,stqks
6510647581,nsril
6815490210,pfguw
2149495766,zydkn
6672959472,nqgbo
3396256496,svmvt
5608278115,tdfhn
6782530525,xlest
2693598207,nichv
9872487462,ejbew
8611581434,ibhrl
8983873037,czjxh
6840469627,ticcd
6086131067,ialav
1368197963,sacsd
5949066176,yiuby
6846333989,inxml
7759020195,pvgcy
9019646347,aisdh
9016422606,pgnkz
8843057450,ruhur
9252452311,yfdsm
9660389045,bgwmt
3810775844,peebt
9197637939,sopro
3649383343,pqdjk
7111423779,omrpg
2497784246,lspbd
8637099277,kszik
3857622246,ktfrl
4197674555,ztdvz
8548248408,hczdi
2448573820,mmwyf
4345366998,bbjbe
7463176972,guwri
5962200484,ijcvq
6927301647,ucxck
2247954093,fofta
7573200555,mxecn
2759430158,ziclf
7528023233,xidfe
6859857078,lwmlc
5673201003,yzovn
6663361337,ftxww
6917011373,qxtfv
5959236202,cpome
5638081166,zqasu
6145064982,frhjc
8540514949,kbvzz
2938891424,wtivr
5094576366,racei
3628758357,oxjux
6137193912,anrco
3384292349,maeer
6252105521,obbjw
7609493354,xvwld
4288852497,ynrcx
2358825878,movxz
7460978477,apeai
5719945636,xrvua
6538706714,rohwg
5459419697,yzphp
1448854881,fzsiw
8477785317,othiu
2333153763,fuutk
6922951391,aotiu
8640612164,jrtvm
4372708786,efpfg
9548366036,rvkrb
8898451475,qcsjb
5640389836,zjxtd
5738291580,aitva
8539974020,opjxw
3522440372,icpjp
2481742496,dvdky
7352703896,xghbt
1954517634,nmrni
3613490224,ksqwj
3301995551,rwywe
8757164034,xumha
5346865591,wajrq
3010216911,dnnre
4631924697,cgrao
3568486349,uekai
8761938269,thngv
2904540836,tqotc
2585275354,hrpuf
5169070913,lcxdm
7662002511,jecuj
9779469588,zeulj
2540263839,fpezg
2813350431,ocltt
3502287003,pkzzb
6773049704,wuqzb
5494589951,vtucv
4868549999,hhril
5328183274,mrgzx
8872623669,iznpr
3948226971,xqpkg
6062883770,twetq
2252086863,urjcg
3960015157,liovu
4663591223,edbsp
9748506922,owmrd
1161551174,smldh
6149392200,wxtzs
3710659114,hueys
2931996106,gidkx
4646288852,ddoac
1545151719,ejikf
3856743142,fztes
4351718185,uimcj
2293828095,sriqz
1811842654,qmrph
6493260605,qoems
3843573624,cmxwa
7927092086,kwyre
7606286519,qcirx
2700610605,auryr
6587651772,toqrl
5697217935,gejby
1421807890,ittbc
9411818612,upqlw
8954317294,gzmha
9848502804,alsqn
3534405754,sawor
3984434188,cqfmp
7471935009,nyvyx
6398646043,wfmnz
6659532352,nokwv
4102345837,beuhp
2648397717,pokiq
1765643095,ecqdi
1795389614,sdyxx
3747642521,wosfn
9158246621,eivys
4650182520,pfswp
8693337937,rhrni
2314522286,ftifl
1489387639,ylhki
7426146850,mwgfe
6851918370,buayl
3826097710,ygfyu
4789483199,edsni
4660918789,zbkfe
6727362858,wrice
9958627114,oibrb
3231055313,zqkmt
6774146505,eudnc
8800274566,heqbu
6000380799,cvdhn
7787376178,iwqnw
2864759835,kfesg
1706083408,smllv
1463870843,ktukh
7607947575,vachj
8756642220,qsbzg
1633689621,xdefj
7555535006,uhefl
6685997794,fbyhr
8962936295,frlns
6211212727,pexvn
3847426233,qfxcc
9706407478,pbsnk
7711545678,cpzqs
3535059341,dgdei
4957381467,qrlje
9019112269,snkpb
6575695701,qtxyi
9663001090,jssdq
7769063943,duvkc
3288534301,kiyas
5295563455,offkq
1853110991,dislq
1960496789,vfoxt
1715096265,ftipv
3042137601,jsfyp
6760477960,gitnz
7514203908,xshan
9134084333,vunea
2762943137,pdkwi
8399765108,rvnbh
8947298560,qdjrw
4030920593,nkumw
3515373830,mcrrw
3429420839,xjyjr
6080875344,sirrm
8739573544,diviu
1300701221,tixme
9565717544,oqdag
3352073826,ishte
6776104282,nggxh
7187663228,jwhmt
2876435147,nmftu
8569902786,sgwxd
8352523930,dzzqx
2815017181,ohcts
3191205862,ydxwv
8342643290,coots
2677656537,drjoy
7990410627,tcyka
1522323963,kjztj
8126712415,opiap
1314197585,owygm
1390819350,dfxzc
9996340072,xgeoi
4267566795,ymlae
1495761901,uybqv
6964259142,ebdjs
1676106807,unakr
4137600734,hvsdb
7760846734,wenjc
6478535254,periy
3396002033,xzojd
2485859213,nouha
2897604899,yqizl
9039308402,cztqu
3992757475,vrtuf
7099883909,czbft
2105387943,hgxmj
2646499713,iiiey
1481587178,nyndi
9797897800,rdfiy
3193151604,vngjz
3418446580,esuwf
9049391372,pewgr
4440813816,xbmdw
5507330983,iimeo
1022330403,dxcwu
8651328581,sqzfw
3804191986,qyrub
5988897605,tqsjj
1787658830,tgjxo
3916757968,rlliv
3940839879,dfvvz
8182989050,ttgwz
1018562501,knpze
5497546548,zurvo
5677769263,teluc
2533202806,mwbxf
4331777038,hxull
5056211961,arufz
4468232566,xvezo
3977641720,uibdd
5731518757,osraj
8503507399,hkexv
4169846011,wdjmc
1114462777,owxxo
1116841335,msyyh
1576545089,xscnj
7929821275,kktnr
8726336774,blanr
9430672135,lyfjo
4342224413,ufsea
7057609951,pgdgv
6315029798,aipmk
7521738950,dcgvu
4544879986,jrikx
3039996407,grxzn
6757958009,hyrba
4385328239,lubpq
7895642484,ddaxf
2647767405,glctz
7724952017,uzgys
2492271627,zxbgh
1086551418,ujjay
9850276009,bqtjr
3035711475,lpiyr
6673897124,wonsi
7613029813,xtoeu
4364190129,zbimx
9033429749,ktuno
5165402267,bwucg
7706401570,nzztk
1011652993,urkdt
9553540479,zemai
3030388970,ztyxt
8517051601,exxgi
2157783808,szzav
7741995433,usacd
2510277788,viwix
6626355505,rrrje
1966845945,ugcbp
6284848848,xumzo
2188963219,cvgiv
5678284984,rthbd
2819377229,qkxuw
8963965461,jrwfx
2155350825,rjuqd
4165888210,njrum
4290142497,nqylt
2027687681,rlkre
9608194327,snxqa
9849320622,nbgoj
6434219356,qtrth
2665222430,rkaci
4015832580,qeozq
2123718942,cwqhf
7551300621,pcmnv
5014782755,yinlv
7146665418,ycflv
9295195872,dxctz
6140334962,oeely
1269985257,ngros
5266039104,wbyaj
5552390101,rgkyu
7313749603,fwzya
3785597763,udclf
5842551343,wezeg
8704198988,ubqzw
1830597020,zgotc
6222436638,bwufp
7671746122,utpdn
7997292262,ctudl
3364164313,cmjqd
6815535246,jjbcv
4612586225,xrxji
2045878769,cperj
1509808769,cwtlf
1611748605,dynaq
1127321842,vhxbo
1926683226,tppyi
6876524249,zhdkr
4827145786,najkj
3648577948,gbkas
8310519876,wvcwe
5343102635,frlfx
8366842960,kdtnh
7229454833,vvlxz
4416794781,vogiv
2399360210,fsjif
3139827464,yzwan
4861558660,pdwan
6700046934,aaoej
1624337180,ehajb
8513224647,vsaui
5398933832,yfwlv
1077840233,mkvap
6210553096,agtoz
4522688773,vhbep
5040416841,ndbft
4079722464,olprr
3504553062,ipakf
7869634516,ozhha
2621161032,hydfp
4576323446,oaunc
7304786411,beekn
9348184566,hemog
2659265536,jxbye
5567093359,owxpk
7355626076,skkey
7127742430,ejbvo
4178329398,enmlx
7917307746,zcvsk
9665384259,lwznm
7237825733,jktbm
5734564766,gjsyt
8799413827,kqjsm
2722708174,bklmo
1661082955,vfkif
4427163916,lguin
9474236782,dkzmp
7636614457,pycjt
1439559870,cjzrg
6785197851,dfomv
2804528774,gkqkb
4619456510,jbmgi
9201644621,vqyuc
1496110177,gcqqd
5427726423,ahkct
8083650435,uelnc
9265150123,stomv
7947870501,tmgid
8769537944,askkm
5174491722,xqcib
8430144476,zqdkx
3939658116,mktnm
6744921996,xzrpt
9272243682,hzbck
6359357906,sxhhl
7849435604,nsswp
6295486909,nhtzu
1687826792,bpsxc
2010124665,nrfvd
7996967921,mleur
4563756008,oqdwu
4510035690,gcsdv
6969322098,drvrw
8167066203,qwchs
8394001731,znoeg
7584689654,jfabf
8155899717,oodrj
5012660393,ykghm
3416878640,oddbz
2672184121,otoif
5126583917,ljmie
1809496576,awlak
5740344000,pefhk
6151975875,dfevl
7448972362,qnpji
6196544785,hpfoj
3356105937,vvktd
1759360418,kvbqw
3632394818,txreh
4590258252,zrpjj
7208334890,fegeb
5111833780,poedo
3707199232,drill
8502501472,ujmst
1652371771,zottz
9292806263,scelu
5109582648,cuyng
9535217992,lfnho
7057993796,urnhi
8989377178,cutzz
2871663822,wtvwj
4431533526,lwyoz
4206434427,qamrj
4184326202,kjgsk
2105044279,gyktg
1459479557,xcfbz
5994203035,xnfsj
8105086517,gqooj
1485501094,jlnnv
8142263539,mwyet
6767598749,ktdsl
1070262749,ffmad
3292213344,epcts
4571400629,rcxhu
5252785678,spgcf
9964659813,igeum
7775559701,zbznk
1256307606,rztvw
4070341447,ywnok
9919564662,uijyk
8370488313,jnbbr
1079188667,fquws
4237692930,moekj
9388872428,tmife
6836289205,kjolu
7577921733,hgkdn
8946962061,rovvl
5184259702,rssfv
5994736004,ygxzl
9993253981,sistu
9170689295,bsguc
3274378884,zzbyn
9334292052,kfyng
6998964228,ekvqs
5913669559,iffnl
8997817162,pglph
4402472661,vsprh
2769789963,ehhnl
1832973922,dfhjj
5821866389,zehkx
7887375781,oucym
1683679467,pmeov
6937875424,feqos
1428302714,byrcp
5260612608,ihblw
8781374805,nbsjx
4270397278,mgovl
8957152766,wfsvj
3756479402,yawpp
3138460443,qqeog
2787109839,bxpoc
8885366819,ilfaj
3728092809,yunfi
5579285282,lizvd
2412857258,toibv
3505554538,rpkys
4699158611,bwomd
5397724774,wmlwz
2524160724,lzxmo
8630362817,hiekh
7729375148,fsmax
6006773680,hwgut
1065110473,yjngr
2315870812,qmqny
9565392351,iyzup
2014448696,azunr
9961873420,vufwu
9333407512,phbgg
8970495338,qieev
4447833917,xnmsa
3802665079,ymkkm
1064696712,qkgjs
4389091670,pdqvk
8370119819,eichz
2722883720,ehjoe
4931503831,zburp
9766558204,awucm
5174493516,ufbcr
9669243795,xpuyq
7082744692,jkdee
7215850477,jmctp
1381622498,xyehk
5517407951,zhpcb
3615293438,xlruu
6045992457,ipell
2522978261,iawgo
8640906709,tclak
1727599485,ojump
5955753703,vkdrn
9776719684,zhlko
6046403891,euwvq
9606969411,gxktm
3767682560,acven
3032923048,zqsby
2015971330,qqmgv
4486647259,vfvqz
1159479858,bupos
1806958434,kfant
3454982878,ittgo
6167433538,ieykz
2689291637,zdztn
2954020981,gdzwa
3952645340,yjfnf
4938570933,vlddq
6299406230,clwmj
6314092871,gmzeq
8315030377,knfju
2319629998,apqam
6159550823,ruoiz
8062569548,hrxpo
5661163519,qzjmm
8584151050,lyald
6351497996,hkify
3343767476,eltwd
5615775695,wacdo
9347668894,zrhys
6587040237,rmjsk
7815532825,nwssc
2673189157,bufdm
2125371518,ivucd
3621079979,yxkpn
7764120509,ixwzv
9349391698,oowtt
9480280152,ogveo
3152837432,qmtkm
3684174498,wiknc
3617588060,tjruy
2842112293,zmlmj
1742956504,xxdfn
8111754942,gxivu
5620677535,qqurr
1076847190,hxacs
3065674260,dfmxz
2886168230,jllvk
2759078678,gptuh
1716981719,pacrn
2189526694,cgvul
6260534935,waoku
2347150373,qmnpw
1850384350,oecej
5177976169,oacnf
1548653427,wnmmq
8893357509,cothu
5045266273,scdsw
2371210188,qrpjx
2632305701,rcser
3691611249,othea
1470647965,hnxcm
1041883339,bkvbl
3006272074,kbmjy
7111772744,irgww
8898321621,mvkqk
1718619006,xpzqz
7100869694,dnync
8700443084,uycqb
9231298720,bppqx
7597308367,xfiff
6309663500,sbjwp
9683854570,ymbry
6345880744,nmwwz
8498554429,rkoyj
9326137439,yzpuz
6549877787,lsbfi
5530557991,duhbg
5550639698,trrwg
4298817296,yjjjp
8021551054,czyls
1080395018,irsrd
3359981459,iqvzy
2046221281,lxwra
4057115377,thxmx
5062180805,xjxja
3525300111,xcxlo
5127404791,bmwgm
8922199885,xynxs
2874809390,djttg
6510223893,ysodw
8030028052,vvxln
1587280229,bpnqf
7040957391,iuxpp
8678627059,fbumu
3700773549,fufaq
1519076724,mxajc
2080898246,nsaxs
1901759218,rabbw
2021332207,aaief
3419904032,qrncc
1568431771,itoed
4759415127,qmnyw
9714566872,rjmjc
2022768383,cmzij
7376851114,vdvno
1724005903,fsslz
1610998538,ppbcv
7456009410,rcsbe
3699841082,mglfm
1717235283,riczw
8002262143,erhyt
6618794178,vwmov
7450394003,afswb
3984445637,wirff
3087680777,tujvg
9008404316,btoaf
6604221509,orbwg
4710559659,bdibn
4750904541,wkuud
5348534748,aqjav
8622147323,nznks
9335097529,jhtpa
6585206671,athix
2973875202,oxklq
1829883060,clbuo
1945714156,ibubo
9526349865,pjdyx
3608303562,axjty
7864688222,vewsq
3306358236,yfcct
3753136861,dxdgr
9134170566,whdqm
7580520094,ezfzs
8278349197,iybsp
4900663378,bxpmc
5380102296,wenzx
8005728769,qvubo
2495499484,adjbv
1317724780,jjjhg
7205390971,ycuzn
3476623456,wycfq
5857551076,ipwro
6121864329,wvsqj
4967865246,vynft
6134545490,jeudb
9166663775,xyqzp
6418227904,jwoak
3953451800,cbgkv
3155738780,ocomm
4320364297,iugsj
8820800317,qxwjv
9563870469,kwdnr
8130537968,owput
4810082875,kofug
6473905358,myoja
3654160613,vndad
7168636187,qrndb
4515881240,tqwlg
8697785869,eyxux
5955292089,hjwvk
1971916593,lilie
9245640052,jdcak
5066964041,ffwke
4365977109,aychw
5477365864,sspuq
9795697621,apyxj
6710624660,mexzc
2938822332,xbifx
6394655049,wllji
9188566456,hbcjg
2339681910,vxbxn
1755175367,lidtr
9065830397,aieqb
4468709082,lrziq
9244683814,kuhes
2481040459,kqqdl
6061521410,olupy
6666521076,blagz
3233568870,kuvhw
5386386876,atizt
7968867578,auzak
9966952693,aqoww
2277173175,lxhnl
1450881559,bdueh
5156733000,nvdtk
5644464683,biedi
1614721323,rhbfj
6452958926,kesxk
5849442672,rwvqy
3587983046,jnmru
9339549688,qiyut
9920980570,aosic
5806694079,lfqml
9626713225,lxzws
6683508962,pypyk
5447507682,iblmg
6963136829,pwriz
8713011606,ywujg
7485054073,usosv
9052111788,fdnqv
9534161358,tetda
7897902278,ywohe
6332547454,hgmhk
9243416663,qdhgk
6631713803,fpfan
2429059886,ocmnb
7646940011,nsqid
4016417443,ejvsh
3600893354,zpqjc
5769280582,yjapw
2351009382,wdypw
9548683368,mllzf
3020928002,mbdxt
8471909158,njhil
8086992014,ravxh
4249291971,wralz
7884275969,xwtmh
9247441662,wwkou
1960094241,oytql
3159029086,jdoil
9255273313,jqbwb
8182345326,njmfg
4608720719,wzbtf
6602680665,trmcg
9418043945,ptzip
1627563098,fleey
8878327443,wwaee
9342492917,ljiuc
2588165646,rynpd
3833034612,lfrpj
9142060898,mkbnl
3220025649,ifjfl
2719386996,psloy
3407033720,pfjsa
6262471149,ztebt
6741111188,dwtxw
3317103452,kayjv
2302830614,iottc
9479073067,adlhj
4733956185,rwuxm
8968141136,ufzbt
1791574101,zpvnn
4795968383,cjpqx
7954047544,scorz
9439563034,mpuho
5200093041,axvpn
8300444125,vhvty
1551531576,tkqvl
2953206285,gbvhe
2310208958,nigkw
1999550058,epkav
9066469442,oxrmo
1776231603,rbgwn
7283750409,kjrxd
3248738700,qjgdr
1412895361,fstul
9678177966,tyqer
9167291907,tlaej
8809738887,tjolr
9144478391,rdqet
8919703085,uhmkh
4287660432,scvcj
7480261383,ejtig
4861024314,bnuia
8864316764,zvdfk
8051969936,ubgjv
4442279605,roxjz
5190680996,tleqo
3216126507,tmqrj
4514265310,wwbqe
8821617570,zejwu
4302151676,wktqv
5984973212,jxbyw
3405286219,zwoqs
1330653431,gtnvs
6958072864,bwbxg
3514733390,hjdfz
8343619984,tuqtx
8558254781,sdqav
1257450153,ouimf
8099597349,djzzq
6187397527,bgfcw
7888880124,fifhy
3617518025,qpdgb
9285803101,tpcam
7970373518,egrot
4045625474,sftnl
5413860901,ukzia
4736671157,pamuz
2941743507,pfbdv
5094204581,dkocb
5129909358,clxqd
7030333843,dtomf
5659986580,stsri
9105883607,fdkah
4692855535,fvjtc
8817382487,xktou
5473512962,xgyaw
8219950379,lklmn
2513371978,hsmxi
8920655614,qpqax
4260217934,vlapz
3102223084,akbmo
8007637383,tixrn
9815407395,wfktv
6812470572,zgcus
8969348350,tjvev
9854495706,ecndn
7389392484,boozz
4454962284,ornmf
5803762757,mqljm
1215621923,almmb
7147378091,ijjta
2779309169,nodva
4653268848,lktti
9995958112,srclu
1035887590,xgemx
6734642606,kfbqc
1769235174,qciii
2960865000,xhtzl
3571436923,gipjs
4355094642,ixanf
9003564468,exgmo
4954668882,rruts
5828052518,ntnqg
9339265690,tpybz
3528220809,evggp
6151017458,lbcvp
5665911354,kakyy
5724949632,jtwgf
4350653415,aqtmm
3142631558,yjhrp
2822623100,duowc
5824568209,biign
4664763314,feger
9762716104,nslsi
5989247714,imrhz
4778922543,jflcx
9673932898,juitu
5039339392,pvxfu
7729904620,jtpbb
3616906130,cgarj
7968378332,kmpbb
2137750583,fhimi
5392545999,zovji
8330828649,ncowy
3473416989,lcmwx
8487911705,jcqgd
4635807306,hxaer
5124347592,dqhuq
9282855475,lojdb
8207986753,fjaji
8121494448,lnrze
7953820110,qyfyz
2057589723,ncmdh
6315652034,tifls
5817524881,ftiel
3091346075,zkget
8721802103,auuvn
5329023292,mrwuc
3066340714,uvstp
5797833394,rlpot
3778986210,bfepc
4469404052,auumm
5108646508,vstil
8225216452,szjil
2480165817,vhxbs
6186342267,tagjl
3007358985,dbord
7231514850,ocauc
4887359122,yhpuy
3813814827,gcxpk
1325869444,krrpe
1689027957,srpqx
1318093836,omrdo
3633285167,jmfhq
2753164926,pgolz
9563800973,jtemt
5248728733,hlvcs
1698199807,tbpiw
6785185066,mfwop
9173978862,hilgg
8138925347,ctjjv
2259372785,zzlre
1738968119,rxwxa
3255492830,pgswt
3113407335,xvhtt
5016245363,lgjdb
2132169869,sbujl
8322430382,orykl
7932400929,zqhct
1195328165,guynv
8318472537,tgeqb
4558915128,iciaa
8053913848,oogxh
8027183596,mbhdb
9866381878,jahwp
1019575414,glrty
1127692177,dlpqt
6352670192,mbmww
3876735646,qdzdp
3309303361,livjl
6235019108,ksijz
8416637276,tzbmy
7861105444,rodwr
4084904306,rzilj
2240969046,jwqiz
7001380613,uotzd
3708458888,enlbe
4289159194,xiryv
2417600922,blcmb
4878848012,gsmha
8519801730,eczzz
8560981525,pbvun
3971897761,idwts
2087481724,thhsl
3128689265,foqfx
8904536599,zqcdc
7904845096,eizqs
9133318505,drhmm
7623089139,acsja
2747728362,szksg
7255734998,zzcyp
9935509186,mtyos
1481363131,ybifh
5507602957,iagcm
2793460002,auocc
9719012816,hhqou
8746559950,ajyfx
4443412523,mhxst
4527067265,alzzc
9364213804,odioj
6277975912,doxgg
2343290895,pygtu
1032530220,extnl
1378529172,heolj
4482464086,ssjqp
2405913308,hzewi
8960150474,umrnt
4241456373,dzkwq
6455386569,ivitq
7904420601,lguze
6786030361,plsqd
1938830633,nuwlp
5493763403,tvnfd
2762182396,knrhk
5689537324,kqdko
4688528211,jtznv
6210756753,hlemy
3629665588,nmicp
4246748471,sijel
1515145220,fmatn
1829075460,njryd
3703442899,notna
2043691102,xdbxt
7729896597,xqzfy
6498092746,mwpvs
2582630869,cwmhp
2353279385,yzgqq
6510319972,lybap
8168734454,rhynb
4494596133,lumzm
8512335215,qiwcq
6047763426,fcebf
8161516489,lddkb
9192490330,whupo
6499502238,rwcos
7509811949,gjyeb
5188347471,nyeng
8528707316,etnfz
9141471503,daolp
4850406895,rhdje
1654608948,rrmar
2190940429,vuqoa
3079284703,xkjhl
1205243097,liqop
1268576404,vacfy
4456138283,sibvd
5452222901,nwfyf
2327480536,lxlcl
5371987644,uqtjr
8227501555,ieivm
9000899041,botpk
9824706472,jnneu
7461203595,cbbey
2677250282,kakrq
6901622316,rnqhx
9729961755,xdshx
8767634833,eszpr
3673277248,dfpwv
3014397550,lbpdn
7799471793,utoso
7825917142,ptron
8302745669,pnblw
7261575767,tsluj
3826442752,hsvoc
9337744506,yslbu
6334434583,wlwch
5612380582,hsifq
5865535347,tflvc
6273492500,wdmtr
6785290154,fqebp
9908728697,vsiri
6499146714,xtltt
2426698103,qlmtl
3275751981,pfiao
2014675909,bacrg
6638346029,kefrj
3551049981,exntj
9063101218,jefuw
9408715398,hzdlj
5545870061,kgtgx
5900568891,azaom
9074228363,tzdfw
6581039027,sivlc
5434981107,lrgpf
8686673076,pkypw
2924251746,gneik
9783569420,jkmpi
4222360631,kcbqe
7590028862,rhryo
5647281357,valvm
7825029998,cbaas
6979132982,luytg
1450244552,xvlap
7446095443,rhhfh
5214803516,xtdvg
4599242722,qbsnt
4821925300,sfesl
9777965557,xzthz
8442894389,vdcke
9362963310,szwmd
4859385464,zvgpo
6584273402,wnnhp
4215023766,xdrun
9793010817,lamiv
3036027002,flced
4904865081,lzwie
9705291490,ctaas
3460289795,bnqwk
7808011714,halig
1024377214,yvqed
1580453283,ptsum
2179815244,qynyc
1844266795,lllqs
6183392874,ikrvk
4070859493,dvcgt
7479408033,cemzc
7745151833,qsiuq
6520874599,myzzr
1995672493,toegm
7455424957,puagk
9913466470,omnif
4689945458,wqqsp
6499411268,sehil
6466093076,tmhrl
3864171031,tkelz
5110714966,cmxjc
9730684835,wbpqr
5829422588,mdkul
8815600408,frdne
9823144306,affwl
9236249003,frtpy
7534819045,anovt
1932049818,ukcgs
7277657812,izpry
4647713589,przkh
3993977903,gyiwn
5054252489,owxbj
1207919854,lqlsr
6770236531,yhptf
7596466147,obqss
7766940382,bpqum
8827382908,vnhzu
8769987270,doaet
1730548727,sezjh
7175930462,ziktr
9437288457,ujjzk
1840395002,oxcki
8574881323,qkwbv
3335450005,jxofo
4034420689,yhpuk
2926926799,mrfua
6332946508,mugcm
8852070648,iqcym
5242528497,ygslg
9056089941,tmeif
8166006527,muqdh
3076142878,pzbci
7595337445,emthi
5913973464,tleul
9437395255,ygwwe
1711239936,tkthn
7972301568,nsjsk
1894186400,poikw
4132519479,uwidc
5901125216,oaiyn
9042386433,rtvyy
7367879846,tdgil
3327917125,jagzh
4980198852,swejz
1299953555,padgo
8995656010,cvuoo
5859137647,sarfu
5637468091,rycop
6590615836,ceowa
6428218202,jimxu
4456784564,ldpos
7881334495,dlfnb
9375189018,nlymn
3069625863,bzvxt
4774247441,tuqmi
5284429924,exjgm
3934661306,wkehh
9244704067,lohlv
2097887260,yglma
3944033716,ftepx
1040756862,kxsht
9874422116,vfuvf
4029690645,hgiac
1890175191,mdffb
1855135993,hgdoj
4060705665,xpyxt
8425261740,vmxuv
1481018690,zskdm
2411664645,kznvu
2002188791,rtczs
8165003992,juszm
8783697904,sjwfw
8558080262,sgdkx
3521922672,gbbrj
3971972370,eoled
7599456498,zxfff
3441456314,xhfja
8906179068,ulkni
9334057216,fzeje
4169784067,awuze
4840653326,zofre
5709110275,nhfcw
5043907565,zgski
7355200442,oruxo
8478801768,mswrq
8813798080,gdufd
8332185358,emxme
2533375906,kwltf
1416057191,ixjgm
1255627666,haisd
3090447922,fgvyk
3396917616,kpnry
9598045507,gzgsa
7560077442,rbsut
2515441245,lsobl
9563125383,lefza
5814086160,olxbz
4814054318,szqfs
7083914124,xlvue
8904275340,siiws
3948564090,gkjkr
7187394121,laxwa
2939296965,gxrqh
6405162958,vudtm
2663403479,vlqai
8150527161,lxydl
6525841851,kwbfl
6188990794,zvgdm
7655172525,qnsqe
3686328380,dnrca
2131222758,kuqjh
7405004544,mpgcg
8711555653,shytw
6015570816,urywb
5256817453,ngdnf
4395989161,leyzg
5902906468,rsary
7084506949,npioh
1434391338,qtzfs
8314976139,zwfiz
9679656201,ashfg
1702419177,gcxyu
1796610123,jnsbq
7872956228,tmyiu
4793361858,qblbj
5408891711,vhafz
8514410590,qaoix
9634796694,ltzup
6672771848,zrxmx
3699097957,mlqan
5730188217,vysrv
9559552010,mixmg
2523163950,arnzn
9329593688,ltopz
1992918341,zbodz
2367053810,xesby
9680107899,hrqcm
1791544779,mtahh
5603138552,gwiyc
5541464491,rzozh
7587803831,srwql
8050194181,qmkyg
8894782262,reakr
8869034061,enwrp
9107339740,zeoex
6922875855,tvjay
1191729451,rcnsa
3866437631,tttec
5633027965,jfhvz
2672497511,jfwjm
6302076779,pvbbt
1466317961,ivggz
6569708095,eekdw
3610828175,ooils
2406740072,tjwyd
5274549082,wkdho
3472581068,oymbc
3036575812,erbpe
3176698092,brtpy
2088601851,rbwbj
8157318269,rklit
9111666834,vauwy
4046629339,qdbrf
3214813867,hleyz
2866491561,hjnfy
6412516684,qaxez
1421282418,zktug
8685398500,fzumb
8571210671,tynpd
9157193412,jgayy
1202389213,gavei
2038122090,tnaej
4962382200,cgnfm
7451255774,dfnmk
1108517010,frhvx
6144127818,soinu
3153896633,ftmtp
6137761484,mghis
3346462470,voxfu
3294167942,rcngm
3511230607,qottc
8273131511,wyyqy
8695379833,syilj
5576399942,nghpm
5711947684,buxit
1487516194,fmdpe
5210403784,udyhd
5383852711,qsngk
4072975775,uakwd
9129449208,qlrod
2736155367,egken
2568685146,fqjje
7065392099,cfmal
9435482112,yltrr
2152708640,eiqmd
8391953022,twtdz
7271428726,ibzgo
4581722622,splqo
9195524064,ikmqx
9321580170,qdicd
9114666605,znvfq
7480601093,kvihl
2522603915,ucqtv
3657433075,fumxw
1756496837,oiuja
5148177670,xwzsk
3760227724,pubys
2608223269,ntmfe
5894427234,hjvgk
8211717413,youoh
2836578165,gjvqz
8775082592,mroko
9513054419,vvmhp
1347824108,mxqis
2679234900,plxdi
9961824139,woeur
9053064527,jozne
2913262808,wzeoq
5206857255,eikes
5712511844,tsfxn
3784173243,vyuav
3818939691,ckeih
1313772136,hzvtg
3979126569,xamub
7775001069,xvbti
1757444027,pbhqz
5318603157,jrjbj
9359947301,duthl
9035276490,zatgz
4447789592,fdgah
6446462817,afstr
8978956949,ysvbm
5379548399,aiaut
4502352997,ehgdo
7053282814,zvfkc
2919139698,sayrw
8030954471,wfzcd
4378537756,hhtot
4711264859,rgxrt
5575188845,jhmjb
3656962365,jncvp
9853925842,ajmlg
8333947581,kwbwq
5712857396,ovsih
2028428263,gkguh
2240855868,vhvji
8659374910,laehw
2179384655,kofdu
7250538171,vcwnn
2754943758,jqjit
5122679234,hddxg
1425982291,hsxoz
2920795420,ivssk
3694907470,zrgmi
5659247191,btlje
2369354289,dduet
6557472978,oduxu
2422494901,qizup
4701547495,vkelu
9652394534,dgnmf
5431555041,dszfq
6548685405,uadnv
1387336177,ywino
5198676232,gxxeg
2278870663,heaqc
8989205489,ieesd
1296665588,qxbpf
9442215065,czzgh
7001825755,eknek
