4337777789,hsgqm
8008574595,bncve
4758102208,svqbf
3042722771,okvse
9577511783,wttap
9067859300,sepbs
6171736668,jblpm
8235124966,dukqj
6743786261,dljzu
4251080025,qzmii
4018162993,kbudp
4981824525,cxtom
1125556718,uwqiv
4322865725,tawjc
3339311098,yggdt
3110078139,zrpgp
9886851011,rnnex
5980950862,qrpgu
7701782037,vsszg
9313858573,xqtma
5764004279,mcykg
5129453209,rquie
4519740518,hwdgf
1383190462,puabq
1211534443,gcwxc
5431410702,xrnfk
4315201953,yyfwb
8913894089,potfd
3798399742,ecxgl
5135766154,vsnio
2579357665,thiix
1078757353,dbiwu
1572072953,sflum
8732262238,ubaou
9787435023,dvxjo
7062466415,rsntb
3066519805,yzolz
3093035055,dtamk
1224719167,vsjtp
8047097011,svqcj
3146037671,pvipx
4858996681,tsszf
4129011992,oqqkj
3118977072,foaqv
6472085258,yuhkr
7739262053,xrqub
8180784486,xltzm
2199274272,prkgj
7969440477,wxhvk
8442779963,olfkq
2075528477,fdykn
1710096490,mfbux
4902839959,glpkw
3051564966,qooqe
7041110756,otqho
1103364999,fmchs
4696145245,pbzwe
4184754062,rxdtb
7025248249,ihwdr
5846791259,oycjp
9617488721,pefgs
1666326804,udnny
2558748995,gyfyf
9736208186,bpdkj
4327054558,qdljz
8162260209,oakju
6581219562,gexmy
4866231806,jarlp
8456981724,ppvpx
8556104523,ehlry
1107722800,lvocl
9281279277,zvrmc
9179558068,xxqjj
7941572752,vwbtu
6554284139,znnfc
1608823558,vouyd
8120816992,pvikd
7999084180,kabge
1174139596,fqlxs
3917235232,ergnz
6771297666,pmvql
3696022156,xclml
8863105965,ltkqw
5548659152,jzepz
7601607754,jlzte
3820524955,ldfue
4996341850,fqfgg
3112473419,mootj
7565638137,ecsro
9463884842,nnubv
8997228043,cqmck
1794079159,rvzfw
6086111671,dvnjm
5943493072,btfon
9895661401,tlije
2306407546,awhgd
5518266485,gwmog
3232165845,armhi
4689789637,iwzim
4909378896,wxxpi
2952033833,mnloe
4103793668,vybjq
9527327561,hzaps
6289050953,zxkct
1647308526,yimmr
8153081493,ikuev
6175752873,ljjum
2586243217,qcexz
8108383602,hqbdv
6371391778,xgbjx
2938248786,oxudo
6956048438,qenfb
6464594578,iwoxe
4053177294,zpnbz
6675539897,mqaet
2699697236,ldkrm
6103247160,gmhac
9332584888,vuoqy
7515403847,ylvea
2170789721,sprem
9336505138,ztwkt
1387571784,qbdyn
3680929558,xcvzs
7619215536,htbow
3912977121,cyvve
4182543248,ihhpr
9723337763,upvzm
7030404794,zoshy
7972576710,lllxs
1768445556,vvuem
6155590625,ypcyo
2793109833,kwbbe
7264105570,qzmyy
8054593577,loxpo
3406403219,ywlna
3561742183,srnlu
9947597959,wicgc
3933818618,rvezx
8581852468,gahnz
6712079888,kxfhb
6917589202,edove
4422708747,jjfkw
2302261591,srunw
4833534363,phfhm
8100141683,rlorz
4149723071,aeims
5558464822,ztmxo
6709537006,unqnr
3642957763,vxavg
3189475706,lvhlb
7141077988,xymqk
4881355475,fngpy
9002011296,vgwqh
1737350406,msnoy
8512062649,dcegy
8293791757,wbfah
9837410927,abrsg
6872672388,cnbfv
1724833593,mdvsc
5519629337,kcvot
1563406538,pabwx
3062296310,dryql
6528631339,lkuhd
3300924572,ujldv
5799659402,nkfwp
3026730347,qghxi
6812658113,xqaax
6779776467,qfubx
4510194690,zfrsl
3907833177,giqev
1810192335,jqvyz
3673075759,gvzrq
3815802801,geqtm
6958076410,qaatb
9445632212,vhclv
7605094929,gokpg
5208528849,irhhy
6633601235,fgvnj
3437135589,rveic
8374870314,feoju
6658844107,zwrhz
5002060949,bzgpc
4096136100,jeaso
1291860495,lscqx
9280209873,mebho
2457672281,cjvbx
7683275230,wnapd
5598245221,mzmfc
7336583363,owlyh
6575995836,fxxun
4798487311,vrvcf
6234624155,vidzn
7312905016,bxifh
2852631084,xbanu
5173535756,ybjut
8167485534,uqchw
2076161992,tiflo
8842051318,sefiu
5209614755,brejb
3400242517,cmthu
8483593231,zuqio
1995463879,yskib
6347742588,xvvfa
7980555973,kvnoj
3471516540,sazkr
3048647063,ojvzp
5595412179,tecfs
1195653142,gxxyn
3477910170,wwguq
4418362068,zofwh
2918908431,rbyfa
8828707574,ayugt
7890615289,uxmrr
4422170682,rxhnz
1265035534,buskf
6443314943,ezoud
2344641290,ijzkj
2866039278,sgljz
7169531679,ztset
2234306296,ojtdb
8131782444,ypqjc
7967739580,lpote
1731803758,igyra
6738248113,uakdb
9584532220,eaxgs
5803700106,banno
9928593579,acnvv
9855934626,ctmwo
7554956985,dpayz
6855630762,smoto
4312730325,mhflg
9865315067,belhj
1589120186,rybfp
6934036044,yypcu
3695850354,fslkx
4738058849,lulij
3718163425,uufbn
8993948743,autbx
4516599594,fzmal
2111766857,ccajw
8926590653,kfkpy
5723543818,ywipa
4146458263,mdxbx
5361081989,kkiva
4305410946,fdxal
1349909862,rjrqm
7895136211,efoeu
7451909321,amyfg
2627264152,cdhge
2658466131,nwfzt
1417131454,qhufz
8429837228,qynwg
7671809909,ntwae
2985198779,bqiaz
3942993411,rufoi
9108604463,xwdfa
1603280592,yqgmh
8502125714,zkqfv
1412302194,xqbci
5008012097,svpjk
7464460472,pwpcm
3114414132,yjtvu
5499266435,sneba
4230696519,htfyo
9731003535,odioo
1372379849,biwtp
3980927808,lkzpw
7207879969,vxvoi
7778239391,ugryj
1256256328,dtzyi
8434227913,minzy
7112509207,zrxqc
6492249985,exjdz
6695907350,gvloz
3945163802,dezhe
2356874899,oisyr
7650649112,qvosk
8512102321,mhlkx
4436873124,wnmiz
1832158711,zowve
5433072828,xmwln
8262297114,qjrtu
6753307962,reomv
8799124150,dpnnd
3805898919,arsvk
9537713050,erqpk
5052860133,gubtt
9763473449,puepf
8247962846,hdotw
7987947257,ucmgt
5844631794,dlbns
6195935858,uogvg
3474664757,ovehv
9862060610,mdsdw
2472549982,hbyly
9954377776,tmnaa
7026626671,hctlm
6205904930,lialu
6456055956,kladk
4808420520,qxucx
3148859987,oggnk
4317238228,rfagw
8871339856,csgfi
5430851816,dcfkr
1416403570,lckmw
2020912542,ztjvf
7769976262,dotxd
5826156133,eacrh
3069008999,hkekl
7009700886,fqphl
8658883854,fsxjm
5553007350,uhofv
6399661532,seuyt
4844801562,mxcws
8387493132,tubyy
1980262007,itlzo
5993633255,shbxc
8400620242,jblbl
5812690994,hvbhv
1356276090,xcnto
9475127174,xzwiu
6453621146,ghica
8868020827,phnrd
3104136353,ykvoz
8395102697,werfb
8494569057,unxsv
5779920598,zamtv
8686985329,otdcq
4301433562,nrfom
5092012173,qgyhl
4250057196,cawdv
6171531832,xxrgn
3961834555,xigun
8375772517,xrcha
8469453988,upwau
7093678205,fokpa
2555922218,ttguq
5380839640,zpmkb
8195217822,zkyur
8236726763,escar
9358039032,fkszc
7242558878,qomaf
1412274919,hscjq
8843625676,oipgt
6732935185,vsbmc
8212697264,umwcf
6811199779,uxrbl
5470585463,abpmc
9502524226,cocnf
4732233875,awfnl
1308647853,qcmpu
4572308428,vrfzd
6499825676,oeaud
8030086135,ipapf
5113966246,zogaj
9330751835,swmir
1413497662,xrqff
1969590690,jhilt
7614478946,etyqk
6944881682,cdohu
1078546962,umoqc
3341703892,jongl
4565543834,ksqcj
4636168852,jprso
9193019530,blayu
2616650144,xfpeu
1002803808,vkkpa
1256990589,vmifq
2762671375,rvfsj
5998720659,nailz
7326527132,wvjcy
9204630244,vpggn
7135470629,ucrlo
4157071827,shbsk
7341202571,lutky
5833192222,rjavb
5894572785,lnfpe
7798465623,ebpnx
2873099539,zhmhd
7998954337,rqiod
1886983095,nutde
5011034688,sddry
6498795678,fliia
6748368810,ivusg
4057436986,ukwxj
1313446509,eudcx
5272231385,snymy
7221884781,maehg
3844255604,srdzs
5885430931,bbmet
7318543233,juhjb
3820923521,asuqu
3766711900,toctb
3228831807,rnscs
2364820267,fuuvm
3863923896,ucpwm
1650146786,ofdxa
5593626719,moqod
1662050430,xjyxm
9791019587,xaxxb
2999538959,yetjr
9557624022,dgski
4333824109,flcbq
9300751444,wnfnd
7335505101,vsitx
4112159579,ksvfj
5727078415,jyhxs
5674430721,ozdri
2552109341,utbyw
9023731706,cvowz
4842782403,idoih
2906828608,kxmub
8209826296,lugva
7010491548,wfqmx
4382092900,qkcbn
7428983364,jwvss
9916726004,ugsvg
9924873155,udfhl
7452114019,upfud
1798213132,busrf
7111132775,btnfi
6380783382,cdmqa
8777448439,qioqe
2386960256,wecqw
4295825787,yyjlh
7249431842,socjo
3969825604,yzkgg
3827763825,gyiho
7054575422,epexv
5740095760,xinib
9274364083,gvlwk
1343946184,oizqf
8023132758,iwwtg
3526937050,faruc
1323620213,ncfzp
1797386512,vnevp
5157717078,xvwvz
7739470451,uhbeb
4878832347,hdvjv
3406347299,dwlxh
4800321039,jtgcf
3402025222,lctpe
7719535044,retwt
5557365694,hessy
6808663299,ujuer
3082512774,gqsae
7153496123,gjtpo
2990893728,qnxol
1124907699,wdwxv
3491678407,iypvq
5515182320,dgyet
2503048548,qkseu
7967163297,razbc
7028493080,gsmev
6381185206,cijdi
9757486646,siejs
1428468052,mwyzk
8485466097,anqzy
2079779763,vivyr
9207613613,qhvjd
8932013112,dcwmu
6984774788,hallo
7725998604,conuy
4818016612,lflvz
5403593540,cnqyy
5316003330,eokrp
4884445016,bmzmy
1792257714,pgedf
9518736586,yufou
1693999410,lplln
8606207203,zbdmk
9343928786,jflfk
9885208082,uxcnf
5833735334,mczvl
3099712878,rtvkp
9009185498,ncmaz
1029415632,plxgm
9856929017,oicah
4748059511,lzgkp
2721021984,bczpa
2272260191,ybpzo
1799951656,jrtko
6566845525,otvtq
8325997370,xiojr
3599470041,jzenp
4243860087,lqgyc
5386755325,ybmfn
3977919716,jdota
1301390925,bgrhk
9126955151,bnekh
7911251953,svvfp
6365397999,ojsyy
2769269872,cgswp
2632625184,nnjnb
2539411844,gtyre
3626031995,oflzy
7154747696,vnbuy
9119656521,oghss
4370975685,nneuv
8748680156,dqbzp
8485554859,zcuwo
1318849021,xmajc
4954086680,kjsuq
7442962695,mwqlb
4351522231,tabtv
4784275813,kcahn
5818201933,nowht
6222570600,oyikk
2599766371,bakhz
3096962390,jptjt
4805687449,tacti
8861777094,vixue
7818063901,rvtqy
9835134635,bybgz
7903966416,xjtns
3696360059,uygho
9954518279,qpbsk
3835847799,pxwpj
7710960871,mxeyp
7287635886,kagta
1803723742,rdtsq
3873111307,zjqov
4208562917,ytxul
7034071653,hazsm
8267362736,abacf
4604214653,dtrac
1222283551,bwwgq
6973261469,hxjlo
5151220435,jigve
7763526993,nxxqn
9840571409,wjnkc
6561915271,jbdml
4657229549,fpcgm
6417247247,fjzqi
1368963584,letcf
7910423592,qtgdk
7827357065,bxzzr
7357699363,ccsic
1799225305,iwsgb
3455610261,plynx
9744799744,yvfum
7038562654,ipnqg
3487939115,vsjfk
9511546558,psfcs
5139721898,nrkpv
4189080996,mpfcm
5037846191,qzdxc
4669969211,otmop
3738402698,bdjps
4672933433,fmxwp
7818693062,jiqxu
7076079229,pdjim
6277870470,csjru
3381524809,mtslj
6361253898,hkmum
9541370833,ahxnq
3616500154,slllx
7307859681,rexei
6928583474,hbmuz
5526502619,iysdt
5237475447,nzgxg
1852003722,afwqk
1400278466,zwhqx
7208834640,jubaq
8004952530,bsclw
9599809464,fkktg
8812918202,exmmd
2024341245,kzcqq
2591624988,euuvq
3385275202,riacu
7382239705,mpmac
5705855386,ufyxs
8022276249,bghzc
5775850172,ooooq
4533466798,lebab
9295609513,qwtut
2989324991,jznsb
6087874159,fmgtr
4478668942,gqfzq
2221188977,grdvc
2355696768,vecgq
7506522969,dnltd
9102242984,vszhd
3853168689,wiuhs
1257896049,beayn
3060125561,tpmfz
5465486676,fsmmc
4791011076,cdind
4474741843,llysu
6270554406,jupxv
7873034374,pebys
9571771362,wbtcy
9991087604,iamzz
3690741748,dwxrj
1784486353,mjvqc
9617388050,mbuqi
1405095700,xnuby
1063699436,hhxmp
9329520300,zyjrr
8017222033,eufcf
5594373951,rtduj
5468821771,kvplr
3377326111,atujs
7846035256,bfnwf
2803404824,jprrf
6986129878,thjus
7443108025,fxkhj
7583813125,wwfrm
4832042402,fryuh
1502247752,lmzrr
7138177228,hbdse
4116380223,kxfus
3817134667,nkjcq
3176826517,gmlmg
3209437831,eegch
3246769280,hkuos
8173711844,gvmtv
2803685406,cuwap
6106832430,rpcos
6404495322,meqmz
9325229077,lqnky
9773452394,mgphh
1268679069,nndhf
6244582128,lcpka
6304913048,xpnyp
8938705584,agwbn
2910453343,ernih
4702626775,fbfpf
8740223459,bcnee
2719343196,rrjed
8052569872,ivtlo
2297198954,rmeab
1366737520,judbk
5095932037,pxiwn
3814160825,pwzcu
3523354716,ehurh
9928121034,yyrxm
1525010480,ogqtk
4859729651,xempk
1313188328,dvpgq
4460844061,wzjat
9134732386,nttsu
8630170873,rwhqy
6051177932,vqutw
4979155788,ulqjc
8604079171,dqqmo
9328672167,hfsub
1538584867,txzbh
3372595897,wegud
8434119331,citds
3483185203,cznbt
5845341156,kcsgs
6317463891,vksmd
2339144913,faikt
8878857921,boyoo
9781454099,phicn
3368076148,gxlzi
3404716501,jmmmf
8264073903,vcgvv
4892007573,lrrqi
1054477722,jwjtq
9555121370,udwcf
1510360285,vzjan
8428547105,tgkwd
9301362951,rbmge
4031165925,icztd
9827979650,guwnk
5871790349,yhrfj
9802263594,danro
7665557797,uhxeu
3074708360,lxbkg
2644772362,sghrr
5913739386,cmbnn
1728389229,fcxyu
1537681657,xocqo
6358376134,kpyne
2576462246,ohdkv
6273649679,ofeoe
8762819498,xqiaw
7037950608,sillm
5239924023,dwtru
4646209645,wqsbv
3074414589,mwabc
9011849704,ycvki
3728614973,dpseu
4521686161,kbkrj
1872396300,ysapp
6300391641,ohnkp
2329559313,bsxln
6283287682,opejb
1521487529,wgvmj
8020450115,buqmg
9500402828,cvabt
9839381402,yyuod
1881372368,mrnva
9156483208,onowd
8169373226,uocle
9426059228,kgmnw
7942234783,igfqh
5680949519,xvrjc
7462438228,krelh
5451788915,qsvgi
8478149447,rybkg
1459893206,lhdyt
9874374153,suorx
2479462401,njhtm
8047057066,yrbtp
4886935622,burmh
4802864775,wyhfz
3824588955,mudor
3431621593,smpvr
7859839137,bnkli
7549674908,taxia
4466827371,jzmvt
7991713292,sgqnz
9534966953,bdvdg
6236566469,nvvzx
5499320797,fzwnc
4702442791,rhkoc
3232450006,tlnrx
5749488718,adfys
3187650775,sybmo
7228243192,fyflf
5937734419,qhfdm
5045308319,jvbkn
6925496245,mlopb
2611666907,hekzz
1927557713,yzhgy
1761695670,mhywy
4627640508,nvphr
2203976312,fxwpj
7276029423,ydhel
2304082900,ccmjf
6576784038,majyl
8285807946,ifucp
7005285016,ypmux
8683843999,eelto
2980997785,qaaea
7860486655,qwjqk
6445750323,ksxij
3086523936,bpqpm
7749331842,wzbll
8451384802,qppsb
3700517197,wfffk
5506986745,raxbn
6084566121,aihnt
7401315258,udorj
7066105088,wwdqr
2551878651,jbvyi
7317582512,yedsh
1558348391,ynili
3507385899,gjdyn
2442081716,ufgum
7112094545,xappe
8284453907,bsjie
7251566341,bkuxr
4033481425,kwrbf
5541240205,mbbwh
1067525576,tqxxn
1078538422,agvmz
9063883187,mtsry
7807552302,tdvbw
7504016620,qnjbm
5309317707,bqeym
5398918478,yrqng
1178816054,wydgq
2696309085,kurvy
6846842022,estfu
9475778419,usssk
3206888941,hqvel
2331901995,fcgqi
9682025110,dgfby
3817938775,ztqrg
4240052136,qkles
8306344698,nrhij
1969417694,ufmsb
5847639449,slynk
5514200012,vsbpl
7535584078,csdsj
6507333997,zswgk
6013501919,lzbhv
3991119911,hxbtj
4583056429,djgis
2551597397,hqwdo
2270105389,iszeg
9316741320,szcqd
3197800904,tfnzc
4681041637,vvnuy
1423645595,bfppi
4416413970,ewcck
4735715782,luddl
7672166387,qvhec
6503207150,cofeg
3661894676,bozrs
6911025826,viuxi
8777269977,slsme
7822961570,rtbew
3320986647,zoaps
9979751711,lsqiw
6119371816,lcoup
7845583772,owfhf
3799536679,clxct
9274692917,xirnt
6036473300,mhypf
3215170515,yrxtg
5646934503,lhdtk
5976753075,rqbpe
5444123231,pemgn
1710717504,oclax
9871765918,soabw
3122539639,dpgyc
7046840008,aqdhg
3198824371,cwudj
2677975884,ojndj
2059298980,ckiqq
7129267311,qqhwb
1744677633,wpybt
8926208278,pimbv
7878953827,htdgq
3621432138,mbspg
6240425967,jgjue
2232497754,apenm
5402523885,tfnde
1767616770,sjhar
8744974968,gdweg
3324422546,glmgt
7322858611,swijg
2050561659,jlbuc
6018806057,lyiqx
2082164621,myqmx
2490749871,tnnhf
4706005729,kjzdx
5706948367,hsdpx
4985383007,toalo
4881960852,yjyjv
8798685673,wbacd
3130469173,poeve
3532269321,yboja
7865956755,ptqyp
2213464428,eeyjo
3363569591,mzykn
5137846696,jgfjo
9151165064,lurgi
2717796314,hmmao
7310389841,qonra
3404434617,spqgl
8733675704,olftj
5325573992,mdunh
4219453753,bcxin
1094225490,rdwrn
5913050866,jesyx
2530265282,zzcwx
4167002761,rfivr
8817427773,yazvh
4881440206,dobsm
1109186054,xcmua
8893605640,iwsfh
2930650220,girzx
8925869325,kbsdn
2081774590,qxfyn
8483822249,raaak
4765359618,tacux
3696301122,kxivt
8543047045,ehawc
6381879490,vepvp
4794846762,pfqtn
9981919109,pqpuu
7738340460,njspe
9016708181,drepx
4815955233,mdvkb
5806021362,vlexs
8238474274,cseqm
5505919532,qbowi
6187563713,cedjb
5750845384,dzype
7810327988,ifmom
9499888466,onffz
3093057658,vcpay
6603834298,enjsm
1218726114,mvaqt
5909541984,fhznl
1044747027,nxeyk
8867502541,eodlu
6716562723,acyur
6850544321,yrefk
6685960267,agvuz
8044058931,ildph
7883838897,lvolz
4309782072,dpevl
9037787110,sqsqv
9326546910,wslbq
2395869256,xcvjf
3665898904,qhxea
4824134561,hqtkr
5193185936,jgjwu
1024881031,uzbxo
2063249470,qotgy
5932040211,xryli
9098955153,xflgt
4581932522,elhik
1271714958,cabhu
8866070490,ynzah
7763690946,yjqrr
9441069099,bfqyl
6909719006,dhlhv
5747265947,aqwkz
6856406023,oymkg
7366100033,zfyic
8809114227,mlqrz
7722045946,qpjmc
5152554999,sjxok
4974976255,kuarr
6330240498,exvmq
3110815819,nxbvz
2047097930,rnbgu
3081050046,dbwbl
1621966792,hrqqo
1417097251,gvkmq
1736557421,ahovu
6126279218,rsmcj
5268930748,arllg
5601498592,epkpm
2192511407,syjdb
2498488274,ddhuc
8618930396,zbbgh
4923494027,rlahq
3672071589,kfcki
8589228836,klvxq
3859670706,bbpih
5717888753,gmvqq
7013873130,tkuds
2243927733,jickl
9458167582,cmznm
2078589715,tttig
8315256457,bulro
3846435678,camfp
9640473868,dafnq
9578340808,eahdl
5827736482,lnqpb
6038339986,vghpb
3197684100,nvfhd
3839609982,sboye
8215893674,nsyyx
4688037606,kzurc
2962303301,hedys
2407657018,erxme
2456883295,liszz
3608205092,ozdeu
8172289070,ytlov
2490573108,jcwnb
9000206501,rofrk
3352572104,izedm
4839617148,ocfvt
9395280089,eqgxy
3953905935,kabuc
6787927106,jkcvh
7434402503,mwuey
4205683529,rblpp
6128349259,tdycc
2367062425,unarm
8721860572,nzivi
6581931973,oynht
8291346621,tharf
3020551920,kjmuu
4709473452,xsvmm
7794719739,jimnh
1292222456,lpmgy
5634416926,qydpd
1337165993,gkeqd
7142507611,pxevg
7489052423,ppryx
6807274256,qtfxw
5623197838,zbvhe
6865075064,lbuie
9840992504,jigji
9840373385,oyqcy
3164640345,oeiib
5360186823,rpyoa
4183773951,bvfdr
9435894043,uuvtn
8082209970,upgdg
6541445620,rwsiv
4944264506,pllxz
5623716131,byzer
6889136703,pgoma
8536985801,wzycl
6499255574,qcewe
7051934831,vqdws
3122371504,xijnh
5243378015,ainct
5275403797,btqzp
2249402288,plhet
5820479016,bcaqk
1971647895,ssnit
4273558928,ytwcq
4067867286,jckgf
9603655623,eussw
7285197205,zhpjk
2921858381,lipel
5863011383,oklxm
7969094486,hlxjv
8942807663,ehxuf
6183390726,xvtlc
9992854167,dagry
7974605803,fpdqb
7133147966,pqqig
1463943446,vbthy
1868282690,cfabh
6383063780,kaowd
3006525082,buflk
8000301774,yngzm
6465569926,eahjq
5952444514,ytouu
3913535020,envvm
5587150369,zzvyw
6821289492,sbatx
1478569207,nfuwu
7647058125,uqevi
3208048494,twuey
1292256839,obrrw
6497844187,bjnjq
4812592863,dpsxv
3153919670,xpzlb
1586416474,sspqj
6144056817,ihede
8813135642,syzxp
9096680120,tsisc
3914850468,flfjf
3069705268,ttbrf
4689888918,ebkyh
4476317526,rxdyt
9944189295,ymqce
6642031251,ojmet
2552604419,xvqhz
4795660578,znrky
8287444060,plrae
5442452265,kkhxb
3628299346,dpoph
7741462891,meitj
5097468584,mxgpe
7229820044,qtadp
6488819606,rbkdq
6864415405,naqjc
7168270276,ednsn
2283872406,rcvar
3508613833,ynuhu
6782044687,ayrhj
5172535713,fqgwh
9532590042,yazeh
8944459142,jhyaq
3124162192,allvv
2577087653,zkcqo
1882708193,kgzxa
9979157525,qxukl
7456438542,yrfpm
8277740027,znhkq
9812597536,vrcki
4836112445,bxlcd
3264559869,hfgho
8647375598,cluld
1665998264,lsyym
6928353020,hudfy
6520305829,ouicd
4060463476,obwxa
4986024163,fzloz
7412653625,chneq
7895543874,sspke
9759714399,fxfkh
1873589862,exlpa
2680456691,dxoli
9635995672,vmkty
2020575371,yfdnq
4434997082,nwabv
7836775034,rtaki
6409636519,cyoqx
3798311761,xoame
1601981688,desut
3313205045,ltxxq
9335669920,hdhqj
7280439449,cqwuu
9715153023,hchhz
2424309680,jceul
6141797673,htumq
3707567987,jbokp
8197470963,plsps
6730554042,lzegz
1296278477,ugorm
4328199754,kkwmk
9688234182,qnhks
9236101994,balro
5967368101,mwsbj
7675247822,yyxrr
8800770407,umtxq
9347318143,pxett
2864872411,tqxmw
1610947113,hnuki
4138780001,yharp
7837026132,dfqeu
4337365978,whsjb
4207328935,prkjs
6557890556,gkhsy
6245742248,rmeyd
2405679080,qcsgi
1232788143,fgwur
1675256360,ljdgm
8152112033,rufuo
3878542152,zypha
1716319525,fzadn
7158406935,jfaoi
7895895397,ujnxx
6845299406,nckcg
1203926380,anqhb
7505117065,gdnax
3320391507,skvst
1969917265,kgmkk
5392534527,klqrk
7420358123,zmkef
2863926835,jsxym
3738526337,fircs
7383284323,opbyl
6753425728,ijezn
6134366672,ztyfs
3750869594,gxspj
9343786333,mdjcr
1095446505,ldacl
1068283516,nicmd
3408500117,cdazg
9168207468,dqzan
9640129122,auzdd
1058494649,rljjk
2057136157,gbasn
5032593093,pzkcp
6938117135,yhxel
2665248961,fqaln
9893612824,bmvsj
5016621658,dudrv
4444531379,ukydr
5921306347,oupkx
8607428136,jzerf
9060319597,aifmt
1110303986,qubls
7727274054,ascew
9128992782,qafdp
3052800706,iaaif
7719329415,ljjir
8977193501,qesbh
9662514331,lmjnw
9672181041,qqjsx
9096265912,evtbj
3608220312,toemi
1777751511,ygtly
7927705683,gnbym
2396376763,pdekv
4302683240,jlgwg
2047785110,fbfow
9910709556,opyon
7333350756,ndurl
3253652048,olveg
5736117008,kpbor
3336448237,njcqa
3903169520,uhovf
5170746431,gyxjg
5008859273,evgjh
3981233848,edtrd
4606159393,dklnj
8801992404,pplco
5393646416,itiws
1009823811,vewtz
5206019649,cnhcq
5443554709,vmxqe
1658105401,tywmn
3087892103,rjgqn
5024318408,atava
2855030743,gocvt
1067988562,xlgzr
7587769756,abynf
2588294735,zoxyh
3818268677,rczmj
2578074281,jllwt
6780487281,nahjm
4790095351,mejar
3907085475,ypuhw
8864888938,nzkyi
8086653294,irivh
7920976675,iawut
8162336160,ingpq
8501888556,rdggl
3279500899,hpnrp
5905848309,vluzl
4869871469,hisuh
3639357274,nbcva
2781599389,gygng
4267843580,dirtw
9489009329,hsjyv
5391306676,toeod
8676849644,odyak
7225386406,psosz
6927718140,isfqq
3769539660,jrola
8251357497,putwe
3418623112,zyysa
2631257892,uyogs
9893103293,owosn
2620614408,cpqhf
5886993057,nwvdy
8256249862,fvumt
3754017312,mpabz
2419196939,ernah
8542410309,rrrey
2466592289,jucem
9664628268,wyowl
7514181989,ufbgj
8527230599,orpaz
4290660592,fcysi
7113706039,posrg
8769913992,hbpwl
3095752795,yewmr
3902975675,qlhdf
9062040044,zqhgs
4640136634,twxqb
6882188119,ydfll
1402954276,pbefa
1603553469,kfyub
3553728025,jqitd
1176590566,xmdty
1848739986,wycdk
5852627539,mjtfl
8372434035,uooow
1133568858,fnaih
1195939782,erxfx
9704430377,drbdc
2275856712,xvrsw
2699714733,xbxon
9931579783,mfsjt
2243596080,qxbfc
1489108626,uwtio
2714912853,fqaxc
1245498908,uyiix
1000246908,ffzde
7602379268,mgvvo
1954459360,lqqmx
3772236661,imhsg
2098654476,xzcop
4322433033,dfwbf
8974478082,gpjpk
2764661884,hjufy
9702974243,jztoe
2210422429,gukci
1606651032,aombf
7347104032,xhaga
1195314747,msyah
3289676230,xttaj
3605165237,muowy
8243062128,aoxen
4767704658,aiavc
2819836105,saojy
6220976210,mcajg
9029836437,ixehj
7177523967,jabne
1033226951,ycguw
5942377554,kmuem
9427998233,nnehg
9338882699,sldpv
9625607364,qrgwr
8521138476,oyaru
9858210112,hxtgh
3188345269,irlzd
8646650135,dppph
7583757859,oikug
5884290812,izxoo
3238054822,idnbv
7735640310,biwtb
7075551108,kmuzh
1415922129,kswnr
2589583993,pmksl
5856646851,dziny
4209828062,qfgov
9516981534,bmphq
5670648134,uuwtg
9005062600,idaxh
1790711210,belsa
7533952912,rtevn
9379106790,udkxs
2037558489,pteca
3398382040,jbmha
5540659290,pfkdn
9252923092,wxdxs
3671613122,powuq
7239770884,hxvka
1530746527,bleld
6062419274,lcnxb
5175541618,gxwlq
3598048929,ycwtb
4847112356,vuwgu
3425175922,aanzz
2934208268,ieutx
4903253402,jjkch
5396963861,voooz
1955994993,jhjqb
6191644489,dytzy
4355562710,peugu
3611501913,iphpb
8278788340,ewrxa
2140292188,dnnpg
4305410908,krwaw
1356161059,xvnsk
4376351487,bwzih
8067689627,adqhl
8270244807,vixfr
9750729923,mfzmq
5141524926,ejxwr
2824801382,xbcce
2593229599,lktkx
4066540190,urhus
6218356690,pbxku
4491734544,hvbbu
5265102627,vttff
5297612915,zlxiw
1259375267,oeqff
5057077580,zitkl
7534528560,vgmye
1425752008,gfemz
3004346581,uefrj
2363783763,exejv
4439946947,iflsi
1819465618,mxljy
6574832146,dblne
6429002072,psueb
2557466750,hpvwi
3497128776,yrowm
6562926730,pqstu
8438750832,rkdpw
2040524736,kqtow
6224938394,tudmk
3804992604,fyvjt
6914081235,ymkdk
5342586357,uafvj
2162942966,suuwe
3497185785,akyxp
3295110645,svfth
8163566801,tsrnc
6776954617,biexe
7122125553,lifsg
4143945940,ctgqf
1443979555,uwnfh
9072219531,nvwkk
5933162141,dgbip
2389495764,srmdn
9168442082,smbgn
8405776748,vagbw
5071849890,mtwqq
1364590138,uzgoe
8317516826,vjidt
2405102590,tnrje
8943746617,ngbda
7446928455,pfrkr
9612215676,tbaqa
3512704567,zcnii
5606103091,vzzht
6461034532,omadr
6999362723,fddly
5990242096,koaof
7940028116,xtekx
2554279815,zivbb
1042577816,winan
7606671380,byyqo
9381386253,cmcnz
8158234515,kdtyc
3407307728,mosmz
6412755613,oxuqs
4816240294,qssgk
6219050858,rczap
7686706365,lqest
6122533626,bpjzc
3210796461,nacwo
9608344429,ydsrx
7715737056,sjkso
5724049916,ymoya
8159636114,qvmay
8775611138,zcgeo
7733876912,fzdgo
2235527686,bopve
6304180109,nthie
8004863011,yawfa
6973521438,wgzxg
1518388687,gwsbu
2351917345,ztqbe
1098404230,yvyfg
4653008396,uykyy
2021496002,rqbrc
4379104855,lsmla
9548725046,wlmpz
7758430727,dwbaj
2935074411,plkhf
6719629634,nvzkg
2112364438,nkudb
3563342769,nphzq
2166057485,gxqbk
1918231461,gzmbn
3980572349,qjcpn
5698303634,hrsrw
8720555619,mfkdi
7201693044,lvggj
9701220230,rtxdq
9959296596,nllgt
5275944758,tuhku
1725548086,dawzk
2439971588,bmmot
5466184839,gggcs
1719139638,fmmcc
8994344039,kmsqc
7698195725,pifuw
4170138971,xtcwn
3297178976,gaqep
4838416984,iqmyr
5080813098,ghpvx
2858749293,akbtb
4346588265,nuvvb
3558255003,uvqcp
4064209253,qklhl
9290721758,ptccg
2363632512,mhftz
1728164387,wbzyy
8296264018,jxhrc
8675131188,fqtvo
2033003648,gscct
3247059795,ekjag
3951939988,qpvne
8730485414,difuk
4640172365,pyeap
3947500014,vkbmh
8681355557,gqapt
9619986838,vowdl
6408052672,dwlvc
1034578079,powrc
5611474894,abyhy
7291832252,sxskp
4220605271,eczfy
7702410981,wlvrf
7574810721,njtjo
8689095398,evkab
2888342596,zqyuy
8564109329,ggajd
9349650511,guswe
3516853382,mcrkf
3825516459,cfsqk
1973419498,pjmrj
5234579453,atazh
3683475524,sdsjv
6900376453,wurwo
2097226140,ogdot
1362999689,zcqks
7963084405,ugzay
3348489899,qorwx
1605615365,drfrl
6769160494,iuvlo
8406812974,dtlgg
9977958128,qkkrh
3830346846,zsgil
8539282036,rzatv
3480282293,pmafy
5597305987,ttspj
7235723902,ubuym
1152833817,hczrh
4190060708,vqkwy
1189584943,fgegk
5619388546,trert
3960447576,hbxdi
2235230127,igwai
2250536213,iblet
8616626203,jvxnb
3618740939,sfywp
1204861813,nnvzk
2975446605,gmfbw
7427209870,zwvlc
5840667138,qrrgo
5894961684,vyync
5588573309,ugdqt
3460997155,yhmmw
5638740240,ljvlp
2851391764,ofgby
7990921276,iesxv
5620769727,wheol
9374732587,mpvfw
6068611178,btwak
7385421157,ocijt
9594872985,ofpbn
3049513422,rnedy
4883224254,zujwu
6164174472,gdoyg
9345335628,wttaw
6005251775,ilvuo
8114596999,owecx
8286827121,ycxyi
4521612305,icltq
2721293954,scvsn
1849903699,thqtb
8426028985,gxcww
6282986279,inlhd
1039107249,lhgdh
6858370839,etuvt
9473347917,tmdhi
2328397815,oxgku
1427065626,abnms
1617629486,nipkg
6182701158,sbrms
3251736864,iswvh
1992896709,sgein
5892028743,mtllg
6077609737,rcpcg
9456400484,thbiw
8125156983,rbeiy
7974623000,oqork
1063904577,yacxg
1298364727,eziut
6788855487,npdem
6200880490,hhsca
8161864554,jtwgi
4924326519,wvsuv
6269099281,iyykr
7468361550,orrpt
2025016481,eqcsi
2517048345,bndcv
8417536153,hwibs
6738138195,xtuyg
8719684261,pqblp
8089855244,llnwm
6583843662,ujztj
1729990828,dfuva
8438354260,aerih
5793031586,rgcvq
9822199539,medrj
8459882593,hhggp
3677315166,ocavt
8011366837,iyotc
6466327214,fqfiw
7854970258,jnivc
4192616003,gsngx
2964221561,edjnj
6094541273,dwljx
1897330722,opedm
9240078686,cesmk
5512679832,pwija
2015218476,yhdik
2267841806,scoyv
7466518002,holqv
1553173414,hesni
9699827475,oezfz
9177722155,ugfba
9547521668,vypmn
7468183385,cyffa
2089128595,wvlux
4406846894,wthop
5786539876,bslgc
7181565327,buwld
2610514228,qqtbl
2475269708,mmdjr
3886075303,vccds
7151988027,oistz
8795784742,qhaxb
3605098353,inaol
3754065435,fmgzj
6064055928,imcvh
4704206599,duwlm
8027322782,dzekj
5308335440,ovtst
8395532467,wtsig
4802369788,sbsoy
9466543070,ubnkl
8743080280,xigiv
6991115261,rwmsd
2082220936,rmdzt
7883354529,jnzsx
9055268589,gczoi
6518363685,zzvii
6772109421,ggfly
8734191408,lwryw
3076078666,vmfoa
4856421022,rlarh
7977361394,xhztt
8425972705,kuyhf
4778307585,ehyvv
3079957574,exyfp
6983261762,jzslv
6165575169,mfbdq
2527654316,rhouq
6472885613,teoze
7549075700,crgdv
6308440395,dptor
9791675423,vyulz
6343836119,kplpk
1951134956,ztgau
7412066080,vetvq
1476278936,nrqqq
4799009303,iphdg
9932023012,odays
2479689508,rrsfi
1967941635,njnua
2637197941,uugxb
6585802323,numgr
5311409791,rszon
8715967548,xhrqo
1831417776,vwvvv
8306582337,cmbnz
3465578146,iftkh
4649602374,tmxug
6722623882,bkoom
1163859314,stkit
9273344524,brybv
3563721007,bwsyh
3522152923,nphez
6947429209,svmsj
4145127245,ycock
3883403423,mjtlj
7961292030,pbfto
1319403412,kwpae
3471901460,enebr
4526008079,eteam
1519286226,zjfam
7784222081,zxchf
4836163739,qoeyp
7794489746,pmxxn
4232424151,sfvyi
4180383190,yoxsp
7958104996,dotxk
8309995634,gazpk
4796111022,hgjjq
9395201133,olenj
1038683125,frrez
1072442524,domdn
9666395176,uorah
1743506170,wbfhy
8155141006,chwbg
8820033354,eflth
6347127504,ncabx
6216537261,viqaf
2998345457,kxddd
7665106351,bkbkc
1329672451,jinsh
6924313453,oyoal
1699827251,ilucx
5881775060,kfpwk
9857308387,vxnbd
3696274484,bfzar
1782051900,jvwup
1290120451,xsanm
5177394305,muplm
7434310746,lixvc
1148044494,bjxbr
9207320369,psjyl
2938313449,kzzny
3761607456,kooxv
6971883659,joklo
7219473292,nnste
9177402175,tnbpt
1444946875,ukmyo
7081797490,evxyx
9509384316,gbkkt
8909604489,pjnvr
5188290282,lvzwc
5855041049,yshjq
5524447528,uhqyj
5907783085,vkbhd
1128979330,lsdbp
3846040533,fdcms
6398237257,pdfrx
5279109361,cuhhr
8822732427,eldrz
7247371377,rwhtb
9966432333,xtodw
3730171799,xpuzc
2380490135,pfxlq
9534207501,rnsyq
1271049752,vcjph
5010947212,konsv
9171082703,nazst
9267040035,jhxdl
1663838862,fbnzy
8353478309,nuyof
2754506992,ietjk
2945935242,vjixz
6542320511,ghfqr
6977770719,eqbjz
9816347711,xwuja
3198870578,xrslz
5754018410,loeil
3317709879,glyuo
3319565000,aayew
5906152455,lwpmz
8636844284,hqwwo
1182071108,ikity
8500026701,izpyr
6507139342,wifvz
8158147350,wncll
4234471542,dfijp
4248225675,dkajw
8530842259,tkpjt
7390704926,egqim
6936383575,ojhpv
2342604671,rorlb
7527847654,nzwnl
6181655746,rwncx
6386016679,kqdbu
6897738945,vjbjy
2217300366,otnbc
6056773215,lbfrx
4036969163,tsbqr
1822719478,lnvgc
8453194479,ciesq
4292185804,gduus
1151001620,mdpjt
9681208296,vtlzf
2629607311,wvgmc
3044533566,jvutt
5927856465,krqzz
7587617846,sovyz
2640894736,fqwco
6903966129,wozkc
5844592892,ffunj
6139121173,hygfv
3204796401,bzrgw
1445198756,legdj
3469309258,lxjsa
8254662167,acsne
6107762280,vyfzd
7084122310,spxmn
4363093164,bfofp
2951391589,ujtss
7252239284,esaay
7112448462,gxlcw
7871851314,ywqyv
8760857752,ypqpp
8408890497,himul
3932357257,gijym
1534062590,qrnfd
4223594760,pvumi
8719318780,hfhmf
9893663137,gjrox
1996264091,wlodm
5418332368,craeq
7141760351,zgpck
4662350649,tcfek
5281052761,aiali
8005450657,geahl
7838218236,ikswu
2422365573,xswtu
2784258072,ruwix
1367919919,bkqse
3953768925,srotw
5408089079,anzfb
9924102725,xqakg
8535104333,kxyuf
6227814970,guewx
8888819272,nzbdp
4202836204,wgwjt
3315916864,nswtj
5087997796,jjhwc
9468765152,yyrjd
7239880748,yazgc
7381559264,wvwlc
6558339393,sfppx
3158407573,ghckj
3022247608,nbmvh
8158519879,gzpen
9481541658,ohvwc
7420031905,yvrgo
5037930672,gmztt
8097880515,xrbrt
3532309582,pwapw
3238564756,cozzp
7538237043,qnkgp
6333419634,jfeue
4645508554,dnptk
5529223117,yglfc
8070750522,aofvr
2182824220,qxwwj
8561179531,neeqy
5946214702,ipjkn
7389653140,siekn
4087316186,gjpqt
2839032522,nywfl
3423522131,edryn
6313298158,drrfa
7925814371,rfwmb
1550908603,hpkil
7717398414,bwjbe
8170761215,jovxj
2684234078,mhjwz
4680131641,guovx
7596137963,dqngk
8811949423,wwhtr
8287067086,vilxh
8594115465,gmzao
4645653506,zsomo
5960940532,rhpgr
1685817735,wjrxv
3056807187,uuegc
9165903099,phnzr
9281297214,alxsm
1348541113,smxhi
2367884919,jercz
1228990169,eblqy
7763570821,begcs
7907367879,qoblt
2836685015,nkhhq
7875755585,gdrjd
7636312390,gmvpq
7922852801,udpym
4178354717,qzovc
8638081913,xqqmh
6736461237,ligar
5930679872,ecxkk
4234712170,lspav
5105658835,cbwnr
3939288311,pcbyw
1753011178,isdzg
1134067115,vmkcb
4650767747,rbofk
3168670721,ncdwa
9729463583,illsn
1325334097,mnvpj
4112684311,gocuc
8475275278,uxwtr
1725802160,emyjj
4777661623,evqqv
5597222183,iatmg
4671464462,hmmdk
9135888305,ykcbv
5516335910,nnzoe
8682325938,ldyxa
5696362865,ugagz
7223970354,umoty
8705136854,haccr
1786305198,rogts
6806960669,keuix
3448007135,zrtwg
2515997233,cjwoz
1839837611,cpzkv
7265450126,czwsj
8061549997,etsby
1599738393,ovzce
5667306952,gtepm
9998715860,icwxk
7985259407,mshok
9261020006,czjnh
7647075539,dctxa
3175628253,zpqas
4242111738,eurgp
6869394124,mydgr
6837986932,scttt
7514773039,bhzno
9566743584,jhwut
1843190560,fqwnr
8322729822,omnaa
3267228330,svaot
2485327304,fkhvv
8655715080,ruwch
9086016919,rhnvk
8510104128,rlqwl
4134589018,kxcqc
7005905624,ikyve
9685110587,jkkov
8096106207,ntfui
2042587841,vgclc
7086806741,vleza
2203774540,qugji
2514195968,jnddx
4953909969,rofzb
4810029208,znscx
2622657369,prjmq
3570205464,rtqtn
6950947805,wdbqf
5108260585,sfvlv
9414649882,readw
7081766697,piupg
9652926194,nfuzi
1585011672,yqlub
6783820189,pktgl
8162593435,hfueq
2927074124,crgef
7414082181,grnll
3010922600,motsg
8868372160,wnugq
2099646503,hiyjt
2805022263,hqixk
5303445540,jkzzu
7049471053,mfxba
1797720711,dauic
3869325414,tfuod
4475785227,ejwla
4158509415,xmsur
9284953207,mbogs
3220676011,wtslh
6907616453,cfibp
5836125998,ndqib
1075396345,qxkkm
3164971945,epdae
1172742219,yfloq
6168986041,tijav
6341296729,bmzgt
8085733056,bqsiq
7065231189,cswqu
4330138199,ujkoq
3451855824,knyfp
8205098221,dncah
7319169658,xxrhf
1259031256,oyzwj
9464086419,pbkuu
2563548941,ccniv
2003810906,czgaj
1973880980,xogsl
9370551930,ovbhp
7544584938,aloan
1313324047,mplgp
9340175968,ephht
9027316109,iqmrg
6538367326,aggxh
2978065586,juqiv
4143342392,wpryl
9242777302,xcwxs
6682144208,hzizo
7101977208,srvhb
5060212005,tehnr
1132965901,ugvdh
8890037435,vicxf
1638221149,okoyl
1828659796,ychyb
7147267112,riagj
6077177349,dhyub
2070533068,egcnq
2744855840,afvxm
7924278352,bysai
6856287319,vrphl
5841148517,epzrv
2857953895,azyer
9223871804,hhzad
6098627598,wsxzn
9626732678,yhwla
4768445831,qguez
6440545507,dsfgy
7776476064,zxiwr
3772313789,bkhnn
6502508082,xznwl
9831342496,iqlyd
4038521786,sefhw
7193049202,mbjfs
3491169888,paokg
7002922028,tuwrv
1534448683,gnuum
6229055392,ewmlt
8203596419,kugly
7226614160,biiag
3616819756,zcngn
3852571802,pysvh
5862814673,aicdu
4822638513,kpmio
1418358268,lcefm
8177134479,tmdtq
8214266247,qttis
5215138024,pwkwx
1833091776,hfvjm
8436435749,avoxz
8653148834,xtirl
9778707794,swmzw
3838366507,agagj
2718194343,ihgom
9812941746,aylfu
6617955885,lzrxs
2814971229,sjren
2901627970,ccvlz
8593267111,kmixy
6275922531,djxre
9421622437,vewss
8509435720,jsaor
8396449992,flzsf
4258170127,lmopn
6178503819,qybyz
8140559062,mfasv
5381397759,fpxzd
1141484618,zfndu
5535791971,xvebk
9141781710,cmxzc
8915473397,fqcja
4820721643,tespe
4529939209,amyqo
2519503265,nxkoy
1632155041,wjzxs
2879540068,hvlol
3530505947,bgjlk
2757560796,sdxbw
7583596764,lrlyn
5087922909,pmkly
8503406572,sgnlo
5891885097,cseop
2516377221,vkfsx
6307512741,ytsvn
9206826947,uxuum
6729485125,rckwy
6549661619,zfrve
1731905101,yuzpj
1089140782,vrqok
4079083879,zjucl
2435906574,yyebc
1694843450,ydvkp
9139837125,djdzv
2297807813,kydtr
7561627719,cwhua
2723920056,dibvj
1179366278,xwiao
7111632089,rvutz
9813245495,hgtxs
2162814856,nvzxj
5934097699,pjphf
8208518070,snsll
9183297427,barmp
8881312821,rsrjr
9717144041,gzctx
7235521756,anndx
4834776540,xkxul
5039982033,ohtoo
7957739718,twivp
1370710077,ymmru
5985724291,ngnmh
6620757312,bubof
2591495659,qgrtk
4340553341,gofsl
9033086868,tkshg
6300462262,zmtue
5294985725,shbvk
8407806478,aqwab
8842249710,oejid
6880557030,afugk
3431178438,hpkwm
2121863901,zzloc
8973930669,srevd
4630775960,ayyel
3370664950,usaui
1755594414,rvvyw
8794353794,ufibt
6169892561,qbqpb
6894065533,pwnat
2057494413,mtcwm
3555755255,jqjfx
4401164462,wufsf
5335918050,eogvr
4393379473,ldbmw
6972675908,rktcy
1420373158,sbqtk
4081683400,bpzet
7107737856,hpjla
5392663674,wqpki
9256499483,wpadz
2999417153,lezet
2992992226,uqehh
6828526688,hjvpi
7463185149,tvpfo
3024157900,mqvwf
8961391081,uinej
7023128288,gctrc
6991516499,rffbb
3500561698,ndxin
4432517872,rocvl
8931698889,htcxu
5861109555,qqhvo
1833705675,khyey
1006129636,wgcxw
6489153491,gxwfk
3657806779,finwr
2429365475,pwvsg
5772489427,bgtvn
9020498241,jnfxx
4894790950,ctmnm
5548226002,ylfwn
6791905533,sbwvi
6630488505,tnoaz
7540383065,zpuxq
6526179889,yvcfg
7000385455,futbz
3139043576,lrnhw
1387034422,amily
5731590099,gkefa
6823882829,cubuw
8567867435,xrbqr
4183926819,pizfl
7366144630,jebnc
8833774946,bhbvy
9212723808,zkxco
3558957702,rxkxc
4847037809,ktrqy
4113111173,sqxdp
2867142596,iqanh
2439710741,kmftl
9411555754,ehmuy
2995464915,xxumf
9371798336,ktukl
1985405243,ncxlz
4871484361,hquzl
2054195334,vytay
7114828930,xqzsf
4227270164,kytej
5467610616,ifsgc
2820330756,ogdks
9419752500,hbmrx
8986009854,urdxx
2787576465,xleyx
9724138424,xxper
2605352413,reyxp
9098384756,ixtgd
8149465431,imadp
9265998841,xvryo
4654092792,dtbmf
9417820354,rxcld
4978714686,nganp
1764500063,uasdk
8316191094,mtmjh
5239553672,gderu
1947362246,toatj
7067270900,vcfvi
6568349521,hxajn
3439290461,vibma
4645130817,fbmbc
6870947346,hrfos
5902978360,huvxe
3569536235,wwwqz
7327873180,egfqz
7146353551,cefpv
5468140848,oiqkg
5302222162,jzzjt
4589778361,knxwo
1594696117,neinh
2502924853,vgzut
5458969724,vrnhl
2966496673,zytxj
1386172253,coyar
4987928303,rqwei
5752876026,tukmp
6205735489,dfjwq
7494194386,beyjr
4848867174,hbwsa
4452483370,ghudo
1762347495,pguzw
3845785526,pzaer
7774272095,kegev
7118260455,bqljw
9290322237,blxhb
9673251758,homob
6132689179,znetx
5205052702,yqgam
6753185873,hzhni
9541733583,qjnoc
9498416131,hozyi
4949791259,clzhj
4717642480,elouy
5835306488,jiuzt
1820510919,vtnlr
1696252904,ghwsg
6693530389,nzgxi
4994272202,mdlcz
8537857861,vxeir
6571294674,dbegx
5966527010,sxldl
6830576955,zjcqj
5194090938,kyeeo
3961817570,kpwaq
1473128300,ckvxr
7905090728,rszee
8330652876,dyzlf
2733950470,ftacl
9152503216,jkmtx
1627620274,bvjef
2274677699,frznc
3685215187,lrrja
3807999968,azbog
1108577096,nmxov
5351961255,gzzjk
5007278074,dnhlv
3572858737,ozyip
2728445063,zgiab
1119601407,bvgvn
3483415895,zpqrd
4503883196,rfqks
9912077688,syrud
5975579517,nnuhi
8086579087,cczyi
3812157002,attbd
3217735899,opbag
2960240203,qjncc
6277926009,aoclb
2486894157,hmqmf
6710239268,hgffi
3645407239,pdbps
4093954024,foldi
1447169502,qqjmt
8788869608,xmfiy
3727473227,ubkfo
8205541172,ubosb
5523339303,hyhvc
5330918122,ffqod
4441226855,akgvp
9072980948,cmmcp
7047660000,rwcvc
6036686816,xuzbk
3045206914,fcjxx
9787849121,znkpx
5947527494,kbcgt
7261828627,aohhb
4342869801,rktph
2427377033,bvkgu
5130622681,xguvw
5820990349,tfmav
1670204499,ntnrt
3103006538,fpzxx
3246229526,algaq
4903648912,yfzzh
1495179230,phbje
4010271141,mmiim
5062372859,evvlt
7289681040,akzyj
6256023169,ybqim
1351149868,bkxke
2773691530,znmcm
7642472485,eyzfs
3155852874,jayyz
8311071158,tedfe
3703783377,ohsyl
2258478068,dfaft
4646983248,jluse
2515269682,lyaid
5438399032,bhtbr
2033149459,nzmpw
6729228432,zpmny
9903571092,oxsla
4309027025,zxjem
3934330553,bdwyp
5158649876,mioew
1810739146,jjaav
5277877040,wbzwz
5821363189,ifpyu
4183586513,vdrjb
2027329106,wteku
4287050250,sfvid
8647212124,yogpj
2019128763,gelta
2907503189,mlipu
1535793437,xqywm
6045290073,ouubd
7355678495,aojcu
3186282637,hysvb
7485556342,wgavp
1680622576,zvpvx
5291564063,bbvai
9198030614,zqxpx
7381993324,oypmq
4928842070,wivrl
5750846308,koncv
1178505531,lcqjx
6277618465,skqir
2471173793,jxdzo
2124509052,rxdeo
1816279197,pexlt
1470862666,jlzkz
8370333955,quwra
7715824159,srvvl
5708699245,zbjhj
5594354128,wjdvx
2596399916,xsovf
8713919534,fzzdg
9142803777,uvnhr
7836718875,rrvhs
3317430658,igick
3391487950,vispy
6452575976,ssukf
5494627611,gdevz
7163216295,manng
9049894700,zxlwj
6907647467,jjqvd
2312289524,mfsib
1057793397,xcqrd
6403181073,jpagk
2013764885,chdar
8792984872,keeon
1897019562,zqond
9074047181,pyvcn
8322629419,ceqfy
6151061736,zphdf
3623763467,cerxk
2555975812,dztts
4859912423,btwvk
2607205007,efbcf
3094294505,zoujc
6666289992,dvhww
8624419201,xyqfx
3043399035,dhygm
3347314963,iuwie
2165891712,wgzpi
6078600765,yujfz
4025702421,bggoa
7126072888,rtnhb
8441427319,rigfq
3342188575,vhmza
5338042819,jyeqg
7044558531,afmvm
1083744883,eeknh
2009733861,vkntn
2218119300,gmpxp
4642048996,lnokg
4249958928,rmgku
5722579403,gnsfk
1858897160,bvnpj
2161975742,febgl
2457452484,uorcz
9646287322,wxxie
8315583484,nifor
3303650125,ryupr
2231372836,okkek
9037777430,tnbqd
4032973877,ldjsw
4321507055,cxmsd
6611345346,gfpfc
6254715506,idydb
2851874588,aenik
3922867366,xzzxw
7054873736,odses
5492831787,hdcaj
2510647217,aards
7546836142,xysrs
6239901295,cxqwo
5241556519,kqdag
7011427762,crmqz
4497239646,dzgus
3352782730,jnjwf
1760542945,phzfr
8613061493,xytuw
2665982615,sxfhn
2069076023,zbios
8994622736,emudo
4395812458,qtadp
7927120678,stcdy
6240835425,xjzmd
5620010727,pzkcr
6572935956,vfnnm
4194027700,ukhev
5598822656,whuxe
7076596225,voipf
7690707230,kblyg
9260367028,zgowc
2961647820,omovv
2116457130,yhzzr
2023539842,mykox
6799203216,poeka
7363427341,pzoeh
3068589655,nofbv
4694027042,nxsiy
4096070537,sjazc
5963169463,zbuyb
1471510834,kwwbe
6755944566,geppz
7674050305,ixlud
7430055355,wjibm
4850955018,jyjym
2554434260,vpffo
3616158313,frrqx
1281812031,ovwvu
2147496630,yqvqp
8448165791,kgwbz
7906700601,zzrbt
3462139594,eficw
1002789828,yujoo
5457721688,urwsp
6423757114,chnlh
3686849695,pxzpl
6562805408,quzyp
1604880117,pileo
6398780152,jrylq
8302718803,hfyls
6112585074,jktnd
5278972580,btknt
2311544304,ktnzh
4363772317,tuhtn
6755741111,wedbi
8056388411,xjstn
1608805079,mpzxa
9320814869,japge
6365731971,dgsln
5823172415,zsykf
4494335234,byoai
4544503465,lpmkp
6964519670,mwiid
6490602707,tnldz
4246824431,gimqm
1693122541,shmxt
6158951338,dvqbs
1297475120,otmbn
1018883331,mqdop
1679266145,nbitd
9620343041,tijcm
4517116706,zxxxb
8795972334,lkuan
8003930338,cniht
1938533530,lvbcy
8139626403,nudxe
5722756335,kfeoo
5062564592,vhyok
3624270960,arnwh
1263810869,sjtoo
4043808515,gvsdw
3515590304,xuucs
2730860872,zcdhb
6108331317,ggzsi
6488282762,wclba
5948594094,zlpmt
2781597043,ydvah
4621192722,lpwgk
5565187708,jlmil
3667629616,wjrqk
2396854477,siyby
8916085846,giqgq
1889037678,vevrh
1520378973,vagqn
8166882502,kruca
9979151222,asnnj
6747157126,vlesj
5166110269,berox
9012381469,qvqwk
3170161699,sfebb
8674492560,cwbdq
5628800420,izhgf
1072586369,bjpzl
2379495170,xwjsy
3883668669,cduwc
3597446374,oriqm
5710090726,qdoce
3683655736,gqgel
6259978819,lzsec
8928549817,epixy
4027950997,qpjvu
1689094305,kswkd
8494846941,dcawg
8872740946,lonwt
2222590687,mnvps
2734608355,wubzm
5882286569,ujdcu
3846640241,vtkqa
7471230639,ihjye
5487464779,nhapu
5857094989,pcfnq
4793465522,szfbq
3016021338,ppkih
4593441099,jupda
5442711156,tjuxu
5538943215,xxsmo
6140517076,rprnp
5751320296,veddp
5194686678,pylmm
8137067175,zjspp
9451713434,yipor
3881731744,uznph
7493205903,amuzd
7640125415,aqqgo
8974244546,frpkp
8703669513,xrxhh
2708076256,ldexm
5258089717,rbpoh
2235883262,oxass
7736864609,vrntu
2627461657,hjzkl
3155765987,flqnh
1366140354,akosi
6508006013,aodpz
3724727730,josvj
3179533503,rqjmr
7352950488,nazor
5052768651,rrptw
2248965058,zcwjq
2813639784,dhxwa
8077158098,hrjeb
1679595226,einwd
3922158686,ykcap
7773134119,mwhkb
8523942944,kfyrx
8570183889,uijyt
5922944488,pqtet
2944534704,zexfr
2628292787,yhhsm
7937349884,trkcj
2235699935,zfflx
6153451463,gckxi
2974642040,kuike
5010872447,idonw
5746904709,usnrq
2351545051,qshzj
3056752477,yzlzg
9712513934,ughrq
9027706028,zhbkc
5243842778,vqcij
3350277669,tnzte
1312011578,ozrkw
6158123869,xopab
4249804400,jzzad
4848731347,eswbw
1485518345,vdpdo
8555219060,tngfg
9670695116,rdxwj
5486708070,fvkvf
9586272702,xjfrn
7216728068,lpmut
9573715175,yczli
7799702978,twcii
7627849317,cdwlz
9687106817,manaf
2473789546,fzbuq
9396706999,uvqnh
9877588274,etbvm
7538272896,xtcpy
2131061553,buwgu
8488282588,xhini
3007050733,bjvfb
8249388035,ujmtt
4629836426,hjren
3437885870,xthsq
4304725467,aysfg
3317203181,esnhb
8586037783,yyjhh
3335964044,xpyjv
6012542995,xstsr
3292569698,tkeiy
9305414657,dqxiy
3725853595,aifbf
4007312360,brtmo
3617609729,cvght
2060653632,smbll
9534962230,smzbk
9482769593,vlkyd
6068838005,axgeb
3011492082,nbxje
3184764018,jtuni
9766292836,isyaw
9949713731,bmzgy
4141246370,xodin
4944270136,gwcpv
3938978146,jgtze
9858091351,jgore
9403271782,rbcbj
5306885792,fmjdx
8051985199,ttvoh
4822488526,jjzfz
2154996274,wodqz
5934944826,bqmfr
4445713597,xedbb
3682804272,ftecn
5340855871,flhmi
9372555800,zhrnw
5629614811,jfewa
2191730966,gonpn
9433722574,vbmfw
9862831683,pwssh
2102735987,udltf
5129316784,sqbrd
5981316093,gwlyr
5333013650,ozuem
2623822088,dlhar
4669691617,kdhbf
2933441265,bkbra
6202887242,arlwd
5488365947,aoxbh
8096829455,kxrxr
3782417024,nkqtm
4247033187,nezgt
3136771715,dbnie
5434466867,bemmk
5730523397,ngswt
4963712795,nvteo
5437535458,txmhf
9924031737,mwunb
7704241139,tnixi
8544449183,jwchw
7081898751,lvvjk
6881813210,yawqg
2275959091,cuyvv
1309063992,kwwer
5637498208,xsuhh
9785776098,cgfjp
9177771456,ijkyo
3930413704,xwafk
5264861793,fvhzt
6835072310,ekkaf
1599038292,jdbgy
5977268711,xfdmr
1147966898,qsnvk
6253668930,xmdel
2833239339,nqfft
9318465053,mgxit
4848817214,xrnis
8594957632,mxaxv
6724670630,giwul
5265465770,viagt
5970609607,kaijm
8454710262,vqsqi
1033872388,htxpf
1197033043,tpobh
6098268373,ipgoq
1995257775,szgbm
3077706731,ypemp
7249439929,csygd
7684011144,wxagz
5764463029,etlgc
3684342934,qhskz
6872487593,nwxxh
7962120435,aoxhe
7538790234,xeccf
8297636324,evecc
2445464496,mcwwp
3011304686,mxjhp
6532553725,oqlmn
5827490714,lvszw
5447964389,sldrd
6057909924,usyxf
6574513452,ruorm
1423689393,wnfwb
4679547828,quudl
4923751150,aften
3508861607,wwcvn
2355135119,cktbh
9635042925,eytyg
5780395440,xgqei
3104676485,bxjgl
3752225706,zvjry
6162888066,lucua
5055939899,pncup
5147902642,fzuog
5854222768,cpadj
2596945353,vaiyn
1573545960,xpryo
4173733602,mjcxg
3899955207,tlzab
9690703604,ohndu
8016029586,zwsfp
3782112234,ycfwp
2188130420,vlrbj
5350989042,xdigy
3195496171,ifidr
4902868034,qdoef
8458084973,ncszv
6685092061,uiocz
9190433931,gjibj
4161760551,edeye
2371016359,bplny
4894712107,sdwxj
1245421109,xcyxl
9318201460,gwemr
8253062909,fqzwb
5069714559,favht
5382786201,oqpjh
9594156374,uxujs
5865140604,lroqx
3300470383,qkacv
1992201100,uuwhj
1238437106,xcofm
7241519762,nenod
8077115669,vfpwx
9562756498,xpzeq
2075058150,hplfp
1977703757,kjtzu
8930020653,nchas
3155807099,moecp
4851282761,nsrhs
1420122006,xdlnm
4796954535,mtkqw
6205762768,gqxyu
1784755129,ldgnb
7350275842,lroqt
5994424742,zmsyf
2224704901,kwjri
6544082686,pdsda
1790389653,xxmfv
3997126989,jleho
1176597299,ytvzz
8970091200,uintr
2439950264,bxrqe
4222728407,thhpj
7529575536,oqiam
3507857007,yfgxa
6299179610,tzqyi
4241330533,vpwwg
8715713273,lvpbh
6197283993,zbvob
6887711563,dzrmp
6360116232,xfmbm
1115221499,kjysf
9447493645,ddfjl
6818562510,lwukh
5948788139,foknx
5600985421,ttxat
8113156787,vntct
7149030336,gvfwm
4503253108,syrut
8475307336,laixq
2956935984,yueor
7253026926,mdkjc
2631749257,tbddn
2741709902,rswzs
9826762926,qoyfz
4660274253,oswel
7974426261,yslyd
7450106965,zbgfj
4381846022,wsqsl
6769731863,fjrck
3826213698,sgeff
7966219356,vbnhx
2444895980,qreai
9007748621,fayss
9034926013,nexew
6024716568,ugqfd
9380689702,bacut
6898998947,pamwz
4292351153,nsnxe
8168162960,qggyi
7927294921,szzeq
8384859123,jiyrc
3730945185,jtdwd
5970761286,wmswv
5232184198,wemna
6326413527,gaepr
8939401791,ffvdu
1083321888,wdfbz
4872079651,wpcnr
6719380170,xgolb
9090335961,akfvp
9636961734,uldzj
1027316759,wgycc
9105356222,nlmvt
6041614463,tjgmg
8784062638,njwao
1275332263,xtzyj
4079055810,cjour
6774120814,uulsf
2695754147,ljbgk
3844614105,pyyvq
3178853501,imjbx
2977638355,ngywf
1358153627,foeck
8085708802,csliu
2602992536,nbhko
9997007682,rghnn
6339239763,lhcsv
1078779228,zdlpe
7674067361,xfqmr
1465745221,xlwtl
8424916248,vyvap
7720154742,okwni
1842520326,goblq
3799164137,tuxrq
7672351765,fxgea
7922443154,ukcbc
9045764651,jwsqn
3669472294,ntneo
6983262414,mxmte
7423989797,aytqw
1566201354,hyjsz
6000106520,uatci
1672033509,goucq
1257743141,kddew
7036100954,rwwxy
6750549079,razhd
4766963190,bwvou
6004404606,lhhzg
2764627490,urmfr
5135121093,htbml
4982873215,xswli
4832832591,idmie
3161073331,erres
9740049791,bjbco
7016704382,yeohf
5387189090,izscv
3872050294,gipbh
6853911247,dipam
1390278997,cdgel
1304833525,kknmj
8143728927,kuman
8322452561,wqnqo
5482974142,tleor
7116154657,ybwdl
7256240284,jvovl
5325736405,kouzz
6248751011,knifb
2074765785,kvyfi
7122223732,kymqu
3901529461,sgqxo
1832352384,couap
1375213297,opimt
4275251046,caqyi
1868594138,yjxyc
5063479368,tldkb
4646493703,khyds
1547403606,kpcar
5784912498,wmozh
6250902628,kaarg
6484260959,phrkt
2550046343,flath
2984544858,kaqee
5663531743,hgshy
9001712645,wrwym
5251672975,mdfjc
6630504502,afvye
1470567498,vhjrf
6543516723,xckoh
9547143205,xboep
5027041833,haejx
2370745478,cuvuh
9663159715,vrwdg
3342424963,uctzn
7574895215,zobbb
2420124989,nzmbw
4176090080,awhvs
3793884437,wghra
6013394762,vmswp
8738776818,tmhbi
4756236248,ybpyv
3247701265,ldcqh
3078163251,rfrdf
3728092635,lngzg
7917384732,hdvzf
1675820395,bygss
3278342512,bxhzp
1580054001,fxlbh
5816417352,amzjq
8657730716,tkrnr
1760531371,xlseb
2574456518,edtwt
7344511709,xrwpe
3474209201,edljt
5509566210,ftltj
5154767106,epedl
9313282805,ykwws
1025346342,tenib
4173570670,saivr
1768319895,phkgq
9891173372,eixis
5796171594,mrueu
8128271273,grect
7266316252,pxtvj
6479668235,vpjql
6846190088,kkqbz
7070784329,azrei
7814193621,czgrq
1026604787,dugar
3903770305,cnvwg
1345671307,zynba
7025011355,leyod
9997304606,ybmfi
1347666769,wolga
6497111156,ffnbz
6980021907,bvxtd
7031071371,gcscv
6784603455,sbrhn
7106099112,yvgpt
6682818585,gmnav
6691586341,jjtzc
4992018530,imnti
6188882008,zorbd
6934601752,pgevl
9909339953,yhmzp
8834421696,cuoyk
2365336738,frxrr
1392337042,sphin
4751114507,gksek
2956558096,lapol
5530523412,vdrht
8783632148,ifgfv
6644079246,twerk
1840654146,uqcpc
4972787133,jzsvh
4974449724,ybctj
9494943393,dpmet
9219145925,adxka
1947706056,emlen
7497991178,wkzwl
7199488973,ibyvg
5577046975,hjsyw
2364330139,qltae
9392070459,tyvmd
3957782463,qkbks
9430993498,kfknk
1236375859,kcnhx
4479744801,rbzwr
7500654654,odfbf
3097146929,rnoex
7964214058,qwhtn
5020438519,drpzt
7048984621,oluhz
3668301097,dqihp
8192482996,ycrdo
6881981406,rxebr
2432505422,lnegv
3123727753,tcbqm
5578671278,gjyih
7859048697,hrphv
9999846265,rmckd
1652498975,moahv
8967040323,jbtaw
9855593242,tpusd
5471075740,frbxt
6253019833,kbbst
5813665919,tspcg
3948350502,lvkvb
7016152705,aftfi
4485673115,wgsjv
5622409645,fxhvb
2948002016,rvncn
5485800256,elxda
7882553120,hxyjm
6098684400,tbymp
9290311715,zaxqq
5493122002,mnjwh
5088257736,lleac
8864535025,netzm
3234571113,bmfea
4225918070,icdel
8249952054,qfldj
8778345801,saivr
8364780139,ezkxj
2289237233,lzyah
2579339527,vgejh
9328093378,zcwbe
3840846168,blzyo
2603182731,kofed
7163183508,aklpz
1677827848,yxiuk
3239387480,eipxs
1251652199,oczkw
4555986589,dlqui
7783627994,gmmrh
5352538907,mactz
1563658661,dkchh
4708180675,urthn
9088213416,rtzvn
5510100537,ivibm
5895759372,ijwzg
7792031678,fsosj
3003540131,ymjml
6133841066,wtlvt
3001107332,qbmjk
6515142150,fxvaf
2571057812,iubhr
9822800337,dclva
8394821581,xcpzh
5686370878,beutb
2502104501,syjuh
3867747992,ginxi
5614468465,sunjr
8251206820,mzwwh
7743586020,swlvv
7715739292,yvimc
9472040420,xwixx
8352751922,yrxbu
8914655675,mljhj
5763224792,rodwo
1138320208,ohtut
7833029829,zbtcv
4966629902,egsmz
5406101617,vtdcb
9392845278,rjjgh
6286190676,ojxbw
1105841955,lpuic
9156550695,ofqwb
4478045213,vzunw
2369333443,wlcok
7177021217,htyvf
4880842190,jfdea
6296233799,mmjar
2039431498,uqzrw
6650574717,ccola
8600577083,kwpik
4351630220,sprbu
4248731259,omrrt
9725810062,ywxze
1709595376,zdgag
3567018497,irtht
1077861578,ozrri
5542157070,tkjhw
2084512087,bqhpk
1960500376,fxzbp
2895295750,dfvhj
2509014515,uzcqd
9640125733,ybawf
5638658212,jbqfk
6432992562,kryrl
7593805755,dordg
6463524113,cgabw
8471923371,dhfnf
9453258409,binlv
3712490174,eosxc
3760898191,cdtnv
5064058576,fyisu
7820311388,pahfi
9543462396,ejagj
8137139609,qcbbc
5278586515,eapmh
6143430877,vvopk
9064573805,zrivj
5999277762,hquij
9796333879,cbget
1708294861,ojvxl
5058235001,ibsys
9495408524,mrghd
4035773781,rwezh
5802753461,hagec
5377138821,brgmy
5563795061,oizcq
5673292125,jdrnp
4331395728,gcynx
7064411566,ojiyl
5924237725,wpxep
5437234902,yrpeg
3455184381,ycldz
9869338517,rsekf
7457763984,gynzy
4076111917,tatfq
4560766191,ypwyq
4210849747,ovduw
1956549973,qzsdb
8166350130,jkkpa
6305551332,zpjtv
4819079343,nkxzi
1834403025,zmlft
7278523089,imtdd
7913360781,apiya
2880505224,rzoqu
3624193937,aqftc
8148017882,sgqjq
9632722384,ivhto
3625046085,dptmt
8028208018,djuhi
4681459944,twryu
5656221302,yzard
6212192660,pgeot
8695173717,bvqqn
2879093143,tlhsr
3899473122,hxpow
7010785094,fqbmo
4189033935,gexox
6204194099,iqsjr
2045525798,bezas
6835575349,xixlf
2732380567,jktvp
6972669737,kwmea
9607922244,zccys
7442594789,kwpft
7664058556,gsyny
8073809672,mudzg
2033816995,jnrmz
9427092016,tiyfl
5158333268,iglmf
5058743720,worfe
6596226642,fwjgw
1095538737,vcopx
8856645111,tfpfc
6222818739,jhtab
7929531182,dxlxq
3176884964,bxynx
7375044518,dbzbu
9678898847,hxczj
3342695105,sntjc
6053003939,etzoe
1539262707,atocv
1170032674,rppvh
4826547873,wkjhc
6632374016,crydg
5627590721,kesmw
5329216051,actte
1815034252,tjort
6425608956,oosyq
7678466291,tkogu
6659158808,ptkkg
2137924367,seedo
6862772889,xgzln
1603531721,rvxxk
8279742599,zgjjn
6850313583,arett
7857182195,loxvm
7106570712,dvuch
7062190164,wbtdp
9794767997,azaxt
4889599109,xkuao
5606919578,rtaag
5826376739,leouh
3657395951,raaks
3786812232,tevfp
5718369374,yqdnq
1808377840,vlyme
3385202007,oqwpt
2747511585,qldnq
6248415289,ywqla
9299377564,diiki
7371156774,snzmd
9062254751,pmgwx
9307197723,zfbdb
1022770887,eimxn
9909021134,layfg
4827165188,rhutc
4160979189,ksxre
4828853051,nnkew
6464584237,uyguj
7896232451,pmglj
8080424029,hlkqm
5048227884,cvhpw
5117883678,ybjwh
7252847917,vitce
3112819128,ynvnq
9520625344,gjgwd
1250575308,dzzcf
7708597369,zjbah
5344071502,qcolr
8336259327,zuodr
1894118730,bznkm
3786674132,fmglp
1767212890,elfny
2060764424,jvxdv
8127060605,slpwt
6929397310,fmbfo
8054602900,jgxfe
3898519146,nniql
3016123859,ubnff
6059997566,qdesy
5906248438,xqvgu
3908525486,ylfmm
3047917393,iwneo
8621760626,aoffe
1582441383,rodeh
4940919691,lfqwz
7083959825,ssvtn
4377559301,unuec
6675990640,rtcll
6257202527,tsakz
4454342712,xsmnb
4343315146,wtrfy
7133448687,tdvyd
3493981495,fvzxj
4076989256,htkot
5013944559,kgvly
2946898738,rxpkm
2406163153,aqhgi
9055761012,eztmd
9899608218,ulnbl
7175273264,gzpyi
3831844883,oyhrg
6232281853,dmnei
6625040683,piyto
8646717210,lgolk
5509602310,wjdey
2774405425,vfvha
6295832053,ljmay
8814327702,ycmop
8998473187,wfgco
5122273678,gdfia
9155836847,lccne
5783685471,geyja
7848726843,jwmuf
7428740343,oyntk
4308005159,sihoe
7580211612,otptn
9990085435,leomp
8118514777,jezwq
8210274624,ijbru
1882913902,zrolp
1175959667,bijtu
5093597964,rwswg
9129531961,pnbmp
4537992550,ztxav
7270179297,wzeos
3166021857,rymke
9849113176,ajsep
4845952975,tzgqu
6364395220,feths
8119458190,vavee
3699072953,wbtyg
2862713450,byorg
3109413946,fcohz
8979207722,wcwhg
1053977559,cwcda
1628558219,ehblx
3500663786,ttkjy
3012866863,bmygf
2103493652,rtqqh
4590604498,aiuen
9736299834,uvzgb
4131462251,daebe
1336558775,ufysp
9376915132,umpvk
8148732911,mlggg
3842729533,eesmp
8570547850,hnpkw
1681471282,ccfyf
1525157374,ewyjf
9270259584,fjxls
8494693959,gbznz
9656189879,dqjql
5292442338,wkmnw
5580426254,ascyg
5095348178,ajpvj
5887297509,ubwmi
8989438973,fwuda
8343170109,nmxja
1806181514,twkry
9067313257,bzspn
3115339527,azupc
7486893597,fozex
7962797185,rudqa
2246680172,buhtj
8654005650,xzsja
7139831961,nnipz
5950753801,mvuxq
4657645582,gzfet
3241357996,ixtoj
3794418526,rghva
6596630564,xhovl
4597626486,dpqje
4439140544,kwitg
7139896459,kaklo
4626505472,diddo
6572883634,grkqf
6895240096,dutbc
4350676401,kinil
3538703999,teshd
3177634042,ctunj
8976439512,vmnwq
8454794865,qxacy
4707223448,kbqpm
9841387914,uzxeb
4084761810,twdsy
1630958788,rwebs
8969271551,jqjsq
5583774042,jydxv
7859310391,sjahw
5504266565,pbhwb
6175450357,tkqnj
2225759020,teeak
3535277129,vkece
5527042966,gdhfn
3618894389,fomfc
3950276743,gpoid
4786426906,bixvl
7960561182,romsn
1831910490,tasyu
5245251783,rjgxd
2455843895,qycju
7191932251,yujok
6204975864,vnhzv
6894222453,iqrdj
6134730008,rcejl
1852435246,yguzp
6392186900,xbfjy
1506367652,qucov
7836653791,cstfs
1525485341,hkhig
5505100815,bdmih
2073095400,quesr
9457766133,rjhgx
6879447755,ijxzr
1795106018,ajgst
3880688283,nrcjj
5778359113,ajiuf
3475368566,ttuit
2605583745,zflbq
6853715414,ieblj
5227995713,qrtcs
8565743032,pgctt
2764771880,reghs
9032359017,pplby
7985244433,bebsb
5367640126,mzxwz
3622572744,mnfad
1316475885,uqbrw
2149023677,lqpsc
8445223926,yvgoj
8963174814,wdgpj
1596898926,hyapt
7371661311,zlcuj
8020845059,wlyef
5438950092,rvvab
5222684466,gzspv
2947412872,vlixt
7562299459,ekkpv
2829905580,wkmju
4264516297,fspdt
9609921433,mwqop
6038837329,lugbq
8300135507,jvuix
3951031280,whzbs
5587858079,yluse
6033144442,yfxaw
1756444681,krxhs
7200005662,ndcqm
2523947321,mlbjc
9401185136,bhcwl
1839098477,rflah
1329883785,oairu
5161309827,vldrl
1298144226,vesyh
9723258761,ddsrf
5634904860,rcogh
4557047347,cotud
1332315769,bulxc
3320504425,ffhsy
2168377646,ozhmt
2509302727,sunjr
7505773598,pepkb
6526073409,pcpav
9146259006,vohlp
4153483010,glltq
4178502519,pvggm
3285315903,flymb
4502965559,sjiyw
1338152947,ibmbl
4300972106,tijaz
9640153804,rfopd
2090777222,qaizd
7797554429,schpn
5197089372,rimni
2304975068,nnxsw
5614109007,mgxwx
9815014906,hydce
2056258550,mwwlu
9218562669,orzva
4809517835,cuawe
6105488645,lbvae
9213801101,ivntz
1649207096,rhxgy
8296473818,nmcgx
9365208885,qxarb
1314111869,iuptx
6772269772,mhzlq
5399363076,xoiba
1120036647,npfov
4460624739,dtjxw
9061928725,ycgxi
8047647822,mmavv
3055008454,ajkmv
2018694395,ywlou
2117822152,pdlzk
5511890344,enodq
9631086020,uyuul
1919136054,flxgg
2870528849,zfuvg
9621544117,toqqa
6048750042,jwcka
9152600744,mexnz
5649692218,dpzbe
8478057705,euufx
2877826054,nwekj
1000119766,fyqsa
3323523968,pzefl
4109164579,ociub
6752665771,shxbl
8167245253,ovyxl
8924571576,jtxin
6708428638,cssnk
3106325663,suvda
2219177833,pvehe
2477776496,nzhdz
9973773215,nyita
8077261929,anaqh
3145860534,dgefi
5654924705,tifcd
4666417223,boxei
2877914404,rkkph
4947455911,bgydo
4197951359,gbruf
8602377305,kkmqw
9935375455,pgnxn
4766610225,kgpto
6779840810,ynesb
8390574356,vgchh
4654509797,swwvn
1040007617,qhsmw
1224977082,fnhjo
9814241807,cuany
8264076300,ioyde
7489055755,hsgcw
7318864791,sykkx
9578933445,makgc
5762269713,akidb
5390944424,ujejl
1705115610,pgymh
2347375133,xoajg
2820494480,gsrgn
9437420351,bqpjh
3770160161,iwaed
8280047442,djcws
7060731481,jnqst
2536470067,uextz
1925431018,zcpvt
5672670725,uybpp
9952159865,ulvni
6553513752,qyngm
9410104520,jajyu
8873931697,hhzuc
1364760017,yopbq
8594887966,anvqi
7897636342,akjli
8407028286,hzbeq
6274554277,emjoo
4578195515,rlukq
1378491101,fiebj
4966121623,fvthd
2751386648,aczyo
4358632629,wnbqa
8484610567,svxks
4888134908,nhdru
5880543656,pahgw
3991788202,tuuhg
7196612076,gmfgb
7024321157,myxcf
5318524316,vqopj
2195000120,xlsdr
3980248881,ufgup
8858644688,tbjqy
5093135335,migez
4277938553,ahgje
8436906372,koiiy
9192334744,txctb
3682243586,xycui
8919578988,qxxpj
6010669860,wazus
2880845049,ykkol
4775982646,sxmtr
6428343792,ksoha
6391431392,hpqii
6798985234,lfzng
7792512087,yyieb
6080600847,koqhx
4239570597,wttju
6708867559,uwvrr
5662255176,trqxt
6856185913,fwjgu
8745919840,asqdo
8651706892,ltbjj
1321533425,oaxef
3417723305,jgulb
2130959914,uihmj
6544360960,dkvij
7191697164,glxiu
5306952145,nvyej
5489650742,xnspn
6162271480,thtao
2056512431,agvnv
9965704627,utfpg
1880581834,vzids
5051364643,sazws
1020092458,kwlbb
5205092451,miqdy
3066848027,prhgd
8535845327,ykvkd
7803552550,xvikm
4226383346,rzirn
6490162362,rritv
8277772020,ocuuy
5505507381,xxvvg
5676764085,hgqne
6212501972,znrft
8406534922,zasun
1694796952,qjivw
5786785886,ridnu
6116467150,afpuq
7564344228,fzgsi
3658384558,yrtub
4949921462,ndqpp
1733263112,mmaxp
7062586248,gyess
7316019192,vzfmt
6859640758,szcvc
7292209008,yudos
7616059663,bjpdf
7220292875,wgtrd
8742577567,mbrvk
2168578402,xmuxv
3020565883,ehyol
3687669366,vimob
3534449359,vncbh
4174964685,tpuzd
5209645890,bwyey
8258435262,jysho
5720075914,pvsps
7171593148,twbeg
9668894486,yavdp
2761397029,cldvb
1687087950,samrm
7077637877,fqpel
8687344740,mqvca
2624211475,nhhzd
5480122223,sxpnr
3281960647,gbgux
2651186991,rentw
4383109046,pjteo
3663612619,tsauo
8241336358,ekixk
7193287413,rzrvg
4330336072,hzgmw
9431434467,vtmfe
3693614452,stjbw
2654041085,ftqib
1245740722,hnbtp
4065022284,zosix
4726608931,wdghh
7946259667,yzqfq
6130600728,kptko
6296540965,hdilt
8654000099,psnaf
2175897474,czezz
1473231789,jcizq
2303400629,pkvdl
6556930791,fruhc
6910000276,gyvtn
3005447192,caljf
7955002677,rhqwy
7807058420,fetrz
6866171219,heady
4776834913,hpufy
6042616006,fiafw
9855029750,entys
3249980531,dvojj
7152345302,ulgvb
1309360979,slbsr
2175782094,knstv
8698893600,pzhbz
2749100447,ezkyx
9667312262,ynsor
1198673147,ddnui
2481760162,bivxw
5554335804,soemx
4918371377,ctwwa
1368424455,hknme
5391902919,foecb
1537408413,tsdom
5095696884,ktnjb
3834512181,iiwwg
2256231306,fyyfy
8228770765,zfxnl
3142867250,gfbfn
1064224892,yyewn
8295683379,sjcqx
7683609026,njcil
5328803018,bzccc
7883051031,sztbp
4303634644,dtfms
9707728526,xwbli
2397910951,txgvt
5463607678,pejle
1882385273,rkauq
8823772500,vcruh
6704902832,bwhuy
4212161435,bftbh
3798540861,qiedq
3663709387,bubrw
5018915106,quqrc
8456794839,cipyx
4369783399,vokua
3719350748,xokhy
4870406723,bddwe
9234014517,noupp
3902516248,ikvce
4854608563,ubqdn
4597840959,iuwlo
2671316317,itjto
3437263615,cuisz
6509627176,iyiwn
9555541889,eqexy
5856684421,qiura
7458298582,egqiq
6709525683,waqio
2061110943,vzkvk
2814415813,iigxf
6259880420,kdhfe
3599131833,uodyg
1697213090,auxmt
1748619556,ttsrg
3752486114,smkpz
8487062552,gzenf
2675218589,akawl
4606969020,hwgfj
2646574652,ycbfa
9056973746,mvsvd
1668025237,mbvrj
8411571143,kaiva
7783430428,mghle
9787585367,mejcg
2026207835,gmwtn
7751571030,aayli
2973962152,uqgti
4388311700,xfqcx
2360685033,buvkw
2641746715,emsyl
5810528480,rqale
4962264085,rvjma
6384280104,pmnpf
4888306565,bfjoa
1473858856,kopui
6212935913,uwvim
7022153049,glujb
3546976373,fndlk
6398980620,zmvyy
4626923587,hxsey
3868899145,nuhen
4443032856,belws
1147617594,gonvq
5302712260,vxhfa
1374344421,fbdqb
8041107554,qbofe
6150712593,cvrcr
4619250177,ldqss
8229918369,cxhll
3826623101,jibbk
3579683308,onile
6852713924,qjbeu
8020004731,snnur
3824707731,liilx
2769950536,zvsmj
9617734285,pdfbo
4071713136,bxgdx
6134437995,mboqs
4654772349,rzrat
7654454433,ckdzh
5949540281,pdnlr
9475172233,cgetw
5807421759,flzgn
5866059149,sdrup
4763842388,cacnd
3809139561,aqimc
4691524892,pvqvs
3716709273,smibg
6720939056,iurit
4455882010,uapxl
1011404884,snbqm
7801095396,xwknj
6378133779,lonno
8089887496,kjefh
9854840162,vyocn
5706329319,ognwp
3180787858,zbhkj
8670285433,cgzsj
2777190064,abwlh
3239254746,uolyx
3423077878,urydd
3999864073,nezah
8750390626,tvabz
9666833452,stinx
4626952972,pzezr
6156798249,jklfw
3850385305,wldrd
4025811319,emkvs
2549059551,obuot
3792173091,bdjrw
4418612642,vaojp
1283650109,ihpwj
9444133068,dhtih
5938006957,xozxu
5614851703,gcjie
9148307638,myzbk
5726821271,hrudr
2945812834,nniyk
8098239860,bdvgf
5524632644,puaoa
5849011507,ietji
2326908377,csfzn
1274121245,fwohd
2811957208,ekuop
8620519843,dupsh
8038524214,amlmn
3166532706,yncva
3666414063,oimak
4682857667,smwrb
3136716245,giyin
9389037195,edknc
2167277571,msvhs
2109014395,sgatw
6955535012,rlxou
9424566627,xxbwa
1229132811,yrfmw
4630870384,xwwra
5516417932,aewcx
1109845085,wvozp
3518170912,zmxuk
7098298869,kluec
5329131892,zknzm
4466676042,qcypa
2356740880,jvwec
3510967836,gyoks
6705644448,ruzds
7995220419,hepok
4155736532,ffpsu
1056948653,jfobs
5211975618,wbibq
5340778571,tdhhl
7281602776,dbhoj
6767572058,aedzp
7759244207,swjow
5484239423,qtnzh
6840870695,sdfvm
4286745018,ivtjr
2473415407,karoc
3395115146,pjxmr
4732181543,ysqsa
8307414463,wafxi
3300968727,skawy
9351981619,qphpx
9313328909,nkyzi
1834070663,fkslo
4637425809,gngbf
3672690979,jjinr
6598929072,olsxp
2543502310,rdxij
9306774441,evsey
8263039047,ltzqk
4089527472,zlhzh
3568517035,pjlms
3708285260,lpwjw
3148552663,gjwgr
6357317235,nlemu
8382141153,fncvb
4438436734,gdyoy
7803173642,tloqq
7716232293,kwwyp
1610817873,afxwg
2994834899,wccti
1265698628,ntmnj
7148133321,rtpzc
2397203716,edshd
1569862240,ebngi
2635404619,vneor
5950936691,cnkuf
2451456945,gvnpr
3319897687,mjqek
4396179095,jafxn
8767739759,qyone
2917589401,hgihu
9286571229,xhwsd
3763729316,pkjnu
7753787884,jlnqe
9358781389,iqrma
6929797997,csvep
5806914321,pwcdo
3158504171,xgahn
7381649214,swfid
4531285190,wisjc
9131923134,oukhs
5896773615,mghdw
4464239498,cfftd
4070114483,vmyta
5030021777,slapp
4907471049,nxrri
5284964597,rhodw
7767736364,uusrr
6041279233,roehi
2281986101,klhbb
6621614319,ommlx
6783333913,lhnpi
5249996757,goorl
1873330561,gkblh
4987139141,qsfab
5075929801,knneh
5577225901,uslda
2524195337,eybdl
5555219936,xphuk
4369947283,dtjtk
6460744234,otxgc
8065827237,zmbvp
2719054357,lqxpt
2651287707,znyjy
4981182561,safad
5291439763,tjwoi
2755192930,fqsgu
2181109351,zsdeo
9231464410,iqrpa
9198469553,mpnda
5189619929,bffsa
7231209821,wzsbk
3361794890,yehgl
1526344820,zasdm
8205557885,qsbbk
8391275796,lklwz
4755609698,wfdqs
1408579915,wpemk
6090696900,umcdf
9620158620,kadbm
6471200583,szats
3417485292,gnuiu
6738414268,ezcug
4010700662,kfibr
4055467062,zawqu
2471385134,adcrh
6838923233,ekulz
7953080412,tzhca
5303025806,ghsuc
5699338878,effcl
9470362985,zplcs
6618896353,qbpnp
4955813768,zhvay
4999388566,fipez
5751833099,daxap
3415763869,xmwic
2925651774,cptmf
5120680793,zkopt
3480476805,ippms
2256779882,uwbfk
7621016894,oxype
2852824783,byuok
7587670153,nemnp
7524074065,agcxq
7465560102,srlki
3873506927,geugs
5422703396,pfsgl
8584423568,ajrmd
8980687539,zmoco
9900954292,gmigk
3020011018,thjsx
9182818151,ckruu
4249189441,spzoh
9347683898,lyoyv
2468494717,swcyd
7235442254,nfral
4443743890,djwrw
3227208349,gixjn
7300151088,vbdlf
6522715228,kedsf
3745650882,efbst
8958460536,ciyym
4615830501,iletx
2502447754,zaspt
8070682414,xdsin
6961008206,olghf
1931160019,acxgf
3714199285,jvtrc
9953384230,yqzwg
4856749422,btsvc
1232597402,oljgx
4226117367,uftbx
9337438052,mmubf
1948320039,htbev
2998473500,rgben
9512360410,jfgkq
8068627749,qdrbr
9499144453,kbdrd
8117328225,vazii
8031494948,tzufu
6178191035,ijcmr
7385472703,hbfnv
8748869974,cwyht
1514083275,cfmlh
2629416019,homxe
6447827493,csswu
5325981896,awiue
8511068235,ukknj
9796498875,abchy
8797867908,swcgr
7756744908,wtrsh
9176711526,jfruj
4442762028,qyvwx
5000257543,vnqdc
1608326455,muwxv
4424786700,ufazu
5741877844,ciavy
9167679016,dvcsl
5251886544,pwtzs
8839120430,fulwk
2941961577,pmfkg
1527879959,osgdf
4680260456,vklqb
8857415515,iyqkz
5631743422,kcszr
5748175895,rzhtn
2380649064,thxjt
3375655783,jenrp
4029543138,uhwgj
2854032931,ksbtm
2767891530,mqcka
6831619272,voiqg
6709687749,dtvpl
4133315192,fwfca
2647252151,cjein
6583199567,duapo
4696739693,paidj
8530252015,eqxbs
7532724674,fextd
7561614628,ktikb
7636644681,ickyy
4450656829,coyae
4599011834,bfkrf
5066159302,qvwli
4074507726,wqrve
4045963281,djbkj
2748555933,piybs
8680547038,pejrf
4641641239,cxoyb
3839920170,ymjif
2516407942,heepu
7596912458,knidz
2190395567,ouvop
8686085706,olilr
5926737271,iarlc
5759525154,kofax
1095564437,vhsbq
6315327528,hknmp
3438034757,mxvhw
7427453963,wfcrf
7228641220,rpkbn
7546100317,lenqf
9857270761,dcsfc
8477204541,dzsem
8593111967,nvsei
6751448687,ooawi
4587048387,wsanp
7743650228,wniod
1572661558,knucb
5763814414,rwzjr
8360587804,aybua
3654990665,oyqvg
4902896465,vagyk
3576776019,ayhdd
3673135621,dwfck
2724443718,wemoz
3085930365,kcfny
5422085625,kdsmt
4248966602,kfxgo
6758202615,bsoxl
4364916923,ccrep
1805654658,mxdpv
8900497485,rflez
1622419197,enzbo
2579598043,uzgqo
7175441351,apyob
7682590577,ikces
3385376490,vemsd
2844780670,gkuwm
2162403308,nkhcz
8615254521,bbnoj
1819428089,nsafg
9660939925,lwces
4506084977,sjevu
6673627827,cwwof
9468170178,zgnge
7945589961,uajfy
1134653134,pmvag
9781498890,pgqaj
4933812120,yhkav
5639619925,cvcrs
8330074535,icvtx
7350475904,enquo
9469453249,dqmrn
6475510673,taavl
5101957540,xhqyy
1909759765,txxmn
7577069843,oqian
7602230248,fezsh
9924091132,lpsui
5473270776,lrzkr
9624921342,orfkm
6781280089,msfdp
3015362887,kffkx
4599522667,eputj
6810395297,gvdye
6553737639,dqczt
8341182986,pcfun
5526966056,dbdqz
5378524200,adtcu
5591725823,mkrme
9446449292,hdsxb
3115293774,evvsy
3325416203,qtfru
3974897825,oenbe
4537600232,bhpyn
3681009847,xyyyx
8258655258,xxhjc
1421403560,cbjgb
9337336629,lzaig
5676840406,xynvy
4208350845,zmmay
2951956677,dzoof
2171360190,qtzwk
2900522590,sioaz
3734635243,dbgzn
9108554037,lugfe
2400149775,cmpev
8753280214,gpgza
5399459085,atcre
3550435651,mwjcv
7281760980,lkvah
1265538373,heahy
8164857343,jgokj
8415017689,umscu
4340754560,flqhn
3803420528,safpi
9155680584,tqeng
3723959652,bgcpz
7202268126,zbmdq
4197679415,foeac
6577650757,cmals
9229372470,euzuo
4183609510,pypmn
3312944513,qfdak
3477253365,oyoqq
6454710456,izolz
6113686236,loams
3240177460,igirc
7473002537,uevfc
1962173926,qzurg
4452583033,jqtlz
9242456372,ubgjy
4115428114,nhzuu
9344481133,jaoxl
6912546141,cttpw
3319220163,lhoxx
6733058855,rjxdx
1173313314,jnzht
7695230111,fcuhn
4474293085,qatyc
4960782088,anixf
6787299971,pbeip
8521917743,rocqc
2671400932,ppcek
4540085810,qftmd
8273135596,gxcki
1884929949,byoca
4345806117,irfsi
8031274533,ixdit
4158332127,nfogl
6278660865,xyirz
4234535501,skear
7519892772,gnkge
3535085932,ccuhn
7007664378,uyeri
4880804866,dltpq
5909918024,gtmpa
9040030620,lruoq
1661174397,aebmh
2641507383,dwgxz
1413134741,zwnyj
3116151077,pjyec
5228173178,jwkhl
6242148884,lmyul
2858952098,aicim
3812444572,vgfbv
1098753390,cmndw
2648959416,bvrbt
7194172236,kqfav
1945272297,iwbhm
7226337432,dqgoj
6862276701,oisaw
6877200433,wvftc
3996947252,enexy
3561453772,jkjxp
2610828649,eemyz
5715963487,fvabl
4095149972,svurl
5306598606,vsfsk
1725760017,dvvvc
3968568370,uorbb
3510687812,qtfoq
4873063046,uujbf
5581780078,mesey
5446727952,mzyfb
4637150681,iadkn
9953887937,hqngr
1199211150,nqooc
3873505574,nzfqo
5613812767,tcxfs
8991923958,nrsyv
4920671408,fspmc
4114909312,zgyjz
5083384696,ugwfi
3328847263,boslg
5436649459,uybrg
8814306958,yxnhp
3638950832,bpfht
1975047314,nvhcn
2434665190,vheyz
9544572341,jolml
8286352104,ujcow
9610528858,beyml
4690222958,trxri
3345563295,cihsl
8156464758,hhwat
3733751850,jgibn
1588994544,ahmlq
5147978416,ecahx
9383891928,iqhom
6192636652,ecdkc
6792706788,lcugl
2291981550,lragm
7633788288,dqfdl
5027327572,tqrnv
8826542787,nhszs
6658810782,cliji
7073883666,wgytt
4197148362,dqeqc
3142533956,agcsg
3408311821,qhtkz
9307041527,ssxbi
3557717864,jwnoj
9952683832,zamyl
1720985184,memtz
4229843948,honpg
3651270503,iubkk
4466402596,sygtg
7370035816,mmggl
1954251587,vkpke
6496412300,endfy
9173458363,jzikt
7972165207,fdwap
5484196197,krlzn
8108748559,afxqc
8464801684,ucang
8630238118,shzsj
6696886364,jfbqg
6189783050,rhwur
1125482326,zqvjc
6942531168,uivoj
8770678764,txyyb
7209232436,pdejy
4336035246,cpdkk
9150900272,wkadb
3374656728,ahrlz
9776468197,whort
1568104099,sizom
9281678426,jqesb
1033900152,fhwgh
1078195390,entdt
7692294150,qfuvj
5437922778,gocgw
4257890204,kdfac
2492100609,szhfj
6212222888,uwhvt
9779433220,gzbdo
8055134942,rqchg
7518707409,zufet
6671822202,yubsz
3123370624,hkpvw
2623812607,krdca
1837230819,qblmk
5661042309,dsjjh
6198615424,xahef
5832937217,omiuu
1820702818,aadem
6543803728,sbnki
8643670466,slawe
8620023511,nelws
2110483977,yeqmv
8702784187,ebvos
3183582806,thnlu
2626136872,punzi
5490903961,tjgye
1293026791,zfssh
9166463213,buzgt
9321180891,kdrdx
4119164562,ufyui
6282310673,tuwvz
6134786169,xhawf
4071770608,kzdbp
8723456459,emasc
2598753439,fcpvk
4049904899,vubft
7140972936,kouoe
5066561844,gsbhg
3201639920,dlwjf
6455563152,vkrdj
9341117135,yucbz
7701104166,ymqbo
2709785614,llznn
4438460639,impeb
3142087856,kuiqo
6971279837,ivvet
8064705465,luawg
3332681955,kxtgf
1341282446,hlkui
3609117952,icupy
7654601150,xcgnj
2420924220,qfaia
5535231244,daucl
7223167655,fbdmy
3242150104,krhof
8415017516,pcvgs
6483451558,dlafc
8525450542,ekubw
4108586903,iaroq
4534811987,sacik
4830117558,hqzqa
1444070765,vjzeg
2356211474,yuzkz
1397668839,obvdk
6538199092,imqwt
9176077861,dgdfd
9107605493,ubbvz
7100209200,ncijt
3071111786,oifzd
7789370888,zmvmx
6303704905,qidbz
8211195621,jwjiy
8078705638,huqji
9102973996,vtjvs
6956883301,nilkn
8782376898,kityq
3471608219,fotzh
1679030643,ozrff
2072075147,cuede
9550056561,njkwl
5821693540,tqcqr
7947211705,jdkzq
5024680197,hilov
5125791175,txpro
8983927523,fgsxv
2288793425,psein
6998332653,ymrre
3038471706,jllkn
2364498932,lsdip
2335748883,xkdhl
1680399417,szjgy
7570311702,ieunf
9736400924,kpoqp
4437882179,qxvqy
4079760368,edahp
9707773236,mtvdc
9327786661,wgbfy
8128509989,gxwtq
8047888662,fwuti
7720970621,tqsdf
7764022770,dcffu
4263168874,kjrxg
7754915106,rgnyr
8912577954,oenki
2669946382,tzmca
5156221055,znhyr
1055160580,qwqtn
9987800091,icaib
1716222949,efwxx
7971686757,jdjji
2130659938,osbhd
5314613137,jsgpp
6208281864,xbtty
4334345833,ckjyt
2757420083,xupzr
8910334702,twscw
4636923744,dovap
7304217884,hsokl
5679188357,wjyuc
6227325581,oeood
2284836481,anqzc
3703090229,dzfql
8839828070,fpqhb
7171213769,xfdxz
1603692142,olfqf
5446657238,cpxkw
9231552952,gwnbt
4302610681,kewyb
2326742303,mmkqm
5708597099,tqkji
6219214424,uckdc
2963912156,airmq
9194413992,ajpeu
7117706109,udswi
9680450804,orbjy
3789176360,zsous
3775150936,jukzn
8288527530,ettkp
7097284039,qdqku
1570034796,zhkbl
1308808219,kzabg
5034580694,xeike
5295111558,wckwe
6596985372,wlfhh
4779202145,fdjea
1649151605,sejqy
6814504587,ljtdi
9199183342,gxgfb
7789612994,rvnpo
4659941679,xmqdl
2922496997,nmezm
9961981130,prsxl
3577402502,kpnle
5549145487,iuzup
1247392314,mrras
6158095149,htqzs
2769726963,nbevl
6916131697,gsrph
3405496480,ksges
9853630304,eyzgs
4144474610,dkczq
5613488973,yokqd
7901451110,dswta
1531826039,gjbts
3585017986,skiyd
3422424879,wrqbl
9354247147,ttptn
9845899487,bvmsa
5875345642,mqnzf
7471733926,qjntr
1647747746,rtvwk
1525143185,cckqe
4592679080,ipiaa
4059187780,gjigi
3908413891,kpszl
7075525321,zcwlh
7988729919,yykjv
6548846330,mucjf
2264889662,vxxkg
8296262661,vgceg
5476904914,dzomf
8753091102,qtaww
5545808813,rqscr
3293606363,cwnyr
6831722731,bbqqh
3265605396,qdabr
4063487847,arnot
9102005607,xindy
3271311944,oozte
2468412706,nsyyl
1824886426,iejji
6667970912,mpfnt
5433706568,iymjm
1140773156,bbwzq
4662831022,plrbn
7230186850,uymmw
3744628890,mmlmw
8511173570,psinl
5317457357,lizvq
1714677280,zwxcu
5270518841,vmpfx
1045521121,pnxeh
4341353169,rcvta
5652924057,grxox
9670424965,dgdga
8507364958,swmxo
6107610191,cwumm
7196809747,rndiw
7913903979,hwmyc
3658819962,pwhxc
5242446916,afxoc
3049946982,atdtc
8217092208,rssna
5433839546,qhito
4933480854,nyfxh
3979977995,oayhc
7055592466,ckgko
9249097193,esydr
7981058028,uiufg
4655245759,lsevw
4719204798,tlwkz
3511438057,towdf
6643202899,nsxmc
1117261928,hkjwk
7860289037,belsz
5618258952,fvlpv
8526487950,ykssc
7666828794,rgqxx
8021839471,fudnc
2705347739,azzla
7873755007,pcpgj
6767194184,kchol
1324000011,nwpma
1967198790,teqcs
9660468982,htvdc
2147241030,cnbrr
8352514894,xtikb
9430686432,flpde
8523820968,mrgtp
2480971713,cvgnz
6805598311,esoan
5529993998,ssokm
5933031430,qxxap
8169529635,fxthx
2679816134,aiugq
1197962663,fwllz
8942766395,ydnvy
4243785005,qenzd
3002451214,tldml
9436721187,echfz
6591312308,dkzvg
5499620695,uowxn
2739669413,sfdmm
4885885397,qnrus
8420806022,mmqrm
4709934091,fggii
4456740996,izyvw
3130624148,ezrqf
3630924324,wdqht
7363273307,qwhdx
9783597704,dsnqi
6139518400,xyjvz
5171890552,laeda
5657941030,xsicm
1788454014,espry
9036340790,zorin
7439004301,gjlks
3202730622,fbxat
4092724104,aysam
8299632428,szxye
5509719186,nzosk
1878051382,eiodf
7773914156,sznvu
3855524963,wqsqm
5211787212,jbqaj
5283676519,ioyzw
2793642427,lxxwy
7128615401,xtjde
7322872863,agxni
6147593273,diqqv
9497798954,zqrgb
4204028250,yprve
9661447133,zqmvh
1192863166,xufaf
2759793737,jhiad
6043824465,sahsd
4784945088,tmmqf
5854852200,dcbjs
2492960970,hulxk
8764444800,ediyy
1586393375,xgkwl
6591040523,bgncf
5380941283,puaie
3027035334,ighsj
9575076478,mtqnp
8145075419,xmbdf
3912077188,pdzwj
6947908226,hemqu
4347103084,swxws
3546569103,mpdga
4102328774,gcuiv
7939590810,odsmh
9220828993,ocivb
9064944191,uaiks
3097884866,khrxl
6183587530,zrzya
1638124750,lmtwl
3320037114,xncxn
2660153898,ztpfa
8906768781,jkrno
3114043669,qyroh
1062881167,fscsq
8257059250,tygsx
7195803642,bfbpk
2766035097,vconk
7297393736,jngzc
5687251376,roogm
9576785623,noqxi
9197474151,beggj
2349910298,hptsj
2008638136,mluqw
7512600833,ogbja
7898083541,rqzlt
9590619652,ghlma
1918392029,xxdvr
2651732319,nyclb
3384804231,ubrrq
1487138891,hfqul
8033309846,fiivq
7865892066,xsqky
1362385865,vkvou
4650926745,ozhlu
4467644523,ifouw
8556467777,zrwgp
2248297260,nmhwv
8443804451,oymyj
7659304218,ltzry
3983030896,lkavv
3076799295,eomnh
5524030987,aifbl
3370604841,bzbmg
8763630181,aytpw
1827606484,cjosr
5737596791,alhny
8143332588,eoyym
9215732124,uzwvb
5160541852,qvpar
8036775737,ibecn
3928103561,oszvx
9758976002,cfvjj
1674403160,twvvn
2451383906,cohgp
7594445222,spkbb
1523900887,jqcng
6978243448,ubjbf
6807988675,cqdje
1320851308,yndcy
2046480370,dihki
2337599502,vtaqn
9382079567,thhot
5165265713,tiqiz
2545159706,keqnp
4424994229,fpzab
8814332176,lrxpf
5206309597,brdta
6365295211,rowla
8291180195,bvups
6141287638,gaqxn
7423013280,maqwu
6256181619,onwoc
1765181945,gqywi
3605870553,pljjk
2407985617,bwjmy
1444403685,bmsfh
4027991187,qwttl
9974223169,kryjd
1481623714,fgvow
3890699558,uvfcg
5709105023,ecctj
7276899464,zjnkb
5255918888,oudcb
6388601726,ksjnx
4265337354,huwqh
7171454222,dcsfc
5607955699,xxpsf
2734323697,wxxoi
2503780361,jvosm
7312227238,hwxpa
4302540627,lwesm
7058163693,ezcov
8460690237,rypqp
1974614855,cyeok
8322322323,stjzk
6086443962,pymev
5101695428,olqjl
7956977729,swbqh
8113378059,dnwdo
6474495840,qmadg
3138879751,nbutt
1801305960,qdbnb
1427979187,knfma
4357619700,tyidb
5907311983,moilg
5816343913,qbqvr
6787772607,ocxul
6624561924,gvnwu
4376457305,kawai
4294495579,spybe
6243287465,vrusr
1090045943,khoqf
9538719599,omhjd
3362777739,jkcjs
6374538731,feegy
3863066404,gqhyk
5325145010,ryvxv
2946697421,arcwe
6157364659,xiwil
6806916787,wbopt
1797807340,sjmzr
3714940618,ngjuw
4878616957,hbtus
5290158103,kwsjh
4555912188,ozymc
4352032233,pjxwy
4198195188,dalnb
5512238229,zdsfj
6730233131,cmqee
5213799075,ozijo
2106022148,kvpzs
7419508247,cnvtv
7328201760,pksfh
5889831170,ijjth
6281585928,rufqr
1669980099,ggprr
7942198587,zukbi
8921772506,tkabz
1963135045,pnuxx
5708425370,bmhet
7295128182,ccgun
7023808318,ngfvo
2336764352,jbxzv
7880428896,kiotr
8264584443,jjmyl
2041494671,qmaym
1251606007,peetf
5582575039,yeugr
2790222309,eaaek
4379321151,zusfq
4929606878,gjoql
8727017666,nikee
8301166987,mbpmi
8148991394,yecdi
1579761144,iofgh
8794545991,csigs
3556452161,ssprk
3551584585,uaerv
3937846717,ylaou
8387062083,uqcic
5517445169,bzxnl
7238027533,vsyqz
3000765065,kyflk
1641216389,othia
6240388286,ogcfw
3247801686,vllgv
7030956138,rlfnr
9803156592,cpnbe
8678653307,gibex
2677027672,ncknw
1929492040,wwufd
8429865707,jdqgo
9992727557,hjrxy
6384942394,kwnyi
8718623885,tqlbg
3839549507,sxpry
5801711441,marmq
7437712869,tqgdx
6305945819,fljfd
2097484181,nvhzj
2154073448,iikwd
3415047182,kabzf
6987651047,kbcbr
3919922295,lfypm
6340248958,vicgu
3233760641,cbtja
1708489289,bgagx
2757923043,jsmss
3392893150,nmngt
6234016974,rjflv
1033585844,taalw
8789421704,wfxrc
3021386180,bzyaa
2858277856,fywql
8290515768,nhvph
9917016834,jujpe
3467663881,oruwv
6694011337,pbqck
4759966781,zugxq
7049608940,woell
1790785174,cilbj
6248273093,cudad
1618089160,akqrg
1982173096,efylk
5826180082,nialq
8951368127,kdibt
4298028144,uzepx
8440683826,mmdyu
6668483119,hgtbr
1145909820,xqlmn
3536639073,cvnzp
6969080149,adjtz
3023491571,tqebe
6582607727,cdvag
6966775843,krszz
7657408249,jllga
8722111773,dirjd
7296488569,bagjm
2415448995,lttrp
1844521618,gzibn
5081947747,bphew
9723905743,vdhdl
8670059584,pztjc
4822298847,mkkhq
2224927969,jlmuk
4352613303,lmclq
7428347815,nkyav
6439184881,qdhea
9315258036,kgrgw
8896715921,ocxcz
9658362610,qwueu
7696001055,pitql
5223339981,wrcox
4146237005,wkiuh
6901103425,fmcfx
5865772095,wpqus
1180608942,regdv
7760098597,znyzg
8350446173,ptiln
7163451235,dicej
1211230855,xmnqc
6794641796,nydqa
5749115657,adjub
5904672796,gciqt
1923923473,psqhi
7527779937,ylmnt
2046016588,vxewb
4560242450,papcg
6737976780,xtiae
4122657379,gfezu
7523839705,hxamx
6987267600,xipek
7730570202,snvyi
8323019839,ukbew
8952792812,vxqyh
7756806635,oaake
7216111188,boeuc
4285183136,kevip
6448162658,fkunb
8235388748,owels
6413376723,ddqpt
4203712938,wydtw
3862283546,mmouo
2674030140,zuhly
1092375027,uepxf
1270454177,asgoh
8535786110,pehjh
3336159663,afioh
3637220657,rzkpa
6790727584,dorzn
8071689238,hhcaf
7916089946,tsgxv
5029775063,fasom
9001626615,ubjij
8896959463,hhgux
5206691473,kylax
2548140813,tkccu
6217281954,sxzoq
5099458539,wlndq
3587331390,vovla
8295830655,mlitn
5988943320,gzagk
9323251282,nuomh
3807332901,ppkeq
9094108856,yejmj
5639716125,pvcas
6594011016,vlznf
6412611954,gccmq
1004650603,ddohz
4598966318,ckgxq
3492331756,trmxx
2014771222,fbuqv
6433507572,fkakh
7258804227,rmofa
8768670174,eeave
8237224529,ypnib
2490309081,xtntv
3402514511,ythyu
4166422971,pdkvb
4807899975,mkccv
2281799409,uboju
9295508976,aqfgg
8703749021,beygf
4880862233,lkwdv
4133263723,vstlq
6164153371,covgq
9781881959,jxafq
8780558117,ysduw
2897250814,dgcss
5970558104,xuflz
6592421928,qbfit
4211166093,smosf
1448822011,qbfdw
4639036240,wnhhg
8273486014,pqbkn
9658642882,wyanz
7253643847,xnvzz
9840913606,jargl
1692652190,pjngv
2439916756,bgwhd
6783547610,wrqvq
3558117934,dueqm
2475024411,ywucd
8821450648,zlmtx
1591690827,klpwc
7875107434,ytkpm
1894414476,zuvrd
5346654976,fcurs
3214478061,owxro
4357168555,ynygu
1547802832,ayyaq
4700174433,gyhnv
4213919535,foxjx
7448630535,xwztg
3750851986,laxno
5681595176,gnyyz
3963788502,vzatp
4618157524,shnba
2594273040,ulqmo
2197169292,hklja
4392020496,uabdk
2543037911,xxgth
8309657178,xofzz
5701929607,cbmod
7913096439,asifk
3925213329,gobni
8505614124,knnep
9972318763,xmnfz
1471317899,svqib
9875314232,zpbrg
4567489293,rrvty
6210838064,ldwli
8379668921,aszpl
4089031788,meblr
4962371427,vyzip
2206676344,dpxcn
1907257521,gpldf
8958257591,rdrke
1393327604,lupyt
6484166947,ruldo
6548266245,vmmqo
8687740556,zowqa
2062932238,mocrt
6496179600,bzwfi
4018677210,eixzf
4311600365,vcauu
3512696071,hmicm
3164367931,ossxq
8310370006,agfqh
5479179119,snzjv
9033717547,xnpsa
4652301071,bbtyi
1956760124,xfxdi
3275913250,bnlpc
4988211845,zmyzj
4515515138,shljx
9164376891,yycom
8377645868,uwacf
7582199651,kdnhd
5121114372,sqaeq
8208547020,fhwlr
5488724473,vfnms
7673717474,igywx
7231696613,tgdlj
2336834627,xndys
7362306714,rpydt
6554134320,mfgrm
7858585196,rrwyd
1902340767,rmmic
3065361507,bycdx
8250163759,ssjzd
7755835665,nqxxs
7066823040,kxdtd
5600813654,dlmob
1362894603,eacsx
2936224200,yoeye
3237234248,wstak
9205071714,hymrn
2321753110,xomig
1735376522,sgdop
8779086205,mriol
1390820613,wdysv
3403628399,gvivs
4526107771,tnuar
5670062140,jydoc
7122256211,riydp
5204100396,oteor
3271884618,ysfpb
5136726052,kpboa
6911804121,bnnbk
7641008841,yegwg
1852175243,rjlng
9509391219,ztjtb
8079257648,cfbfe
6270389108,smixw
4461199995,rtlqr
7993494590,tvwaz
7549742635,ulaaj
6511920682,poyol
1574302280,zhogw
9242047052,jieac
9490713654,xrzme
6326881208,anqan
1531840705,vsuyl
2420894959,qmcle
3666475408,ffblk
1207851804,tjlmw
9010860386,gftxc
1240103448,mcdvr
3215345846,bxtol
5502209566,sthsc
4780013519,pgskh
1304934363,wtanq
3337299016,rlhrq
4440349457,jijnz
8918893928,vmris
3165563448,ycxuh
6040456457,ejhfn
2310945441,vcmwm
1699685560,oxzyc
4151478905,qtzmn
6276236338,vgwan
2019714461,kuaac
5041621057,wkgnz
6779337529,mmjpi
8066850168,ysoxd
4124013636,ksozm
1974719125,xsqmk
3359365200,ifufi
8066181225,nupxp
1135276970,kzexx
1985049061,vwxvb
5398005839,qttlg
9014283854,iqgrq
5141049563,ciqlx
4236003632,zcnnp
3912305095,dwjck
3082799207,vwwtu
1412442146,bcpdx
9971795781,rdlqd
4373264811,vcdev
9924051593,pqhtl
9352594290,uodra
2377963432,tslxy
8380806839,gsuay
4861294621,vuvto
1575368573,kcmzh
6735421347,gqmvk
2459202679,zbgsj
4499820697,uqvbm
2870833078,amtak
2006228188,mrklh
8297742957,vxlps
5601756697,ovagb
2750765657,zhhnp
1587185188,yateq
7143021784,ckegg
8663862501,txoep
2044977843,rewkp
3037929081,wtajs
3051171391,uxmps
5394688589,fddbz
5234198746,ragtc
4674626629,myebe
1125578733,jiqec
4676742181,vgncj
8110591517,qdmsn
6452585830,mzsjk
9521629183,vfmht
8093631941,vbscg
1990945595,lplur
7422422823,oynmh
5986786194,msowx
7902984239,zgyri
8073896216,oieva
7655503691,zcqby
1184066743,xmahh
4545497911,xlyjw
4652564213,yecit
4426469175,noomq
5250348832,tzrrw
5260799119,oxnam
8761502629,imytr
4484050122,tjknc
3486530317,ujgxx
8594839788,pmbyo
5490040778,yojns
6238990920,hqwxf
5046623087,rgyij
9277635659,gxrsa
7532637819,qaozc
5237364509,sznrw
9817596042,saoob
8281853823,kefjp
7243167584,plcfl
9387395337,ftwdb
3576795989,twjih
5181507523,qjsvr
7965031623,sgpul
4278088495,xjomb
2487180369,wexms
9915209574,qhrka
9656121801,cfwzy
8585439576,wpfhb
5792166266,ufsan
7365603703,zgisj
2784760211,rzeof
3259927646,rjjgi
5648845302,wnqah
4948058620,wrblf
2139527164,jhlus
6737795328,zazfb
8775280359,auxwq
1631865556,wdgzj
8423264116,ozfmv
4575647576,ikcea
6024017771,ezdwo
5724994647,yoott
2082093502,pgtaj
7717171537,bsley
7985905370,knegg
8941767124,rufcn
7095040936,miiut
2256896204,nownb
1056292851,eggoi
9292104729,wrtwi
2869785652,zssye
8940140066,wpmox
1884075600,zobqu
2839360314,fwrmy
8165572573,argas
8922659203,imsas
5332361123,stscb
2071554165,fcuey
2942719902,ulksv
3455557796,nvcfg
6456470798,kdrlo
3644483470,rpcqw
4442303350,hhxzj
4906954238,fbiii
9739514226,weijq
3671546155,ynpbh
7027040918,mquaf
8398978243,joipt
8934352869,fzlxw
4684584859,qdqvh
9863613196,ywfuq
2539393982,eiugb
8983752483,ucstm
1499533021,rruiu
1366747329,pcrei
2473531446,bwzjz
4001570158,sgipz
5596597952,oecdx
1327188000,mvpit
4205860241,fegxa
8510894056,syzzg
7114840636,wphds
2074515380,scnie
5798941265,hxmsf
3164802692,zqsds
7113678909,dlfwa
9777510036,zvtxn
3642276289,jwrfb
8706519666,hfmzq
4064781702,bqhgo
9899329362,wzpqp
4523635783,ffigi
9784788707,yuytl
1463955751,zcytp
4125494262,aktzx
9868536917,scnyh
5320953231,irclr
4577761704,djyco
7763719690,janfq
3881620579,yylor
9348440348,hdbis
2206231804,crfej
9815279816,ihynr
7053747280,xkwwu
6447440439,lblln
1712395916,rgcqt
7999794443,oypvi
8817392283,dngig
3579378804,hxsms
9940653630,dnddi
5034458318,fxrsg
6326887475,renht
1169204771,gilal
5519166255,abseh
6250719301,wjqav
4524624451,otumt
2017102518,sgvbg
4441624561,ygsyg
8377709653,njzqi
2007395578,hpukv
7809427820,bzkev
5548674390,xtozr
8437136116,pnywa
7872561478,wkwgm
7570222277,kwjfs
1127579467,lokuq
8663823196,sqydw
4817091009,kjoen
7571418696,imsoh
7576364205,breju
9916761161,wsuop
6871884151,bqynr
9396881560,mxhxz
1388462584,tpozp
9740678819,pgdrs
9968205407,ucrxn
6601362838,vvnkl
4950603566,fnxdi
1232721133,emlxo
6880286620,slslb
7165372395,tqfqs
6923400857,dpyop
2892370611,zevhq
6742378213,xcdll
2707123502,phdxc
2587658892,ixayu
3300826749,yxydt
7308754941,iapkw
6325510535,nkuvu
8795172357,loxvu
5421258131,jtilc
8617818134,kpfyd
6132627761,gwyjy
8532113956,xxsdh
4819879306,rjfbl
3848907564,kqnei
2692850889,gdhsg
4514205006,hfrik
2024229122,wxqnc
2907153822,cupcs
8100135219,mcrqy
2901070956,zvxxa
4079436411,nwffa
9579156945,mhuzk
3769058485,ixiut
6827380462,gbqra
1709916042,vvjeb
8190457993,tblcc
4381162796,oqtyo
2441490532,aoajx
8623924880,vweml
6541781099,bofnt
1998499498,fkkjm
2989728955,rnqym
8103559983,gzzlg
4705012451,miyne
1853029132,grgop
8465109432,ugbpq
1888169537,agadr
5979709550,ozzzx
7184688455,tywth
4066863015,rhdtf
8983314217,kwclu
9661414249,jtbin
6133512520,mfrnd
4866577443,hzthh
9354787849,cxbjv
6207393813,cfamm
8154092564,sgnhg
8195602866,agujz
3078977954,bxlia
3477240119,xpqcd
4895996095,lyoow
5914469476,eqwbg
6713905567,quvny
3851827910,wjdbb
1227298595,lrnlg
3510163082,thpyw
9457944240,labgf
3171502969,dgymc
5558536103,kumhc
3616051618,tmatb
6099364564,udtxs
7231856601,stfvz
8027401223,msmbj
1041999366,gfhow
9752046589,ajycu
6798116726,gzifk
7840338735,yvbwj
7324347817,xoaxf
5463813991,irnyv
5375032847,rwgkd
1384995178,fmvxw
6695999143,mfbbg
5595793483,beywz
7371155511,wtvsm
1970244221,owvms
5006781921,gnlpi
5726351049,xyrkh
7068543162,gnpcu
2706722390,eorpd
5938456635,rmvnw
8272284600,ydfpt
7244735597,mrsaz
4568439223,aoqgg
8917119198,ywktv
2520030554,vzjlu
8394899801,tnxek
8818803311,hnohr
8317135157,abdvr
9685377074,tiagg
2649776537,yyqdm
3997682683,llfqq
8547121037,oaetr
3105080774,cwwka
1066456846,sihbb
4815419206,fldpi
9653972000,wvqhf
6604034323,blvep
7160231928,tgwgz
3624833684,wwqer
1331843175,lvrve
3233345274,xlzeo
3401331645,qvpoc
2671801972,holho
8071871217,xnile
1981160790,xnuvi
4607961315,zsqoy
7413368385,styer
5214819624,fxrwj
2950101980,oqwjs
1387068433,stbbk
7375587851,xjyjr
1770952248,qfpht
6460723810,oscxc
7562428608,ydlzd
1266839934,bhiwq
3960244651,cyrap
3354083926,faoon
5097006092,owagk
2560774778,dbckh
6556257575,lhjnx
4343628035,ybuox
4859333878,scydl
2571801697,hzpum
7743426151,ewuea
4321257225,gbxeu
9646224379,xzfga
2208376669,xwurq
2086730318,pahpu
2442791637,mitdx
1933918651,exlbh
3922900772,iraxm
2091278535,ypohn
8376046095,aphmh
5503155624,tsfhm
3080203736,ybscd
7247156377,aythr
3093434112,kvyqa
4428455821,qsonw
2140989822,hauqf
2609301361,eakhi
9896614538,qlkqf
7917682881,kfjiu
2718634608,zayvg
5808874532,zoovs
1707343668,xckou
6448696662,ehxox
5099577537,qxpyq
5270413682,dwlei
1951362012,srirn
7019447301,eocwq
7811796147,kficv
9949544050,hmnqp
5628883028,rrutl
3751850731,jmbgn
8433971004,quife
8171413944,fmgky
2673278095,wpijt
4756438684,ntdmr
9881526336,prlve
4788348442,ftyte
9399286886,wojzv
1636090311,jfdkq
1350396477,sbmle
3926978485,yewns
1722722842,bjiug
4982416353,qpuoj
9815205405,dtbwc
1667530081,ooign
4330018123,hjwqs
6916234813,yiujy
7427362780,gvrri
3175538204,rdyro
8042873630,dwhwb
4437293369,wsovd
1110487114,beeks
4606684300,dyynb
9132484234,exgly
1590152162,ualsz
6591831524,dstnn
4632353116,pcpuc
1285377617,jarmr
1433538920,wsysg
6865274079,iofrg
8561460651,iucaz
8630262474,rlqzx
2665980858,vjdns
4837282892,tbvub
1762782232,bisjz
6120811059,jjbkt
7876817031,ymulx
3098697092,brete
4757568962,hhshg
8663526255,aopnj
3530344660,cxdyx
6616972274,dgojl
7197584451,befjx
1946895246,gsyur
7750255991,fsjvs
2478231175,huuuj
3391438394,jldtl
8850828213,vsyap
6367223033,uedxc
9823918317,rltys
1320937630,mzfrq
3202423029,juwzr
8579115710,puxif
3591783759,ezsaa
1127340615,qguhx
9908092134,abkai
7153032421,stbdj
2992822283,jceqj
9641365368,kqkab
8457533750,snnyc
1333515213,fntqn
9198778652,vqtix
8674587857,lglmz
2959398446,gbvlr
6167263474,htjqj
1500889804,ajyjf
3070624276,pewjj
3998507970,yfdkj
8814804140,lppzd
7089963761,jyqlk
7113572489,eyobd
1946510271,qeqmc
9774176008,gsvax
1246280665,vrhuk
4223654010,tkbgj
7817273636,nqelo
6726102330,onsed
9607784464,wtiai
8377310150,uybzx
6918169252,aqtnj
1117810754,ekplh
2654731671,rogdu
4640540737,nikmx
8959454614,djble
3151332906,yjece
8608498498,aapst
6677388444,uvvrd
9873200482,khehz
5026248934,uzylu
2994380290,bpfal
1788162015,sbhpu
8280751325,nygug
4056147128,nhorp
7536273624,grdib
3557309691,wvgxc
3275046881,eyvfq
8239138337,ygagd
2299527795,skypq
9179377012,giesj
6411804378,zvpuc
1062091156,tkits
7432663042,qppqr
9622460646,plfuc
7605862835,srwhr
1117298639,pueir
5489565237,vxhow
9793258627,stakh
4444549000,vjycz
3503504736,hvxos
6190194167,siqqf
3846512301,dhbuc
4831748316,iajbl
5294994339,lxotl
1957811919,pfsyt
7668451441,kodlk
8866995799,lkgue
8414313447,pxduy
6426434248,rrfpz
8368503494,nkfhv
9974771814,sjowx
7857017941,wwyuv
4205918635,lcait
4521294249,hjrqd
6494075515,uylyl
1257653030,dlwap
1849283794,kosmi
1195068272,yxhwl
9491377088,goakp
9068749189,zcmvs
3545139223,mssod
5377370216,heave
8679585144,tttbr
8742849666,ccmks
9281009477,zqmpy
6049223840,cdxgr
7914015916,auicp
7550449559,htrau
9331016137,diuym
5141177004,yyean
8515591922,lnfre
3122784048,reymi
9950358031,vwerm
4865320404,pkwoq
3254078493,pbaak
5791978818,asgvg
2549786971,mysri
7949310424,lxhfd
9176382927,hajnz
3528196798,zlsxb
2461909087,ffllm
9194944097,aefiv
1799924810,tbarw
8322342912,ojlkn
5397921201,orgbb
6954670317,gksze
6278222945,phpqs
2187347443,iluaj
9277220578,dzogy
5036072420,gmene
8513499943,ncmdf
2611480027,qwdtm
3538825390,sseij
2118867605,tuevi
9632513271,csmvs
5084673004,skoqe
4229799382,onfst
5120330565,miblh
9913754743,awnbf
3712414452,zovxz
4370830225,opvho
9909648241,nubxn
9619944029,kmkaj
2854683836,hiwzo
8695201315,bjfry
7856148504,sdmth
3854575173,prznu
4340884331,hkvik
8666054799,nesll
9411927899,szmln
5944468700,cmisx
5715366495,flbfu
8157131130,vzvnr
3261438316,trcec
9288727903,gkkef
6914042016,ivvmj
3417917952,lsceu
8386945716,llyuv
5307185905,sxvtw
7713968603,rlklp
3116777574,yrvut
1861785718,aqbfl
3903128659,svsxj
9020092600,vxufq
5137257418,nkgru
7869238692,baccv
5055539656,ceruq
4279865901,pzhcu
7353828052,fbnyi
5248662483,vsytd
1494602160,jpeni
1889176547,xaudq
5486933185,xgbep
4416933012,vxthg
4644764237,rhdkc
6968993925,twlly
1092284137,zjycx
4612652900,hifik
1948890042,hmqdr
4387394747,xtnmr
1889486905,gskni
6785898714,clksd
7224091053,tmtwf
6571707304,qhtdo
9713998980,pldkx
8602814547,izppq
9060264612,rupox
3851477211,hjagn
6327527864,xdltk
6036006138,kvxbw
6743696370,wqpdq
1805709799,hkhtc
8236635006,zrklc
7119331538,ytqra
1429105529,laqrs
1030824305,hbyhi
5595459417,sarvk
2556681294,vbhpd
6169316427,zqurd
2186360277,calzq
8095336710,giwvm
4603934099,buvlo
1874503742,piros
3867657100,hcmgd
4983733673,udrjs
6524020667,ldqmp
2619003485,qkjts
7837372791,uczer
8520639782,mnhkw
4753201613,lkjfo
9133909819,yyxuv
9856529348,lsgeo
8777297569,xbqsx
5223998103,hicww
8934730560,zgako
1968106742,jlwzb
3659134860,jkhxk
3109441070,oechx
9506202418,qljgc
5245396409,yessr
2343894014,ozmoy
6850621392,fbgis
6842037100,afvix
8325744671,yyfdv
8736315073,ynmij
1854425604,vvkoq
1062363366,grxgi
7204458266,tlges
3591586246,viksl
6898904931,zrhcl
8003662554,ufexz
1306471768,dorjs
2170172867,difrl
5016084330,pcrpz
1491150671,thyyy
5885206922,kamsp
3535464551,qmsuu
1873107591,ioofr
8620041713,aduvm
9025976519,ojqkm
4389504258,ftnzt
1941362680,yuhcs
6391411611,oxike
9579387286,komss
4791751801,ynfxo
8458646133,qyxuq
9246653750,xxxnm
4089851599,rjvte
9035531452,ffrsc
9928542330,nagaj
9987688892,sdunu
8195349905,cqkle
6084022545,bikvz
4177577547,deprx
3908715843,ehwkt
3009868222,pytzm
4292545093,vyepk
7758557367,ogjdh
3126690754,tpdpv
3003139174,ljoek
6051363186,rfonk
6205304141,qlzwg
2031323980,neqng
6156864381,cwthx
8094400001,bicgw
3769000285,bbsgi
1623996583,wlsnd
6786250711,lkpcr
4350895937,gddbj
1844120389,zklij
3967227933,bfsog
7973909197,jczfp
7156461732,svect
5852843709,nuhiz
5117567292,zlqgr
7867082123,ntrrh
6690183683,pqwdg
8259815697,fgvbi
5641225094,uxupb
8923265214,bauzy
2921092411,jmgja
5333256888,lnptm
7837793133,gxgkm
1625819480,opssi
2061248245,msotp
2571555304,kgbzd
6471479161,ggbku
1965921865,ovxpu
4723284393,tdlnp
6725868447,wnlcd
8639682270,avvlr
9949711557,cxumy
2520367477,tkrke
9679950987,eqvhh
6422619102,khndq
6471447206,elqma
2573469464,dfvha
4671695892,ftvia
7455946434,guhng
6556063658,ochqr
9334311069,gadzi
4206553747,ftklm
3391622229,gcxrr
4528871702,bhwjh
8396933775,zqktl
1500938024,qlphk
1285083565,ckesl
4630481582,flkfm
1870789164,etsuv
3128816968,wdyaw
7412963740,cmpks
4699157505,demez
4878231855,tmswe
7428549103,hnzzw
4877415479,ixteq
9146744109,pbdyp
4752119203,atvfi
1379253333,jlrbp
1708608987,hqdws
4832676297,ogpsq
5561140379,gvbux
5908843162,laqpi
7033433011,cwiuy
3437188883,xqplg
3333206167,awodp
5510430036,rrovf
3787881432,gzicq
4012159514,yeyjl
2235250683,ucssu
1660443930,yffbc
3471437421,ncirk
7476902662,fwabh
5549943147,hesxg
7769693622,rifhu
2488776337,kkqst
5673218785,bgoyw
3853352742,lrohq
6377851020,ehupc
4035399740,rpnza
3651179045,zkxgd
5264042411,ksqqb
3674836573,rzsfp
7567807523,ombcj
6398782674,zfirp
5918305265,wwgsd
6950198659,wsbub
2620917846,nlogc
9823683731,mvkok
6802753899,fmisy
8552063680,vffux
6582804377,adfun
6053683826,rqlvf
2276064327,bsycr
1659290923,onfzo
4569636059,wodeh
2210243733,xkaxy
4357245569,qlxwd
4368973108,jleqg
3438333272,nnigl
5107007349,vgskn
2248407035,rxfds
3848551253,wfasn
6571871373,qrmsc
5293481495,jdmdh
7112463015,kfrcc
9347087939,cfocx
3769498222,oqrvn
5123395508,nquja
1924119388,cdykb
9865455883,ahjqi
2395972082,dxuwf
3141086442,yrtut
1876571133,gcsga
4299077311,lsjfj
6376394899,lnkeu
9611203248,omppb
2723757183,qivrt
4008621350,oqwcc
4876539823,pmvbe
8404519904,lpxma
9760510627,fzxgf
1839290796,bkfxq
2675026617,gjfmp
2275072804,plqiu
2888092262,gytil
3728577603,afiku
5686137384,iuttd
9034250367,vdvnm
4331533220,vvcfl
4188372182,ujryj
3942492449,mackp
5808567905,pydly
6934370864,qqrch
2564339842,icadf
1795548538,modfb
9848434298,oigcv
8061194024,mpecl
4233935012,vzofy
4732021899,ivczt
1451977653,kbpoe
2893061641,gmbgy
8875070183,iyytk
9148901020,kijgu
4791336405,ygnpq
6947298411,jhlqu
6218863657,rtuis
9844912116,nyvbj
2849387322,zddgg
7017872695,cxokj
8157794537,ygkgg
2005974388,trizl
1958764724,alxds
1704446561,oyxbg
5868707794,gfujb
2861198794,aajsh
8477383398,fiwbn
4774027859,dkpyz
6345718375,jyuzq
2364413430,xhbiq
3491030813,oiaiv
1553084913,wlial
8863954796,gudsi
7412100462,zbqxo
3660969661,bcylu
9320336375,roaqe
5106412410,zcnfi
7463001667,tnvfw
2208413817,ngatk
5229906975,cdjnc
5283570851,hqfcw
7869479439,mxrhi
8895892384,rmody
4775581107,qntdw
8312492609,zlpzi
7349633988,yaghk
6978139360,ioujf
9035474319,gumry
1352456092,exsrg
5571869009,yobfp
2505648906,hwpuw
3431476244,uayvf
4248029165,qtlkd
8516279671,malom
2253911421,hdday
4251804889,thgug
5787964022,hrogx
2111498776,vhvum
3660331189,dawvp
3281279945,nwesh
8435740424,nxoux
8294890953,xvjih
3545351163,valnl
1861659349,pjbbe
9199007986,flrhr
8323097599,cjvla
9483342822,xkbih
6686672651,jupml
2208607576,lxncx
9517957743,gohiu
3407729152,eqvrt
4231514317,agmsq
5010664634,jkejp
9156008815,tvvnb
1123096068,vfqbv
6857279657,ttady
9883222354,nuqfy
9804827660,wfzsv
8118868758,oiuhk
9809997302,yiwyx
7884006811,rxhrj
9478984817,crohr
2960048904,kqhfs
1492485135,sekvs
2941258808,przto
4318006400,lxgyc
5051518268,phlyl
3376119281,doihf
3083714683,rnmuk
5556847026,ntfcs
2437008510,hqmfk
9617461055,smloe
4242213458,xoaum
5439646305,pblrx
1611730139,wvpvi
9876254712,upzph
8466296401,ksybr
4054643044,huhyh
7487689033,gbqhq
1955184909,hilcd
5283669903,gbzqo
3307449833,qwxed
4378215207,nesqr
1513003440,wufzq
9246537039,xmmdb
1603592997,tnhdp
5141070713,dwgqx
2614790696,efqby
1621805331,lzggm
3099615663,njydm
9609232625,hictm
7589623204,mykhl
7271712760,kgcuf
5720852181,hppao
9731070019,eyyhr
8789219768,oajan
4097152514,ruzkh
9381880188,nbdtq
1275191477,tinfy
1374393857,hrjnv
9699973723,ishcg
1297896349,ikbnm
2766833412,cxbht
6836546584,tqcop
9114141906,koccy
8987043405,barze
6348221092,nxaly
1499585193,zhxqs
9966709833,wefia
5701315592,wekms
4259389827,tmhnu
5765150193,uugqt
9772431178,souiy
3968855625,axaii
4113939277,grnls
4776777505,xtayf
7374771692,kdsdc
3611458670,htjpr
7261992610,ynjeq
9940637386,gnwta
5522256758,zvwko
6119848349,mrawm
4484224729,cjijd
9750184111,mvzuf
8083124009,zinor
9691079972,uxhek
6264034424,hcrve
5619400372,kfkqy
2960313246,ekihl
6414559668,tckdb
8389102930,tglqz
6315512982,avjqq
6517761528,nitfi
7856556778,jkahh
2878200164,ofpxn
6354804968,airxu
8897635423,axljz
6020924860,xpgws
7888105741,ipyht
6347209553,kramx
5785444122,aouir
8970710357,lairl
1816130918,oodfd
8980531536,ldurn
8889321485,rupsw
9994530359,aaenr
2575981704,uimej
8871292790,rmuza
6136693309,hhsoa
1071757954,niomn
3059969848,ihlnr
8052713773,ivwsc
2123279273,rmaqa
5460465810,rcwpx
8785308597,qbmod
4294253914,jyrwg
5653863777,ptzzm
1669939150,uiesi
5234940994,sngkq
6987489268,iyusd
1165978002,cqjrp
4942487796,knyau
7885209314,iwjvs
1906053008,nnfnh
3597324614,hazhh
3806077182,wvvyy
7320379574,pevka
7366626725,prjio
2810120957,dykwo
1287558371,uaigm
9158154317,ryfgn
3596443539,xdfrc
6896858153,ovqwq
3250674950,frgli
2457001815,pcmfl
9074326032,yjrpp
1219113352,tbbur
3513577979,larti
8019564112,hseao
9370693276,yfcyf
4135856476,bsyan
5200388329,tynks
9375162839,btapd
8325709486,uejnd
7414053441,tukle
7775487363,jmneb
4510325664,nnbwd
6923781825,njwat
8798828939,ozghu
7913877826,dapfw
5495276085,cupso
2041420176,yfype
5223662591,rzglu
3385315333,xeuxn
5749066838,bywzc
3740338577,djacr
2356616217,idubj
5107493420,qbttm
2114493982,mtjtf
2985873785,husgl
5109043265,eoybv
9447527309,crkwk
8531339250,svwmp
1901131419,stnjc
7065972977,fogok
4688901257,dglgg
3724750781,rsbsl
5082168865,hkjih
6825664591,kjvea
3266281205,wngww
9271977158,ijebu
4917857872,pepgz
3470687511,zgvmk
2759784955,lomxs
4764024237,banri
3541766480,iuovv
9669463621,ifhxu
3292724649,vhpms
4022448993,ohoqf
4761419728,lgmvj
3991833307,egrti
1864871300,mibns
9787648123,adffv
6752464533,bowep
3098554169,ilqyv
5902062672,wxswv
5538259344,ponjj
3847914548,ycuxu
2730963847,nfhco
7010800080,rxumh
9818071190,vrbrz
3082647985,bqkev
4683858035,yrqwa
4140621977,rfoud
3971884296,ruxnr
6483324322,izcvm
5346299258,aljvi
5656047817,uyvrx
5789213884,qrwgr
1346781357,olnes
2336717954,rjxxw
1227181860,abvvu
8893004062,prcop
4467687601,hcwxd
7473731191,ntmrm
6321375898,qkaks
6474935672,thsuz
1095321058,wnepu
3923157601,hscyw
2519912554,afiuq
5801593742,hgpms
4744432627,yasxm
9979073241,tcgvv
9059049495,qqubh
5982099768,zskzb
4045761246,atsov
3511034650,eedcr
5623240323,zikhd
9908641745,pzikk
2727398654,crdlj
2673388773,ttvcd
8530718343,ofxlt
4818788779,ehgvq
9958738335,ckkff
8617079723,yhqii
6620199098,kurwz
1962085206,laqom
6222328994,audou
4962119347,qicyv
1245442557,xjazo
3947348870,oxizr
1804729360,lqvum
8691308530,wrnty
1135602842,eskll
9411851013,acpct
8395288358,dkhqh
8291686595,jqhyx
8541932520,gjhii
4858839961,ydrap
8280588082,cgktu
7242695648,yzmlr
4958524730,setgf
6723395772,xcoeq
9141381322,guqdm
1965046096,lwuxj
3980546093,olbfo
4085572321,lgqgu
5557461413,zheop
9199617557,hqrcd
8653724021,gzmrw
9990316309,ngmyp
2926527912,kgmgb
5175596631,kfxsz
7813080280,gzauz
4814124048,tttsy
1695078159,vfdiq
8719621634,aybsr
2808976267,yzhgv
3710262628,dbrsr
7750319240,zfucl
3132724858,xreyj
8447096388,ljqih
5508992669,axwkq
5751120603,ixaod
5511671999,qwzef
3272754957,iotad
5617250072,olool
3043257967,wfzfg
6346064636,nrnig
3656343248,zotpj
3052186528,fpcnd
5569179264,tcyoh
9191532621,stasm
2102477915,ydryx
6941360759,aipkf
6063654896,lwrkw
6743467506,wngjo
3496959116,uzczi
1634772120,raauv
1163597168,fuhmy
3456072750,epzzq
5991333338,lfuem
5101536499,ymezv
4049557191,wsxwz
4185121937,uxfun
4967569759,lrwno
3161902562,lpeiu
8166079559,ytlta
3763495686,caknh
3812726312,wfzxq
9694815923,sjqss
2420643437,xpham
1097915932,dgtfr
5958249755,trtzi
4494724178,eqhlf
8595713182,ffbch
4266346223,nmedz
7685236416,fadep
1024239402,qwfbb
2231474007,gafmg
3172105264,sadpp
4600418393,hikqz
7524169325,ngmsx
5434353415,gkqfo
9970977365,pwnwr
4564265339,mgehe
2595233715,ljlpl
7258601574,wurhm
1966114747,zxehu
9203977210,wfept
9601990433,baazk
9245800661,gxbkm
1005041352,lyinx
2729797831,pbnbs
5243925211,hzwzj
1157611729,pzigi
2526537835,dandd
2230338841,pmzmg
3078853750,pzqsz
5942082818,ygxpb
6158856858,kmaah
4487090081,crvkd
1685560012,kmuat
7754221034,sywph
8396638627,vmazr
4309310120,vcaks
3179908327,uqsrj
8043532975,xoybv
1559452551,crgsn
5110727349,gjsgg
2484730601,eeddv
1811529895,bgzlp
4298520597,acojm
8708998630,xezru
1915747257,xharl
3521606883,vohte
9686805350,vsqcy
3933199817,cjkhq
7292340575,spjzt
5404340180,iawjc
3177336415,wclfy
6938885299,nfhtb
9248203842,ydupd
6343158721,ckrhh
4244565554,havio
1655400782,nnvig
9512086906,vqhod
9005783260,uqugx
1909678771,eihja
8600470954,tkodw
9792462914,gojnt
8255985024,kbfuc
6874646466,hawrx
1235598324,vcrkc
2834821157,atbpj
8078920088,isbii
1503526234,ughft
6523523448,azdmz
9951145155,vkgmq
1543274045,mknhg
8084746357,dcezn
9144761161,jvgkt
5714396931,hgoqq
7615339046,mugcj
1090164441,klion
1004394338,nyvgx
8616217977,tufab
2168765440,scahb
5080382049,ojane
7469066187,qollc
3959127625,ypiqe
7263062805,ugonk
8912310280,myees
5870952505,kuunt
6961094336,nvjrc
7952207210,ropwl
1045733343,nipwb
8287957751,ovlwp
2628704160,wzofb
8259346766,driyk
3986606461,vjksy
4450358308,xmngt
4396664163,bszie
2773645456,odkkx
5759241380,xedmr
6097337863,pjofo
5994407634,tmzdl
3111030149,mrlhl
6375717896,aohsi
5525877542,jaeze
6967752037,ogezu
6840837747,xbini
8673388834,xrsce
5298185600,pauzz
4666038136,ateat
3933609925,wvmdc
2821583249,seimy
8658251233,coesd
8123155343,jvvjp
9159167654,jznug
7231603190,dwenb
3292303656,arwai
2223312489,qeryw
5270336688,ubbxh
8300025959,zzpnw
2597411597,fxkio
7832889844,vdeqq
9950979089,jmcfy
4700193729,rbdbg
8637796055,xkrot
1235123186,kgfxo
8876407304,bqhnh
4882140852,kutbi
7477545998,bwrod
4429119999,winrv
3509823116,qxrfj
2389989483,uwzgu
4704759673,xbxxg
6840980745,walxl
5692334263,ewfwo
8151313289,vlown
5665527518,vclmt
6727284616,vwlst
1662946074,tepjq
2046695505,htygo
5955271962,ngicq
1362905374,fbzly
5639608678,lvroy
1903181557,sqzub
5313961589,xlxuh
5659232731,ningo
9904552232,khzpx
9526436601,sbqtv
6900545727,pgdix
4243330259,mqzgh
4249258597,xpwld
7603168198,yabqh
8307583362,bdkis
7662453098,yujly
1243199140,bbpmt
2344472595,lgblb
7362767472,dkylq
2948723622,vghnv
1318801837,xzsnz
7772073578,zmmtw
2600154847,qerwd
2881098854,zgngx
4703134354,lxczy
5717781129,mxtuu
7624137568,dckae
3072110150,ehtuv
9009286721,kstns
8207374664,kztvo
1691317146,fnbsw
5538550448,ansth
6957835621,wpvdv
3361450597,ivnqj
3834742102,kycgk
4401760288,onjto
1061534059,yzoea
9800180076,gcqvc
7146116734,zhycb
5831423744,corpk
4308243896,paczv
9626929291,zqszz
6331747906,mnwcq
9947726474,habub
1819361093,qgvch
4793126876,szvek
2583055365,veicm
6675680551,azyeu
8555061352,wlwzw
9317053389,ectgq
4740763598,uqknx
2370997346,xvsul
2149413252,dccyi
1851079823,hvajv
4751850779,vthwa
4987478893,mpral
7463691103,ntkou
1358401078,cxghw
4870939855,yavvr
6083359577,kqvwb
1022526379,lziua
4264411972,agecm
6096886840,jbeam
8199927104,daamf
3430500409,oczjr
6315428144,sbrjo
5164495272,xkxye
4513481935,mbzcg
9765059790,sxbkm
8876318459,wweiw
7864509172,cyfyl
3720409924,xbaya
2871375426,hajdr
7863637521,anwli
9916120116,jbuzi
2930850289,psxag
5268732427,kohft
9557165448,btkpq
1452360774,hzndk
9050007117,lcpxn
7584828964,sfnov
3695892807,fhlgz
2501941218,wykls
1764428596,jukeu
6015032873,aypuq
5363186087,tycet
7216428893,vmglg
3389194925,ssjjd
4058501811,kffqs
4794406092,emifv
1268471535,acpbj
7823144733,lgpei
8825891061,emjys
4892498679,ikhda
4661922164,escdh
4916874082,bubac
6850080782,uddce
6025586441,rombl
2629570415,qlcnj
8589732694,eikda
8451267931,xqwvy
6827420818,bqsqs
1102689623,gxauv
6575336746,czeqh
4231268554,vmujx
8763953520,vosbu
9298628955,ymojx
8970475532,mmagg
9528607365,xejil
1109989113,quolw
2517368413,vbkzq
3578936493,agnki
7133665990,tdnad
7951205262,zmmvr
1441596049,vkhga
5265642145,fvcgn
5396270128,icunm
9262129443,zjwpg
4301094815,fpsnr
3931754089,csnvy
6079381995,slriu
5210171744,adgwo
5850511822,boywx
4633506447,uwiyc
5976332536,btfsf
5271555595,vqzvi
9905648949,mbdgi
4997853593,taree
9334636907,dzcls
4225006760,itkwa
6446269836,mfnxn
1346951822,rmyzd
1476627546,nkygj
2578555318,kypjv
2083004357,jgkek
9664502624,repqm
8074965257,vrvxz
5333832718,kwvom
1384953691,laxvg
6733910665,eqsyt
9813682149,phapd
2553166399,bbhjg
8703750876,flobl
9456272951,kftnr
4851310971,bymmi
8451192174,gkspy
9537414242,tcufu
6743646436,uoevu
5514094092,pxzly
5412807198,fbfnv
1071774750,iqlmn
1873355260,yhtqf
3805320421,baklg
9001334938,fmtuo
4172535426,aqdql
4491756203,qluxi
3891342741,zeujb
6650168407,uvqhb
3744192858,zxizn
3988803800,ycmsm
2127702505,mivgp
2594527180,hythi
9306260325,drrmy
1452880861,ubkgt
6256246951,vcywz
6865229807,jcaql
2977528838,rikjf
8153785258,iwlgq
9442200614,jcmbv
3604972009,xbpgn
5195215228,latby
6644370655,vgcuh
8509654240,eqcgc
3219685992,ijfvm
7201442548,vskvf
9951072043,uqlue
1328670966,nvuwr
6048614603,boyhi
9857718400,fektt
6434170734,fkcbn
5504029486,zufoc
9003004776,hizhq
7571322918,xxcob
1482380185,cflqp
1718265000,xljlk
8531545915,khvbu
9286206543,ynenx
7612533959,jfliz
2567623929,cohbv
3728029236,qaqxx
3463972020,zpehc
4926817675,hmblg
2165218134,evrhx
2257626181,looyb
1486869777,audli
5062582073,tdsjb
9135834066,wkmyr
4208299041,zstmw
2612229808,arudy
6692836160,jktky
6632644805,psnra
2762559857,kkiwg
2145409505,niffv
7513257916,agjqn
2797846062,raedc
6637978220,zbved
1877210543,euwpm
5770359575,vokjy
6439070596,aunaa
8616456130,tuvoo
4099163481,eyltq
3223069240,bspit
3390194321,dzglk
8545813881,dpnws
6597774037,rjfsv
1745474499,oxrjk
8340483516,pthbq
6296509606,rkpye
2447894385,tqhnc
8925150096,hlhbv
2069386657,ikqgm
8577257837,acibl
3273913812,aocfu
2756452395,slmel
8492747184,fhgkc
8733656292,oiacz
9322719717,ahycq
5447666316,ajtpv
9491979972,tcfrw
8996549750,uietu
6746355580,lpjmr
2782010777,izzdm
1738587249,czerv
5663670718,gtytl
9980447518,gzzjv
1314984555,spztf
3709187665,anwuv
4288144347,csawp
4179408534,oribg
7661889740,goitz
1053907884,rsbfx
2542978111,agicj
7502664458,gfack
2964378798,ltqmw
4082855121,artmy
4971203226,vxbjh
5600896514,hroal
4454988652,fqkxs
3018465357,pxvdz
4877957175,hwoxt
8723913784,lnaqs
6008750155,yowon
1954219250,dxmzk
6950176118,glffr
8874099130,ojkue
3644540226,yzdrd
5505537471,qnnii
4831454252,sdnzt
6969989437,yhjyd
2268572884,teoro
8535188237,objiq
4733806747,yslmg
5916714476,tsvbl
4444675216,hjwhr
5943515710,dpomz
3266897887,hghxy
2242067191,mvpno
2274765072,topam
2249209857,qcxvz
9066867388,xqkjc
2360397103,odvan
4275854499,egcsp
8276734269,uwebr
5499858485,vuumb
4284538659,nmwvh
5971450911,mhxxm
7228320236,hugwu
3544451590,whqeq
7417140109,bppgc
7465202599,vuida
2089716798,lvyqw
4883243457,wrngl
1113420474,rrkuj
6933639876,jtfsk
4293977307,lyhel
8789962773,psvml
9341509812,ieirs
5219187385,kmkto
8875169702,vtvjj
4977434335,zpctv
7408589791,hjzgf
7057554521,tubqy
5239003958,bzkpt
5619348904,wsfio
1498658399,ytdgz
7815512921,huvcw
1821496997,xietb
4793880386,burtb
1567510566,oxcjn
8854230428,agaso
9714461607,mcdeg
8877722475,jxaqz
4890402535,mbgkj
4626310927,btsbg
1069714664,uhmcu
5854822007,hlbci
8436162514,bmegq
8466392492,qhahm
1346219716,dyyhq
1195912424,hftdx
4778855887,fante
8831291531,fuabs
2342992263,qcxra
9234568337,kkgjj
3396621980,escxg
4726771397,fljmz
2630780777,boefg
5105460524,gjmti
5728087980,wrnrm
8439321502,almaj
6871515583,krcla
4288589167,svdfg
2584184476,xfhxz
5905152513,ururd
4957047203,gwgky
1149353049,hlxlb
3912893859,dmawd
1718057845,hyrgi
5302463860,dczto
9543501394,wcfhc
8258594583,khdfw
6633628084,ownke
6333174276,eptnl
4528828419,iqfdx
8350875306,tehsb
9489404293,rotuw
3530272971,ktqss
2120172813,pspdz
6839317659,mjkdb
7345058152,zairc
5261151626,gosiz
9109234817,hszkp
8849413825,icebs
9465220153,ybnxp
4562729274,ubncc
6849392811,ppoyh
6621206593,blkuc
3389128327,wurrl
9211813913,zpuix
4681831509,fpgix
7251941628,iqgsr
5299526105,stjwu
2344962630,rqevc
9231617961,mnxtj
1596534124,rbaza
5046286027,vlaln
1178336064,beful
4281151125,dghiz
8305929422,sckcb
1599164088,zglrq
2325988894,wgrpt
5964100526,bncnz
2212257436,rhbik
4597342341,wdrst
4943427461,bgcij
5601833015,drsbr
8885873705,hyret
5654720629,uepgh
9923516389,lawud
6448088140,zomll
3026145152,uawwe
9114247422,xheom
9797999598,kxvkd
8151086451,zfzef
2199682079,lmvcd
6351851212,ryvyw
6195960593,dyccs
9427319481,lplyf
5174029841,brvci
1250907162,aakax
2413969355,fefnb
9070500375,qmqlb
4182195627,snkhm
3570884599,bfxmw
6473987008,ezuau
6219344598,ouzds
2738232053,shqvz
1089514677,nlpus
5966831835,ixukr
2561443952,czjdz
9910011593,iyzia
7097221603,tqgum
1645765047,ithif
5366946074,eulqp
4589267971,wqilv
1011901108,mvwrb
7202751512,gjmkk
9421579470,qeuxn
8174892346,sojqp
7469957183,vfcat
6258818640,tftpg
5286448184,ftrzx
1852025452,itcyl
9689711575,smywi
7529736041,kqgbw
8672820146,zyqeo
9256131583,ojvyn
3522839330,idfvw
2484090832,qtawv
4228833709,ncgtn
3146712697,wfobj
1186380525,ayjgg
4113287133,gncjc
8826035373,huvxn
3295092330,plaft
2019574028,ljlfd
5353470083,bendy
2985491998,rrfue
2643221213,pemiq
1063286480,ybhbv
7006154821,qxvfe
3388651045,lgskx
3072229551,ghbvk
2692388835,cdcbd
2708481687,ektgt
1917091553,cjvef
5316095018,kunpx
4207659040,bscvm
7028508984,nrrmh
7099378402,asnxu
9962566191,zsrxg
2849617934,tlyhr
4157716255,tsckb
8619655156,rnnrn
3232019774,qvqay
6284413802,cjujf
8051667084,zgdeg
8629503572,dituz
6897331092,bcyqg
3006372204,bhcrr
9994322149,skmfr
9405459823,lctda
4526978779,rnrgu
3931411718,plbge
8164619312,fhhoa
5897016916,wsduf
3601523036,iwcit
3302460230,rdkcu
1649775390,svhsf
4584037021,gqvnd
8582347539,gmetk
4654571889,gsemg
5777985857,tvatn
5883614756,rtqos
4418283544,msedw
4771975725,qywyh
9242752768,cpxie
7457385175,ygymw
6708148357,gnnpp
3270939668,nnagn
5451391900,sxuzm
3108010350,pcoyf
9133677475,fwygo
8210661886,bvcuk
3575573555,oqysr
6334584051,hswxg
2294348171,umsbb
8584728478,xndeq
8621538116,hywsm
8739312832,smhdy
2126698121,tnybf
3137271608,cxotl
5090462892,ecbho
8306477491,qjyge
9467831212,gvjlz
3137211053,grseg
4949495936,ohwnt
8627208336,jwtal
9915509648,rtobd
5920440710,uowbn
3460505742,mctme
8822872087,iraix
6580649412,znehm
1826106176,cgkzq
2371409393,hbrzw
1433580498,htlef
4454800804,mmqgm
1227174658,xovlp
9951330598,cjgld
9954236191,xsnsi
1373627709,agzeb
4094805596,qlfnk
5265417534,mtreh
9755228471,fioci
4063686492,soait
2676924613,kjmoi
9627556606,aoidn
4530155373,diujj
2163763536,orijf
6162530007,xaofp
1614797497,nodev
4009483557,whbhk
9669080075,bsxsw
7401508508,kakjc
1129407690,pqyep
2110474567,ermmo
4816990906,cmgut
2494037607,iaywg
1879616815,wmuhq
5998961597,oxtje
1005411934,zvsrx
5043786076,siyzx
9743757085,ioifw
6728678650,eyhpu
8443059899,vvikd
3006235181,ykcgs
5927697069,sdgtc
5187442699,nptds
2147691205,bzyew
4514553216,hiqdp
1066438003,hbusd
8776721878,yokxk
8162862792,wwmgp
3273378964,uwpnb
9870378688,iuzst
9296392468,ipqha
1478247255,djgvf
4189037667,ksdze
6630330198,evsrz
8103752044,bkadb
1407346450,xxpae
5854203754,hriml
1823186768,sbcph
7065786265,xbasc
4406613571,ejxxi
9573825288,ccwru
9428188910,svhfn
5365133003,lkxgd
5832207784,lfhwt
4403517495,bhjah
2425244000,rcjxw
3621439200,rknyx
5056859266,vfwtv
3227262958,gxszz
3747252069,rucmb
8080770395,bhljj
7342379673,uibok
3751397337,yfwbv
2459070336,aledw
2855757110,yfgun
7097038041,flfdo
8715641505,beagi
1201275880,uqabz
7824616055,zapqp
7906883766,alfzf
2905852340,rkpxl
2898921987,cvmzk
8009720308,hlixt
9019871899,nlpza
6957601102,rlthd
1051649505,jdmuh
3724440539,bhori
4047875038,mxsmb
4383095097,ijaao
5630881601,cfgfj
5062445686,guwvb
2549353573,ixtaa
5031586015,obewm
6563009866,yejwy
2602738462,vbhle
3224504376,aryvj
2685657727,daghn
7757262911,crslv
1542584749,kkfzw
5977033833,tebce
9483030441,ssomj
3224991584,acvwq
5292891054,ibtgy
3973877545,qydiy
2565200550,legwi
1096056433,oxeul
4829289620,azxrs
6560426670,jyhnb
1615363785,dbmyq
7632326171,iisfm
6589698100,dqyil
5316225971,kphjt
8700099814,cuxbi
6395385737,regve
6994951083,rzrrp
2009952002,spoql
4730057382,jjrjd
4705684174,hbnos
1472793890,rqxbo
1055471940,zburd
4151690880,bruhe
4216397820,hnvva
4074071657,mxzjd
4333180116,ruhvq
6060828204,nmqzu
1166273355,nmrxd
8330472998,rajgk
6659362089,ypfkx
1165307512,rrssb
5062657588,xyqci
7768127495,aqjzc
7479342814,vdfwn
4872978360,kccza
9769922354,qzceo
1600962592,tmsvh
5541900348,afnkf
9831054613,zjsge
2081928447,atgvk
9792014266,kexwx
4124394836,zjvyc
1023333055,famif
8356656585,uhnjy
5993224148,xedke
9401091192,emrjh
9277013450,gmqhy
7965597541,bypme
8063791418,dgkia
8991094947,tjcrh
8313277000,tnslq
2527286126,ttxxg
1357744457,lmypr
4133630465,sjumz
1860274339,ohpfp
8396843746,fwytn
1693726784,mmnmb
9169927720,lilgo
6442013721,zuihx
6312480227,rkofp
9512702476,fwsbj
5727198116,zbuju
4337837144,znkok
5051773991,hqgim
8293295457,qbvts
4046932318,bbdyn
5354237858,nhyzy
5042250186,imnhx
3175756987,xvuqd
4544132271,autnz
2851055685,icahy
6443633007,ubsvy
9899610844,yzmqg
1549985637,mtkxx
1889253181,matmb
9537693158,ttulb
2409149933,xrulr
8783338490,tntdp
8514198255,uwvmo
1569423187,inwcn
2647540642,dddjo
7595286527,hzfuq
7146796485,rdsph
5217979734,lifjq
4560723115,jitiw
8509406771,neknn
8256499931,klnvi
4884357895,thcmh
2513364732,uaszc
8657734802,daeui
3956528975,hfpxc
3497523088,mfyye
7653205874,ntsiz
6449493217,mpjbz
2105540387,bbhdo
3800157765,mqglj
4115247877,tdhbn
1318680732,kjogr
1296883018,gfrga
3334187459,gpean
7842720175,ymkak
7947905199,fdald
7735079327,ebgih
3500341101,xqxmf
5436402742,lsqtr
9502138028,gwusu
1686918964,xyobn
5829112205,ppmop
3461232282,ppkhb
6324087185,jspfn
5744617317,exlsn
4473139689,edbgd
3056998862,akyca
2074371732,rbfxb
8880044419,dkrdb
1561911194,xfklk
8508666759,mhjfn
2441995020,lnqjk
6423403262,bllxp
6072991931,grvjb
5028982388,bpxwe
4434290178,eczko
3904869253,jlvkp
7890392463,qvhsk
1559112522,rhjzb
2701014788,dzdji
4830386309,aqsbg
9485817941,lujaq
3008067501,tgvxg
2780713210,nbffo
3853979634,kqlbg
3716614028,gccut
4403584554,glvtj
6686913527,mvbks
5300571179,lwufl
4676781239,eutmy
6236043821,ojqzu
8604781505,mfpos
3930525544,ynltg
8740890060,rhhhb
7388213070,kbcxs
6823272755,gljvo
5656528709,htoar
6368589087,znade
5656450193,uhxpp
8702393810,hwqjh
5723858876,sfqjl
6033985042,kulri
8367257643,jcwad
4954061297,clrhg
7416244079,snyoq
2951916317,ssdkn
4095567978,surwf
1848982364,aakvk
6038486719,fzsme
4717496777,bfmii
8325639953,ttgte
9178807889,fpgkq
6965638768,lllrg
5781651008,sylka
3584516145,eyrca
5490400678,sipft
4255752600,unbef
2723314856,gmkly
5012933144,evvwe
9928695216,lqlkg
5704811180,vshdf
9053990557,kyzxs
9216778855,utymb
7757447878,mazwu
9430107421,lpfpw
1838869926,fqsdq
1329547573,uiwcn
7194259519,ffasl
5027238829,blwxt
2232777518,wpnan
9559975573,swbab
1945268583,nreoa
6568429387,wbcqq
6300191192,uhagd
3905808318,bjqfz
7453074364,dkkhx
8280120815,scscs
1957940176,dleak
8340654008,iatwl
8314177435,jpbtx
7250716327,hdtqv
4122428620,kbtog
4204730458,sttof
2937988605,aexof
5793335104,xgxaj
5683835739,vmfnx
2496366761,qsxur
1535474805,lbmfb
9717055259,abbms
3545128576,lqign
1790882179,lbbea
3717113285,hadpl
3230998060,gpobv
5391673306,hoihc
8968179243,wwkpr
2419894180,zahqf
4935268287,uoikf
9422451154,mggbu
7137670822,eaylf
5294807470,drwqx
7649218168,ztjhi
8247211256,fvipw
2301940701,mejbm
4668394929,csbpg
9115077843,jmouj
1968004909,sicnd
1272511202,durxk
6610990789,vqmrn
5378691141,qmidj
5827434839,jusch
2330588866,rjptk
3036696672,vtomg
6160861229,jruyp
9946304110,ykqur
1794903813,bgtsn
1285571223,jobzt
4384378483,pnbyt
1949179426,wovkt
1495673555,wgnhu
4599248104,wnnsv
1894184203,thjks
6482897684,jymrw
3667960125,ohkjw
5536988714,lvhzp
1611639680,qlvte
2475576170,muche
6730182554,eavrj
8291234996,giuls
2741290102,witcm
3975525355,piudf
5018762830,dgaef
8933094181,lldjf
9780360381,snvcy
1391581192,lgiik
9107945652,umnie
4182072696,trvbv
7174044611,krzni
2760621466,vksqt
5212831759,uiptj
5985235045,eqjzu
1451384396,zfnlv
6770109465,kiaen
2325297915,voady
6444848110,bvjxc
8208251092,dcrvo
3347475708,gtvok
5151094879,gxfza
8049782581,uliqo
1875109071,rxsyd
5088289932,ivzfy
9029962014,vjivq
2463110944,oigtg
7039383797,vdvoy
9231787007,wxdmf
9161735981,qqaco
9157029626,pxlia
6003653367,pwvup
7007109884,gkwhw
2544576207,mdbia
3750751032,bdvtx
3535711556,eppdh
7713066526,qzrhb
5826129534,ufijl
4014257406,bqhtn
7867863473,mcexj
7473200268,xsuus
2658686108,cplih
6304439474,acptl
4443317211,ixcyk
6979729132,wsfkb
1140554607,vutot
2574778394,nmsku
8189637323,dlmhk
1669353772,julqx
9876064313,sbgiu
2166228803,ibuum
4959000894,ffmcu
9574776639,ztuql
2870168858,jzquk
2244881316,tjvyr
5814763300,wrwqx
5728696138,voqks
4067687889,ppija
7850104467,lmttn
3286739286,pcbcv
3227819725,obnyj
8686748499,rbmev
1516320585,pvsxy
1716322494,spyxy
1354063267,rygyh
6773890590,jkwol
4360618433,jltqb
1502710151,svvtv
8750034541,ggfid
3374813366,cppyj
7872234123,tlpkm
1136937363,obwsv
3326965683,wddiw
9662047036,psfwa
2748876181,fyjav
6908880915,mkkbh
6896208663,nzabk
8328988431,cvtvb
4490747762,ugqrn
8563427306,nykcp
6779243288,fbocs
5396387895,obfnh
8712515711,pkkvj
7649299033,quqfl
6574213477,jgpzo
2444398762,jltzp
9805536076,yzdfc
1885193841,rccls
3643024061,jbwcr
1045007351,pjvvi
5299562200,hosjo
9262081919,uxqyb
1266805857,zdufk
2907681731,lhsmu
8507862140,kiiab
8846616754,uelui
8228658039,afvvl
7368277776,qprnv
8521325646,befzf
5399876521,ljgbg
5105672345,ianzg
3737769557,dsvqc
5991820418,tlkbo
6535500792,raana
7543475057,cbzov
3476542878,duiqo
4598879271,jymzw
2603324325,jvidk
9096835022,cioka
8210398710,xqsun
4257333628,atpyn
6246410636,kejzw
9368272790,snxkh
9857122918,uatnc
4104335988,jufpc
5229912765,dpsac
2283474439,ssaox
9249115734,swbkk
7272688617,nktwo
8657109384,mdraa
5041789885,gcrtg
8654183564,rpqxp
3820892794,odsbo
2019439690,pxtfw
8419507691,yqvxz
2152390670,ajjhj
6687670772,morcd
9397278362,fdiew
8917785196,mrdqi
1460874557,rwans
5392849839,wgbbd
2243907710,oxoda
3907501685,dsmqy
8102803865,gzsbf
8875690451,ayqao
8243124638,rjesd
2240754390,wougp
9705831026,jwptl
4415630612,espom
3338482531,hwrin
7203757342,ydehr
7187455122,zkysm
5584937466,cqgsu
5545941972,awpjo
9701796955,zzfpe
3259694203,xmace
4079575710,bwnbc
3556085172,hdear
2583751369,bfjkl
1806111682,uxbrg
3909130350,inhxt
2506890476,kyoki
2749808112,qnfuo
6021825699,ymvcm
9485053588,guqfr
6708843215,eolce
2602734471,tromx
3875211955,fvkgm
3416773241,ztiwu
8095210878,phvtb
9777938580,keecs
8637943218,ptugm
6325341441,rwrpq
5950293807,lpbqm
2091745398,omxbd
2061555809,lckyk
6462392036,crkfq
4593544188,zlnwq
7908129904,ntvzr
6267962100,snhuh
7712345424,cmwwk
8863988575,rhwbe
7189111563,irbtz
7154433850,rsbkg
8491531034,voywz
5000818038,cbmbl
9665301135,usquv
5300575061,rozfi
9799816271,xeoju
4018012856,qzsdh
3912412862,bnnho
9266107097,mreqg
6643383406,lrfjv
8727434111,tktat
2593059712,eoihj
1338225229,cshab
9392370503,vjoyw
2006488581,fricb
2130729368,rrxbw
8971802395,gbswg
8542324257,snopf
1796760588,qjmeh
6672717314,xybyy
7640607256,heuqf
2489541480,hwezt
8106888622,xjceu
6366502963,ncpkr
8469902411,wncgk
1896153639,onlrt
1406604668,qsqjt
9518102415,tblgu
9749782740,hkwga
2933960131,kpfjk
7856010959,uibhq
7023370395,euzeu
4905910695,hfvhx
9311241900,tpiqu
7948265805,tzlcw
9778054778,vharl
4886294388,qwmcj
7421267733,nkysx
2950303679,smbjo
3180917071,kstes
1440474939,dfjwb
9472486916,shvyl
2997292192,bqkcy
8351827722,fgxwv
6039947255,fdtkw
4856478831,ogvyr
4171096884,mktsr
3632328561,jseuv
6363302763,emrxd
6131965126,jkyko
7887636805,fxtxd
7146414712,aijuh
8087002755,vifzz
8003782310,wuvvm
3304234367,hmwci
2248990358,egofu
3164337120,duhmz
5023603171,tjlae
4231722448,xkwoa
5255343736,nxosw
6339518662,yigml
2199722440,gdshs
9738237218,yfaqg
6725813102,elgrn
9859202049,dpggj
2629056256,piwwm
8331068609,wccii
1215020241,uwaeg
1483561220,pvljb
1897124188,txrgo
6720523495,gwccq
9046662072,sbztb
8807825145,tsfjt
1174624637,lfxmc
8353138230,dbcfr
8670872785,jumfe
4210854684,rloma
3054969382,tfidk
7116089999,nweug
9726972777,kgqss
7290013770,vhekz
7559921250,rtzno
5273968799,xkirh
7937334472,oraxt
5013631466,dtsxq
4607919808,frtcd
6347896958,pwbuh
5647303493,plsza
3713065426,ovhea
4577134162,hlryv
4143024193,bcfby
8484396462,uiukx
8905764004,oazay
3694468109,tqhru
2326067361,egthx
3967638264,ixegr
3415924869,elyrw
9543175187,oewlb
2125651712,krsjv
4408419844,pyrlf
3490591601,nupqe
5342784367,humpd
1591500640,jlgog
5796487047,sdtic
9470342249,jbjld
9937968146,xuias
6371874223,rucbk
6114771665,xqwxo
8692114099,avzzs
8936023000,pnyti
1489861028,sdcdt
3775463938,cniwy
4337364263,eckmk
3819145183,xygpb
9101876576,phzon
9697208689,nmetx
7931584054,ohemk
2149032194,ueuaw
8235948219,bhvfj
5661138755,vtkwo
5938808642,awfqy
3032936320,yzixi
7739644068,gpawx
5568233055,zdnsp
4938939771,pkgni
2442593241,uzxna
5517666293,vhorg
9789114368,phhxk
5042046991,ptdbh
1386187742,xdrth
3445340896,cgeog
5092233385,zuvef
5279209396,cuvln
2422500236,shkjc
4192990004,bnrxm
9362848827,tfugv
5642309840,xhsmi
7018932891,jjrze
8231307944,nfwuv
8520066173,nhbdr
9006475484,lwfkd
9571901970,pwdpl
4285888104,mbopz
3569352533,lzuso
4179469795,lkzwh
2783338631,fygya
3968410888,moris
5788905878,atfqe
1615110128,vealb
6693006859,jkxfi
6661843709,mpnzv
7503564397,nddkf
9991551583,aktij
7797387047,wamyq
4982502413,lmwih
1604466615,jfpjp
4132870935,qjgqj
5771280523,vujpv
2201165347,jhfhm
4195257670,llgyl
8936601026,jqcic
5019896839,mnxis
5009876074,frlsb
2809254495,cjsqw
2751911903,fxzhh
9064624201,ozudu
3150665720,fraft
1823907801,wkypp
3888529679,freuq
3609054949,rqhal
4549732907,wozgv
7187690553,toyzm
6401450971,uuzpa
2225343682,zflvy
3882320376,ecqgs
3180506844,yfxzm
3009134546,lzgij
1126289692,fznww
4385957665,jvjmx
6829111773,nmssl
9701960625,xtgvx
9468475838,bxibl
1412080079,odpyo
5792427323,iwfao
6978781518,xnmdk
2860768986,pjmzh
6270015406,yoebi
6009505161,uzsxc
1332287959,ybrbm
1283256944,kclyg
4208400462,xukfz
9687240546,awsae
3094477455,lqule
2473002811,ivqal
4463491697,yfthf
9957363973,sozri
4311479787,glglw
4250379790,epiyc
2653692935,rwcfl
7655383229,jyhoj
7472678357,culhv
9157161980,wlxxc
9108116930,bxses
3583257417,whvjw
2486080580,forlv
1001462452,uedsp
6349902045,ydszh
5214520660,mmcyf
2240658858,gdbto
1686037892,piabl
8215446870,xngux
1099310617,lyxky
8443286812,kwhvr
3486225524,lcpsn
1641151408,mjgwa
2911992453,yyptv
4713110429,aamkf
7756936956,noqct
9728991371,ggdjj
2571886664,ofhtb
7197249451,htcfb
4364437288,tqatx
1379940733,gjbdy
2950945290,pcjew
6462043591,nkzkz
6517152940,xhkcp
5079511038,rnvsq
7560578783,bhczj
4201610140,atquo
5798121982,owzmf
8384419009,pikxd
3680437198,xdehj
9730714536,zliqd
2864718868,hwryt
9193689272,guhmd
4369173822,cznaw
4924442115,qetbx
3650166211,nqcqq
1364397307,fqyfg
9323062520,aqqfw
3914679816,yufdo
6170869676,syygb
9555937754,gzzuz
4580713213,wtsap
4504745938,pbveg
7238441761,vgzko
9409456578,dsfkk
9403666567,scpjr
1682356912,mdhhw
1694263747,txgnh
8137519543,bdkvo
6880173217,sdblr
1981440573,yikez
8877510521,fdmnk
2348427860,zwqjx
2190358806,tldbe
1359794520,irtie
9392390787,duyau
5226110455,wtbgc
5468830299,wetgf
6646167782,zimag
6775695162,fydxd
2124806830,godgx
2209783161,ccwvw
8431625657,chrwg
6144551366,btszp
3630846145,syvpf
5888763318,giyll
5384773788,kqiql
7021736386,bnovl
9716594781,eowdy
9280007816,lnedt
2278201978,behwy
8805990330,rivgy
9289147156,lagxf
9977901973,nxfrm
6721514423,oxfgp
1600929225,nzzfq
7795264852,zgfdu
4150262411,xczdj
1752748121,cgbtd
7139030925,avsmk
8005439553,fwqmq
3713242525,aohgn
2192453424,hdeuo
4686647785,czadc
4966203546,atktx
8445672503,wjrsn
3240031350,hsmtf
8297927007,xoivi
4161075649,biyzz
9866370504,uztnf
5255026513,ukzgy
9536617126,bgtmk
4113838614,juavm
4173389134,jqqik
7161054078,jtawp
8771667484,smzsl
5610624307,wxydt
5006571091,zpcgy
1828106464,wdnpl
7750850340,newab
3046744767,rdkno
1625405371,bbmoy
3094693309,gynll
9826590476,wkyng
4346376946,dlenc
2605334071,ndmrl
3415625011,vkwnz
6751011167,reipo
2105928641,lajim
8966872792,nhkix
1345622197,wunci
8778359335,cgmbn
2891379360,tjeox
4596394185,nbilp
4590644763,wnuhe
7417514098,joayj
1532606067,ejcrr
6521106554,kovoo
2499641676,igyal
1629304865,usouq
8771311991,lzeju
1965445811,vboxx
6509507420,hrsau
4355682409,aztaa
3413935302,mabjm
1869125933,undpb
8190766352,nwypt
1777532778,coehh
5483049631,njyol
6321904271,sycle
4005718294,diyxr
6164786849,kfswu
2434988806,krmyp
9509338599,lbxop
8843587436,ayhgy
2716527064,wsgej
6092046854,ipouu
7217520030,lcqlr
2496774460,lqsip
5109040441,hunpy
7381731709,ehycb
4966911396,pogfz
3730924099,hztkw
8341564577,gtyjl
7090888137,hginw
2887130635,pdyit
1594029078,inayj
2091038858,yayam
9460498265,uzkpa
4388481332,shpgc
1560320065,rdzwl
7569621548,qhcfm
3499056546,rjkzw
2827077903,nlpfp
8482483649,expmi
7523696470,fkyfp
6669723320,yivlp
3626439855,jqtyj
9409832509,atvoy
2827500160,qckbw
9974104576,nihtj
1869341728,hrdkt
1482660338,wvlac
4426367031,wdptp
1667816848,ddrqs
4772838466,wwtcb
6222713468,gwisw
5131226248,ptrdd
2158957083,klfuy
7067275263,inhnp
8511442683,jagjc
9576152585,cepdj
3754285185,erpmj
9883334863,dbtdz
6409399775,mmrad
3283546691,edbrb
8242761797,luvag
4784816851,hhoyi
5296174140,qeesf
6723238911,pdaoh
9300399038,kmwey
1172309077,czipi
8831234270,mwntd
2333803051,lqxrl
9429103203,ftcgr
4645997256,hhcku
3535663373,vfnjq
2387113631,ejroi
2418121227,vakyj
8438961705,vyjta
2899731123,nyfgl
4551374524,yeewn
1924675302,jgbqt
7726872986,iylpk
6889899589,bmbat
3952358724,zxwok
5983995863,urtxz
3317159333,ddrsi
6016806253,nmjkb
6258644492,tvsfh
5153884559,vfvaa
4789523730,zndio
1039319233,ksogz
4202225486,mxsts
4180945500,evymm
5764658820,vwlyr
5472582116,cjqlc
8116442661,lfqaj
2135326518,jcjqs
9112635152,pgovi
8728930624,fkbca
9910337355,gnteq
3072945697,jzhob
3048796868,fqfxa
8143009442,ysidl
5254209262,aoeva
3077742169,jmjpe
8212363408,sjfhm
1362790845,mdnsm
4660407319,rsxir
3718116539,jcsjs
3395564132,pvbvc
5863456819,sehss
9244770609,nnvjm
1186403555,xfsay
7138790035,skeqt
8348320422,otgdg
5719544391,lemut
1067428783,fvqpk
1787474593,ohxlq
3299188785,stpys
3835155415,dehgu
5888976255,xwsqh
1883652336,txkto
3487868758,xvyug
6019588553,xauxg
1197212409,cmkoz
4337749575,ggukb
8244642391,gjwoj
2642371626,boeop
9018904770,ymffr
3741496510,tdmsq
7585584040,jfuas
5403741419,tgfbl
6121510664,rbgii
7561769453,uhvkk
4911879782,zpcbo
3326922697,lcjrt
9552094043,wzzkp
1803427155,gdanh
5332099480,rpchl
1543848718,glsds
2141845388,zymlt
4037383042,qsjoe
3708245946,zqgha
6014004303,mhhwa
2390312730,qigvn
8689078097,uzymd
1169416256,chssa
2337998046,yzzue
2779190904,kptkc
4237266278,fyurq
5818671469,kojhp
5029409038,csycr
6428179843,ebskx
6620701218,ukmoo
3673359345,qawyv
1032809716,kbhrb
9839889645,mmnri
9244711216,ysfsg
5577216782,xgzbu
8927963562,wqrdx
8765484074,mytfi
7367473472,mqpbx
2402328190,vgboj
7488627096,bvpiq
6305878688,mmpaf
3139427905,dywaf
9881821658,vcxpt
6790541781,nboop
5273052012,xjbfs
1579492874,wpnbt
9811630318,llljw
8972157106,eoseo
9162450484,wmgmw
1656320404,pefkd
4439293845,vbauk
1857195160,ikztm
9535782885,pszku
7238912743,acepg
2015880186,aofwl
4863640503,nedci
4968467671,dijec
3127757805,jkrxd
6491096450,osfnv
3323224725,kmyoy
5823192425,fhbew
2747216800,wwuem
7614408449,qkwuv
3134277648,trkyi
6461912451,ofbhp
9761140463,dswrm
6166841391,puzyd
4229832182,qchag
6076181534,gjibh
9199883289,phaxp
1731672505,mxayf
6286852562,xwdhf
4199875613,evvda
1322279182,ndmdz
8514376685,qfixj
8649356884,ktapg
1379438504,rljur
6324819619,ncyxa
5584274719,bvdns
2577580820,zvyft
1895576353,nmmdq
7532566307,obmwk
1327342371,szldz
3447602757,chphg
4071935521,bpssh
7422300319,zstvw
7217550706,elzcq
1705262367,pxrsb
3579176119,zbekf
2847281524,botha
2239545188,rgeoj
2278170903,hbdeu
7156925533,unfmx
9776504232,ytudt
8500207647,wxkyj
9378020531,jumqz
4384342155,utevv
4226510462,pinkl
2315509108,xktlh
6401335062,fahgc
1352285103,ndjfu
5690024056,priit
5930758693,qmfzx
4212311210,ljqod
6932862884,qexfw
9835177861,skgfs
3935000785,fltll
5442942420,qpcjj
5789266835,kwzzi
7056831686,oglmf
1731764607,mymeb
5633807297,yofji
7120387145,xlths
1355648667,ojdvx
5681862302,gqpag
7443541196,wpdie
6506729507,idmxh
8965544497,hfufb
8086961432,bdsxm
9612677427,nrdur
1568276670,brksp
5646633326,hahsn
3737454359,qhzlb
8129714150,ejqen
9281697131,eqets
2923906556,dkjcc
4368145265,hociw
4542041626,vafxg
6469856118,ovqrq
1327396918,hwjyr
1414160380,xiqho
4534244602,zivck
8308604365,iezxf
7028068012,jpmmx
1577442592,pplql
2395645277,hznkw
8082336636,spfas
9060990655,ntrsj
6952319798,kvtnp
1735549189,nytcv
5596095171,cmpyf
1963595806,mwnls
3719049053,neqhj
6471769552,aeqds
2637063169,clllf
2177451578,crrww
5983585342,udfyj
2927260603,wgdtu
4440043783,rdria
6113437909,vyvub
6997514855,zsmlr
8271574700,wyopu
2061132161,cnhpz
3258426933,dsajr
6913753137,msiyt
5316868268,ageng
5131053849,ddatp
1152209652,mzwiv
6543026354,dhpqn
8234079781,ubrqo
2127790575,ggphr
4206186796,dtybq
4790091197,evpix
5934834342,ialst
9108694620,nsqfh
1842372381,hlvgp
8662220278,qdkvb
2805420395,cfiuz
1946321076,pycee
4016283724,sfrtu
4187337360,ldwrm
2016703688,kghof
1959367756,vdlxs
2826740201,kqbxr
7723332351,yqxvf
1204586870,hpwba
4670339542,wpdih
3115170837,teusw
3834706723,qtkpd
1497722046,bctfc
6864906908,apxdl
7540005642,ygckz
2487426765,eohge
9632938365,jajbm
9858807901,ioovs
9186851892,fszjd
7752601604,tjojr
6676056176,wexxq
5801198503,ikswg
7288241504,mclho
1459431914,miilt
2984521804,ppxrc
8011577939,nsepg
6356860896,flkym
6651953971,oxtys
9647653226,rxqld
3398238801,estnx
7921407414,zbsdh
8873637829,uoqvh
7575664398,ovqmp
4776107798,yrtur
8798406269,nhwwq
4437578402,cxvko
6447404819,xlsmq
1174135730,pbplk
8851951677,brxbb
8492988428,esyjg
6927722299,gsyiu
4528089732,mnskg
6529768119,ehriu
1283034188,tjkek
6110349270,eylvb
1751503647,mgflf
2669463186,trrlk
2756951020,czlfl
5384356079,momyn
8345945682,hxhrj
6227985673,bmkvr
1132873270,gwvpt
8050530445,ekiil
6513665475,zaduu
4159826036,sshxn
3180137308,hsdqv
4560200701,bhbks
9748718798,pgcqu
8667539470,hedyt
4071193962,hqlwe
9276235739,qwwbm
2553756498,ccpbs
3066507776,ijjsz
1029557051,bygck
2688292216,ivphx
2354727191,tzxvf
4637238924,hgpum
6819939807,hvxuf
8504053937,eabfh
4122688222,tbekz
2720757847,ydjai
4309452189,scawr
7519739177,drnqb
4039172395,ipadv
2542979097,gnjmf
9210275936,xomkf
7597374895,fgboe
2960821588,fswlp
9779481321,mfstt
4943740362,xdbon
6287175168,uoddv
5375343746,bnlpl
1237661212,cyutm
4701862852,kxtae
9668354257,ypjoh
9808656568,buyhc
1472944054,rxbop
5759960748,naliw
4234957068,blkql
1605689901,jousf
5620391758,undzq
2059765784,vnftj
9026671153,eszzo
4018679675,mlpgs
8746198630,jdjlj
2916824462,cuwif
2629224258,qsleu
9834253218,uwmlo
3492878815,ffknu
9522096155,wblby
6179618597,ptsqr
8480412373,swzpa
1185817582,depng
8897171357,tayro
6354098915,lumbz
3866686162,fdioo
3274579884,vvxln
1113886157,ifkut
5752776430,slbjv
1578734629,bfpnf
5164050754,flyrb
9724268109,nzppt
6100028241,ngfkg
1193745201,smoge
9283775618,vohjw
3008860666,eczcd
5002082872,jiwql
2100224578,rrrvs
6803652715,tsayq
7143258789,lcfzb
5542879021,yqfmx
7752152009,rxfrv
2431162819,ijtzw
2555273781,bzhjo
2216649882,photj
6132896089,ycgxv
4767634340,pyjvd
2652171838,lvpkg
9198322927,ndohb
2329206757,uylxe
8205836784,qiswm
7893551118,hyswp
7555487187,fbwib
1129372569,xehcg
6540283642,kpgqp
5029956509,vuwhg
1423895487,drzpp
5341408067,fvdzb
3159361854,qdcsy
3673606006,dbkrw
9900807201,yypmy
8285749309,thlzq
6144653021,ivowx
2936083907,dmygm
7650492483,kducu
2297890966,dqzmu
9320826172,mujhp
5029952492,hzjal
4881258395,tiwae
4823901642,hcaou
4648195617,arknj
1240564816,ihxjz
5351689163,tlhrn
5039991149,nkngi
7154633513,knran
4499772892,mtkdi
8688723833,pnark
6083964370,neuad
8299483912,ikgcf
9347688588,erros
6227903733,tferq
4861334651,upict
8302554519,nozhh
9207601752,fcblh
3375377805,qpxel
3503492689,yqvnd
1367841960,lwxzp
2421489006,mnzwe
7973550890,rivyf
3868016950,xqtds
7824628444,xzytr
9613674093,vibqn
3211868801,jzxvd
8374884583,qwfuo
9039724450,adlxv
5582266804,jdsni
9414757104,gecvm
4083991052,hcyjk
9579582201,nepee
1303268831,manpa
4620178733,dmaqz
1684771350,jxeae
8723406934,zwofb
3284129884,jtdtm
6413857983,gvysf
3145724713,mnqet
8443537440,htoyg
5246334711,hggmh
1355157857,gwqmo
7914810905,dgwjj
4703266815,etqmj
9892178299,aaugx
5964648631,ryide
8034057949,emsjg
9990399385,asrhg
8859309315,coswy
6124257312,vugrg
2651986278,occam
9863609665,mgyvu
7497448338,qkkzw
2802679750,bprfs
9912645254,tczlg
8735236963,jhpxu
1565700668,zbcap
2402177456,hfneg
4089013371,bzjzx
6308313347,elkhr
5499974612,qgjdb
4283726067,rmvvr
3843769221,wauhz
7238641267,olhkw
5168057477,xjumx
9659984310,ripyr
6467758529,uzcig
7614678439,atvmk
5502146316,hkssn
7370373842,muwhs
1342709559,bjwgs
4094311691,nvljd
7668881563,wfuzl
1556133456,gfigs
2409087035,ecmpm
5385107007,bhgwp
5657670791,hlsou
4634889123,hyqlf
2046257644,jcbwg
3269228300,zutny
8172673897,zwdha
9666289161,npjye
5185960440,wodei
1239613797,zzspq
4221132866,khzij
4912666865,ozzuc
9398758889,nyxde
3434484750,szsvl
4600941683,tlwns
3702723492,wuwff
3359252733,zqjiw
4816595737,gzjnx
2811642884,patjs
8504073774,wuyyk
5185181411,lsogn
1313524907,xbxob
3474558010,orfwv
7338315495,qrrrv
5630227636,appnf
4786620727,vulyv
3247329316,auema
7272844913,qwbww
4321416765,nhgxz
8838630523,nuiwt
5297677384,sbmha
9730179931,ptihn
2755795912,lwpar
1212998671,friph
8903914328,kssok
1307936925,qugnk
5207137973,kprva
8922221086,yeuhh
7766508503,oxjls
8046341898,xsifn
1193397749,lttjv
3195174921,vvjos
8686814344,bcioi
5074594298,wgjll
9557602903,ktsmj
4321451636,wictu
3419819002,yqqmw
3845453718,robhc
7007698537,yqlaz
5976307171,llemn
1238294865,fcsjk
1144175100,qjwpu
2720065375,sqknq
6699879558,asway
6225648716,tzvrs
8630142038,alvde
9989869153,pmfcd
9628663456,jxchm
5051532961,mugse
6009248997,dmxll
4317556444,tipzc
3973688757,tgagg
7045794523,hdfoe
8596076332,fywwh
4758988043,kxefz
2518438264,cucmm
3601355129,mnzms
4099165771,ujzkv
8224238160,wcbmf
1852035995,rfjcl
6186591631,hgstd
3674408875,ofijy
5346591952,ltmyk
3146729695,jvurg
7539356244,ujozl
1738444369,ltcav
2160548701,rvmov
3118843007,yclhx
5946965535,igtdd
8161262190,hdpoi
7123009566,iwonb
2227155384,lbfzd
6783602312,jloox
2224209632,rwjoa
5869889296,pppuk
2981445951,wkpzj
3187528501,jqidl
6627279112,lwmhu
3288570833,tfvgl
7611526166,iitia
8843490203,umqif
4865049674,rrpdg
1304229203,evmrx
9624291581,toncz
5779793370,vnirz
7241818040,sxgkr
3354835856,ftori
4962207066,dhfwn
2897371426,zjmyj
6986535016,wkfxv
7639186138,bougs
8862722462,mchqo
6211828599,futpa
1451751189,pvpuw
8677740120,uyths
6350606969,qwftb
6851890111,rxxdn
1918366630,mqkvi
8482829203,upxbe
8766427570,bzqfl
4518404160,wplbh
2280736949,mrohf
4114537408,axmjr
3251611251,iquca
8827719559,kkqwr
6884745313,otbzk
9452520720,osawt
1580736928,btojz
3407674509,wiyee
1192773192,twxlw
5813368128,diwxe
1017514828,issls
8295427888,jhzdo
9654303920,rihcw
8047242147,zpkmy
8278496212,lawrb
4299505026,khhvu
2153691212,qzsse
1745336473,onlyu
9062312031,cmhjw
7571932552,fubes
5987616847,hvbkm
1223271918,scxzr
4733019398,ueonc
3584203651,gjumv
6070819812,tppad
8131932253,zluor
7512067519,cmhho
3750863261,khsqv
6184588775,zqyfv
2998789224,qwivs
2830966073,sosup
5457335079,iecbw
1171426501,hgvur
9826238183,hpmib
3081623535,phwpj
5022432508,hkner
1024984093,unrzu
7329339852,dpwok
6516958180,cqald
9207879564,vuaau
1471539004,yexbx
4670497388,ijwjg
3680468873,faagl
8089138136,beipz
3004518594,ibifw
8430658295,evpse
5812395689,oynpa
8610100204,kaynt
1792255053,qndel
2051706263,icukv
9100859626,ucucr
9621168850,wvoxn
1972346919,poech
8394337182,axxtn
8742885220,verxt
5661949222,rabof
2577736500,qwhum
2119872990,ajaeb
1606457853,inlny
6952893295,vppnt
2152709760,rdtnv
7002962854,cuxtw
6823752978,sauoq
9927719709,duyvo
7698848361,gvvzy
5767781031,tiywv
2836460119,upmgj
7455102638,vtbob
8273311800,lfrug
7538854726,abwso
2540422370,cjxjv
6148186241,esqib
8097296413,aegpf
9783499961,bpdli
2098624015,mxraf
7425287321,rahzy
6596514934,hozfp
6617373912,iqtai
6631095420,zpxfb
4181066036,skcpp
7119760520,vdidf
5230972075,vjmqe
9918111095,cjxhu
8203386565,xkcun
6931200907,hdvmj
9023354683,cqlkz
2580896759,xklam
9132845030,sjshq
2273692679,zvkko
5416683033,leorm
2491456722,carev
4074737118,cojxu
2415837386,ehums
7735254332,pweru
1163761030,bzlhq
3854089518,dialu
4216571835,noial
6710909589,xwevl
5533114610,uyorn
8021360038,hmvrb
8955860658,cedfi
9656196062,gfjbg
6449663056,rimwi
3393914056,wcunq
5049923829,ivolp
3775976516,piwpy
6785871806,tooar
1570404920,adxqg
9144862232,jejbq
5746466882,yqliu
8810255538,hedch
8799274018,igupv
4924920013,mdsus
8010272230,twqyd
8134476152,zzgce
5364493810,eqzgu
8486099163,ovuqh
8985588202,hjkff
5922226594,prwjm
9281319413,gegzn
4304799662,tjdaq
6348374400,uyynh
2946726811,afrhe
9374995156,kytai
7740010863,jchny
8815961610,shfdp
7281265299,rlfis
1597830890,ojraz
1135770373,binpu
4551365584,ybqkm
2836424528,dvgno
5607744018,bhhyu
4306262633,hwpds
3923125366,latxc
8264158061,tcftt
9875405812,uimku
7426992112,twptm
6258066932,aeuiz
4514043426,uilqo
1875621159,jsrjo
4988598688,hivot
6159657821,caoxt
5078045742,szfil
5466702865,tlxwj
1385925120,ehxlr
8355340229,hqrnx
4123614222,woqwt
6158467461,jopky
6907011702,ngxbp
2107621860,oatzy
6526501990,eyfuf
5474123525,hlhzf
6256301237,kzgux
4421210823,bdthx
2813187672,fikjv
6296323841,gclli
4437634862,uzoad
4522287877,qmzff
6291197129,kmjzr
2463580104,qkpjz
2441022951,azknp
9894998118,hpsvz
3895773165,uenxk
8780877816,vrmra
6640935064,ijkwe
1422257082,aeubo
2481735435,hrjnh
5677444648,cqvhz
5658395101,oljti
5533112899,vqtow
6921587878,ytgoo
1234757357,vjmvw
2626247367,plegl
5760091246,dxlyn
5934416759,lxhkm
7930132857,epqhn
7756141883,sytgs
9929192579,thihr
6160755116,rgzlc
2669403297,kjqgi
8714557174,fplfw
5018976034,pgyyv
8071569791,wkvzz
8580838713,wvkrl
4490101529,gxzen
4744606222,gjard
6281615939,avwqa
6297222746,jnbcf
6993187170,vtwif
4855141283,eqgnz
1518763268,nuszm
6110959366,cqhti
6969178142,etnaa
2562163050,nxsfn
3219661687,ypbku
6447260379,sfvbz
8897420157,hjosl
6211163107,zzozr
8443043058,execj
1606656942,hswjg
1974816610,hieiz
4697894198,tdszm
7038986757,qckhf
8459045817,ptzsh
6963195210,twebo
2434377038,qkidw
5800802014,dbbpt
6970318490,ldugb
3323852462,ckfua
5888959411,jiywz
2779990049,berex
5548037970,atwim
1989093277,zlssw
4479239110,gfxxd
7501761408,gqckl
4487566544,pmzfu
2042525101,eoets
4441972059,tsebu
9935635002,xstky
1363764579,fcdhk
1811883737,wscmo
1490901067,lhynn
8646478274,pjufj
4937924189,qphpe
3144073394,knbzn
4405518290,inisu
9688832481,uavgo
9385440140,tukqn
6134123400,izyyu
9437679643,knwss
6667856685,kbqnn
9146278753,ahwqh
6655355349,zneak
6533715434,fgxtf
1017124156,juqeo
6017597124,ayhql
7611227826,iakvi
4891453374,jckth
1235408296,mslvm
3209527838,zeayp
9823275629,dbptz
5678005859,bjnut
3529250295,eqtxf
4950152512,xpves
2478593005,zeoth
9148464058,yogii
8285306069,qfunf
7367122373,jeiqz
6583397568,qfshi
3440343809,mbbxc
7849716819,zzijb
2450181746,dgufr
4210593599,hffmp
3227936765,mxhba
8147383550,zhowy
5788269392,yogyu
1760869593,beyvd
5117732619,kswpd
6227618320,ujlpe
3262792242,nunds
6126742278,kftek
5024342561,vahzt
6416052656,laczl
7658537771,vbdgq
2906379094,nlwlg
8322307329,rgvrr
4917764827,vipgv
1825782697,bvyzi
7594681659,hhfuu
5464879557,vnhjg
4788686877,wyryl
2657727905,tzkvp
8683631688,ocaiv
4932295284,jdwzc
3569065564,xojiz
1940143842,pnart
2021335644,lsrzu
3021254670,dmyer
8409745834,ewcqv
6019468004,vinnr
5973214428,xutmx
8232307497,laycq
7607569253,dyibt
6504564990,cachl
3677073743,pdcoj
4262335213,cljlw
2608150944,fnxns
4001005046,skdmd
3908941310,sykjk
2302013384,mzvat
4054803823,fvxhs
1737851381,mvnxc
6537934908,sallq
9375086215,zigbs
9118027952,jarpo
8340395477,hkren
2843432139,yagza
1069247435,qpjfh
1489371634,mluok
5198762170,vybcq
8631504920,gzoyp
1352182808,wlxll
3666755434,rcrib
6184986541,ontkg
8677295949,ndgul
7454332880,cvejp
7548269900,casck
1875781824,jqguv
1399738784,deqai
4093135540,arazy
6743045969,mkvds
5039999077,ozswo
1857293025,ivgmw
8506779987,erlqr
3927053772,zracn
1620945686,bwrec
6215302059,oklyv
7879599230,ecwou
3641959589,afxnp
3057700746,ltzct
8578672962,faxya
8036018280,mqmkl
2349168540,itiyo
6795750058,hqbdl
4452753767,qjauq
4238432716,tvgkh
3788275530,idrhn
9003468306,girqt
8490749956,kkelw
8647128466,fmnzl
5621218953,kguqd
8885294636,zjfxa
2474994806,taadg
7578405292,ajotb
8331564327,xcpbc
7208748909,hyhan
9319398295,rwtdx
8723479674,rwxne
9774781678,jbjlt
7389219009,yzukc
7608850691,xhlqb
9925480406,qoacl
6643262026,cugck
8132740661,fthjy
9996301724,cigvv
6314380459,xyjiw
6239473212,dsosr
1208229448,dbsby
1348710372,ktlyp
5670293649,ebqwl
8590271202,epdto
1704321200,zemqv
6236160844,aawfv
5763822719,drljo
9776079210,dbcve
7308686685,dxxtm
9145733773,ohyjy
4545108254,sjcte
4851588558,fcbhb
5433804031,pjexd
5389964461,ekcdv
2712315269,dkhtf
6962361471,mcbou
7460085011,rtija
5660899298,qbbou
8180669062,golgm
3475448572,ttzvi
7670379771,reutu
8983726584,wbvnc
7578653076,ptcjj
5279085597,qtoju
1074576929,foqma
9546262147,xmrnh
1054297856,pxujj
1858295272,rbfpr
3684922310,cjbih
4801147940,kxsym
5212180017,fwomt
9258450667,wfkpl
2878880454,jlvqy
2468292601,cvarx
3701899230,eljfw
6493675926,lwucz
9668439574,ciijd
5989023915,cpakq
9414948239,qajjw
5143880527,xqqux
1972306634,poouo
2948247461,vvrqc
3124225369,xlyru
1881222671,pdnyi
8492524298,zwihr
9333625261,rwuxn
5222161664,yxspl
5542480590,wxcnd
8677721891,cfnnm
8831262662,mxovh
9792605736,zkxlk
7107712329,olccs
8586441072,itxxa
7077444839,ztrhy
8691347587,spgug
3441846663,wqyrj
5723881677,tqodf
9746683591,rulgg
1723072065,nfwnm
1884689734,ujqvj
4012996505,rixht
3602157285,mtypp
5798906774,enfsh
2433018781,yddav
8272175584,mlrwy
8008029502,nkhat
7615407551,ivmol
9083861846,nwxov
7887039840,ayoif
6010665025,cmccm
9378968617,mxirg
9041177757,qvxsf
3002397569,vhqfs
8006728010,srspk
2325592613,vgkog
4864115876,ecxkk
1305382554,fonrt
7050259315,gxrsd
2430474908,wueka
2250264968,hwahc
6355806988,fjyno
5075514805,hcvcz
8447187044,zfofq
2811061033,uuumj
1924813307,cyxaj
6471313237,tglpo
7134384828,uaron
8142129665,iwppc
6030187640,nupme
9252584025,uwinn
8401670815,dpidv
3595500833,potpq
6758333617,jwbnk
8802313014,rvokf
8162002410,crsjm
6099798197,kiazl
2553697603,itxao
2011818472,mgyod
7029075736,ejydt
1416227723,ecxdg
6316210370,wdduh
9529334105,kbttc
6389941824,krezf
5277246006,jpnyj
9261944029,cekrf
5543540062,kixdp
1451023310,wsqxz
8837441502,nrcyj
1570477518,vnlpk
9426040983,sgxij
9533556599,xijcn
2031268376,vohpd
7630714684,cmpvn
3819442498,cgjaz
5674640716,vaquu
1121069398,lkqpw
3212129413,ldzas
6285928229,yrtxa
5973448983,zxuwx
5762384394,nifuy
4988050461,bqdmy
7770594515,dffxw
1267744158,qddpy
6395216200,pmjba
6349004105,ynhcn
9341656955,pxgjg
2017020683,seqrb
6020114376,hxhqi
6914778996,bsppw
7167543712,jrmih
8879805807,afdbm
6072803480,gqnsk
1328602672,jnohd
7962388442,hpmci
3498213859,hcsha
2075559881,qfvwn
5618144085,cooal
1355252378,dcxsg
1921196858,rqffz
5508524303,xplqb
3929558156,outen
1781829266,yylab
7598569784,dnndz
1123669769,qzghs
2478043870,sjznj
1016905338,iwgpe
5355571070,oybhe
7491086259,ztpre
5329576743,powfw
7354987962,isasx
6355424044,cshva
3472734617,kxdsm
6618996188,bysdd
2512933027,ajdxx
1507985101,hnhuu
6226564822,pdqmi
7531459492,pdpgw
4109454870,qjnfz
9444986979,wqufh
7931419117,vonxj
8401406173,lomfc
8757336946,nkgyu
1129258420,rntfz
4043182401,yfhoy
3366092915,bfjtf
1820648190,kuupu
1881681461,zpgew
5605002732,hqxph
1587010887,kpcdf
1741958632,znhkh
1906103859,gnwwo
4511405288,scemc
3033976787,hzulp
5521984051,gvglv
8307318531,lxevn
6398176223,ntxkl
6542020426,gmaul
2056596824,zyafx
5105837852,plyun
7443890177,iugrp
2535900221,ddcrx
6216172383,jhdvf
8678675194,xxoww
2154582196,ofdyy
6194408113,akpna
1478230653,hyxvl
4907661293,xubns
3327676458,klwzg
9724574052,aghgv
2799744013,bbzzu
6098272547,fsolg
6451840563,keflk
3216996666,bidiw
5334906599,ufqvn
6268924407,mpqeu
5559532471,rtzat
6235977913,cljcn
3763078408,qcebc
1293808046,ccprh
1141426171,uqiix
7392119080,kazmn
8231837101,pceme
3360257220,utxdq
2816990753,ryisu
3686609180,riwbm
4578078258,rftsq
7743507683,ddddx
8996925681,akjik
3244507660,axjdy
4127218718,geqpn
3111790378,jyukn
9991270199,nvzol
3225145146,fsrdj
2605154840,mncny
7746268970,vldpn
2101411950,oakga
2650627561,oenqi
8227715116,gzsaj
7055486184,yuovi
4519028034,idias
9302065713,loxbj
7007876303,exisv
5655809414,ljycn
8613876044,qrvhj
8009292212,xucwn
7049950784,mglmj
7120332087,itijj
3185739413,fapik
8042254739,qrdyt
9047117175,fkhcu
1014081957,akoag
8799836338,mwprc
1436496234,vbyzr
8413826958,poduw
6760592931,tvolm
6062310293,hlbvb
6537463638,widqh
7919306904,upyaw
5194657648,aaihx
2784329977,ojjes
6718929304,afniw
8584693391,ouxdw
5440046315,ahcpm
7162924929,dnrky
3055437965,islyf
6031384948,bdcci
2637698109,nlojr
1105549803,kzwic
3514315554,ompoy
6845826485,ssdfh
8870214673,yvxxh
2353559192,kuhuh
6794390741,egfjo
2340909053,trwyn
5373081979,kofsv
2359033599,hffoi
6394227466,bmjac
9489968208,ovljy
1837702312,jguil
2243004039,snufh
7031128549,gkqwy
4185061443,ejnxk
6392466583,cbegi
4919933082,ygfym
1425273714,jlayj
8067996241,bkvla
9396545344,efuyp
4774519325,ogzpn
5086505546,lbwjw
4927294118,edslr
4672281829,bsamw
9076352798,csruy
4546921948,xhjcm
3521500334,pnhfj
1071616121,duhlt
7412388319,nibrm
4625312151,chvrk
8535257800,pvrjr
6173822401,fqctn
5363967153,aqcjg
9601007788,ovpug
1702914543,keeip
8310662891,keimc
1669808936,pqdce
2767876998,euahp
1411700313,ovnof
9537764339,mhman
9936156277,faufq
9196361465,zokvr
5243911112,gbmjl
5891612443,xgbul
2743798314,uwpil
5992923439,zqvfi
3484086154,ddqbw
7079242453,hfwrx
6002672206,cltsm
5392631045,wtmak
9977718850,ugmvg
2368652647,hknfb
5639522747,kqpkp
1291194047,tlxrk
7941663747,ilhiy
4292169398,uthyl
5539889177,gcxua
6033350821,ukyuq
4124328286,crpbn
4131407609,oygke
7348378948,uppzj
5648361601,defyb
6934811520,jdbiy
4546802288,dvqwx
5081198241,ksxgy
9213366879,nrhoj
8708920971,vkehp
1611595768,mpjwo
5839719312,juxrf
7777324666,zkird
1925202212,wfsbo
9951766299,makxi
9297088449,ufkxl
9041199942,vhsgi
6935861403,mbqut
8597213347,aklrx
5788680682,wflcw
6081649097,qxkxn
9337889347,djjei
9699397833,qnhfb
8070942194,pzksc
9851059702,tqfgp
3712648565,ntfel
6185953633,viblf
2726323312,ukwdh
3653379893,ifrpj
9564115847,psohj
5660048290,wthnd
9860814514,zdchv
7467368572,vhsut
6050918851,uavgx
9098983789,fcutt
4719201666,nojmu
6243752247,ralfo
8123179222,zdnlt
2422758428,sptrp
8035793710,izrlh
7246542282,iepvs
4326601428,glkva
2088206968,rwmrx
5967537729,ziyoc
3388217302,tlgfg
9551745860,uuith
4321852491,zukxl
2192847526,sizdr
6932076899,dbezq
1912251532,eeyqb
4256611990,tinqm
8264029561,dkdhk
2427936966,hqhlk
8632931549,rzpbv
9473997114,turzf
8933142417,crmqh
5768944245,dkkov
2922989569,dfkcw
1500837741,zcayu
5863282819,exsvs
6649514906,jraaj
2818666334,kmppy
6987012283,vzyfs
1713253086,gqlij
8791702961,gsani
2232021128,hhafr
9189814623,osscm
7254211553,vsabz
8692778121,hizvz
8422341744,imbkj
6130291757,gsdpo
7159174045,jvfwy
1714882639,gajul
7414132151,vexik
4647807046,rfxep
1960042630,hjmhk
7238832340,hewpg
3947526904,ptqdn
5276107657,frtpf
8367402285,wjyfy
6700105584,hbrge
6579683336,drrlj
1222972857,mkxsx
7845716943,dwjqc
8247600034,lbhnx
8430067144,kdlxl
8945883174,iauha
4638488443,ydqqa
8757860409,bhtkh
2034805363,agetm
7163619345,bfead
5003049321,mkmyc
7129767312,qzomi
4934659227,cijvs
1823889152,yijtg
5924041051,awsxe
9749963652,zhdbg
7577513946,lpddh
6521712752,nqect
2508731701,ddphz
7975379769,rrvhw
9471151528,gprue
7097496055,ofclg
8750467629,unsbp
7188867504,tjdyr
6347185518,qievn
2515793096,wfxpv
7541483231,ziroj
2882446665,oouui
7784385236,fxpfx
1996112243,ktohb
6979642918,jsojx
7009068752,rcfuk
3155139952,gdsxa
2499589341,dyspz
4429709064,pxwyj
1495542711,czvrz
3439124000,jqijb
3834654807,wqorw
8680683146,scnij
8912770029,lswss
7455510372,onfed
8086367830,cruii
6826115959,zhncp
4799885754,xarnk
5117828813,ffxgi
6824217775,kwwdh
5336467152,lbvid
5672068270,mapok
5946697498,stoma
7708930145,iovcb
7256305989,gjuio
2860902492,yiaqt
5035217485,xcqzu
2080351180,xsavm
3138426252,tmdkh
1355867232,sclne
2993443843,qkgsw
3239343874,qrvae
3189911666,cqiqt
7329305110,fbhwh
9969191218,rcevz
6262527189,dnrxz
6622835940,ajvtr
9697435900,pmzoc
9375995442,hvkeb
4072054587,usclk
9849396337,xbxqx
6650093703,fqojf
3694163888,ptlzr
3607579032,behyu
3373954983,czylx
9489841959,zyjqt
7620041569,lqiwz
6234863353,nmcfn
1410841232,twsjt
4323253541,jjhyk
2206079428,phnlz
1400540539,pfpkh
3333796302,btuwy
2917357357,olpjr
6628440901,dzjed
3852927540,rvfkg
5663103809,fnmpl
1243328424,jkgif
7102553048,nqpeq
1679750902,rkxed
6968892716,pgyis
4369368362,dyfwb
3186169165,ccyzf
5723662744,zmohm
9372944491,qtbab
1424417852,puclm
3190594873,pzghb
4377978993,vurgp
8236624885,vontx
3876399860,xivgk
8004495841,msadi
6863105904,zajyo
8504730743,bdfzw
3794449372,qdumd
7200894352,ebxcl
2152893847,pssch
9792624447,qcmgl
6197148321,bvkcx
5213796355,jplrb
7604105126,fjjog
3788232757,tcbsg
9920966264,zqklg
9553791728,txujh
8511021087,bhyor
4009707004,hdxjd
3309350329,duuqh
9704042588,qsaeh
8641347976,sgkkw
2537582414,yhrww
6894834391,kmsty
5248287450,vnlqt
5800471338,mhjlx
8477849328,tydjk
6829311294,nqmmu
8647660848,wkhyc
9170926253,qckkg
8555173110,esibs
4910724223,lkpqf
7758507416,ryjkx
5966833462,etqqr
2669166955,tqafb
6905463273,ordrx
5212714378,ffpbf
9155309620,qqoll
3046641505,qiwsh
4107405929,fpajc
6653237804,tysig
4674049538,rqjcr
5677773108,almup
3484516509,mvact
3472411416,shgpx
7820785735,vduwo
4258276920,wfoam
1175291686,ikpzu
5624675986,gkjzk
1743325069,ckixi
2385889807,udnme
2332210784,lishb
2861739327,cuuqd
9846623102,xhwpq
1368389603,snduw
3685871712,klpmr
7486450742,avvme
3398212531,lldjw
5006202611,tzyxw
2214667689,nklgr
7036100489,mqdpt
9974537847,gqwnl
2940200117,nyljo
6939104508,lohpd
6493339485,gwwvj
2270546219,wscuq
9723282240,fqcdd
9949565304,lupnj
6004559568,szctg
7151766609,klskj
8854880628,nldoj
7351210752,riych
8321719940,meggg
8221793540,xwfym
1931100512,bqjps
9909776649,yzqdv
9148522481,zyavd
2408371320,gnoft
5648658646,nbxgq
2683691095,ddhyp
9949533721,oteeu
6380652710,lpmaj
2524348640,exgpv
9681098721,xhenw
6183083811,mtsht
4953963183,qxkjr
7082721328,txvdb
1448101284,tdqfe
9686278882,fkuml
1473403236,yebxh
1016927491,ztxcq
2970971913,hmtpd
3902797864,lqgmk
2597057702,qmzpg
7025860131,fnvor
9493315998,omorm
7037300712,glfpk
8728656598,ozcds
3745765237,wxvym
4250802057,ujxtp
6781772678,aupza
7647008051,sybkq
6360706478,qonra
2189579943,wbmae
6314243832,natfc
7879526775,bslgn
5208120878,kqkre
4201574863,idtal
1888846224,jltpu
7059289826,nuxvr
9103201709,mmsgo
3199705454,ynnqt
1933933592,nnkky
4998051379,tgndt
2919324431,xejni
7576936329,paqry
3628395351,vicpl
2354866312,pupzw
9824612224,jcgpm
6667942906,eqeeb
3112658598,irumy
3379939886,zaoaw
6019907740,widjy
8456703863,uiuaq
3968039784,bchuf
1563810390,sxble
6581403658,hyqwr
5755370042,wrrrs
6731507552,zsczn
7844818947,widac
8065269048,qjtfc
1013461167,kkwfp
4300698427,nbcbq
3097849038,vnfjh
2544177587,yrohq
5920743633,jaxlo
4713411781,pscso
4111308778,gghnq
7031720715,dlhvu
4921458092,ybqxh
1105426735,tvpfj
9893480464,gymgr
8997969782,eudsy
2545095285,osttf
9393913522,euroj
9372309120,yvahj
6521414688,ienwo
9120507567,rbzpm
4414656213,srfvm
1763150754,cliic
7702750498,hcobd
5889565626,sjihz
2859707214,xblor
9917457633,zvcqv
1642735309,cbypi
3006448642,ztwsf
2110555477,lzsgp
2318346108,zwuvv
9473364749,xqywz
5673915221,fwzwz
2157113904,pruxl
6761185659,hgxww
1601417183,nyphd
1165114287,nmqhz
8487517516,fjejw
7988234428,zizfb
9763771283,lrhil
7356253134,zgfqv
6725878807,dqaes
9538879192,bdowz
8718146993,ppadw
6594742768,byrvv
9776382463,yzgif
5648489864,mqkpe
4659478730,ujttn
1423822571,puuyd
8992884483,lhwwn
4102272131,iivhl
6221242838,kvopk
7326864472,aarlu
1564220531,zrydl
3016171850,zbbgr
2384302985,jostp
7569692481,kqrke
9807954256,dxhdp
8367642488,txdwa
7605771696,vpjka
8687084025,cqasm
8821771436,cazpx
5111552559,rmvnt
5910240341,owyzh
2029007792,kmsec
3831855293,baqve
4962711014,kjudm
5059278309,wksao
6923741662,exdzo
3799151734,qfcbq
3838644608,eoask
6158715856,xflpu
3760200217,cfdxc
8394613079,dhhay
9141804866,nopsd
2008958603,bsvea
1506345624,hunrh
9860454261,beuoa
3167298276,ndrcf
1988931975,suoph
4381485585,dnoqf
8759701114,gnezl
9061827022,yxihe
4748828182,sceqc
3284858131,qrmhj
4994330886,wzzhn
2128285602,wmnzb
6390156749,bufua
5503388320,wncfo
7027909918,znowx
3332680732,nqfwc
4083583832,ffygc
3663403871,gwrme
9998308394,pirux
6363474152,hkirb
3132978430,buotd
8026216708,topwq
5101538540,gnyad
8685626040,toflp
6715995491,tvepe
4932498334,hapor
8742211255,gguwr
8689153551,vpyeb
6595176652,rfnml
2020823285,zjzqi
1996141969,uiejd
9418987900,sntjj
5148906571,btkvr
3410774499,sdyav
4056781959,snboz
7913646807,ucufo
2139998892,slhnv
6243639269,fzcmq
6958324254,rktwi
7163663940,imbuh
9764578665,auhet
7834294291,doehj
3649884422,eeohb
9334794287,fqadv
1801719021,csdhr
6403706337,lwcbw
2597361637,ldaoo
3685166983,pizdo
4471182870,xgvxw
4760783713,sjdwa
4592046178,jlogg
4288400937,iceug
6323364565,mchyo
1035873465,ftzmu
8689982437,jtibw
2853127027,phmgl
7139332457,kyrbn
7935417285,boowv
7369183013,insbm
9680589718,sgplz
6634897523,ophiu
9496678194,wgmcy
7317162527,ldwmg
2830845969,xetze
9940394688,llffw
5626690687,zipic
1019308866,aebtq
5334596705,qlkye
5881406698,ykphv
5418335669,skssf
4234615768,lbdde
7481125832,ygwmj
2190456028,qcwga
4739483847,ngajz
6214091127,hczkh
6764562659,ajdxa
8930665022,xpbyi
5740286892,ijlxw
7451590175,nmzfz
2908717743,otacl
8632329651,hivfo
8410883532,edkhg
9448556888,tfiqp
6665168374,codyk
7704022332,wulnj
8292061605,vlgdg
1031823381,zetdz
2103913367,updos
3700799613,kqydy
9869672778,nhdpi
7454073785,ufjfm
5213166460,dtgei
4885156621,pchbx
3045834440,akbmx
2780279795,xffdg
3306779784,przlc
2704196873,hqass
6329447146,ylozj
9825063816,qfgtw
3962115874,imalx
5930031876,hwwqu
9724635143,ohldb
4009395934,vguzl
5919171735,ctdam
7588661773,kjwpp
7170980254,sgweu
1580758460,hpvyu
4359310121,nexbm
9523277746,lbewx
3440013897,dlfrx
3049992728,vkmwd
8631978542,whnjl
3321628020,twdmz
1351576504,gcymx
7906259149,zwuxm
4201044590,tbckt
1739891992,wvqmp
4753559725,cbdcm
9940162597,xyloy
8281997360,ygjlz
1286734476,asqtr
8849434276,xsurx
7734037431,fayrt
7048613540,bxmvt
5808189325,jdmqa
2565572853,vzfag
7904478752,kkhbb
8353774266,oqiiu
4658824472,crwrp
8663452602,tmgkt
3143876301,ezuly
2640567764,cdlzf
6129794317,qfcom
5919729044,xnybe
2194471264,zvvlk
5340707436,ogqxb
7496837375,nghqa
2392859429,mdwqp
5045501073,toiwx
9890063138,udinl
1917577239,tacpz
9089339618,wloqk
7578883138,ubtlo
2153222682,idfsa
4951054321,ngltw
6638829939,uovdn
6739631457,upgoa
3651495288,ojalp
3642486086,wyguq
8488633588,wmvks
6070616793,zzfdq
9205753208,gsjta
7245420462,uxiss
6334626505,yteny
8119306440,ehjzy
8567860055,aokkq
5643343016,hzrqz
4563349625,rvqoy
8711597466,jbljd
5272192772,zfhii
7069088708,mzbdx
5348669819,fduql
9611658875,pzgut
7232534599,mgvtt
4908286549,adadr
3479438190,zrtlv
8984126582,ithwt
7543142598,yuvcs
9740347630,skbdj
4584348401,kmrlr
6599390783,folpd
8154019454,hfbge
9407301859,byyes
2031113617,oqmsj
5555980661,cgcpd
7388701128,jikvn
2860711762,ogrpi
3457644553,miqcn
6401944927,negmj
5665280379,cdbes
3157833523,loenb
6177688809,ulzjf
9063402188,qgzmu
5501606686,mbpwr
9156545050,gjemu
2338238557,knoaq
3909390563,btgaa
8163283903,fretj
4529851913,qphfi
4358769466,bzctd
2547492623,xmuvv
5789872699,ollms
7636464936,sysbs
3626755765,zefdt
4512925565,udzoh
8301372364,qgwpt
9819879184,ufcub
4516894430,jbegj
5350307686,gvzyq
8155990197,fahzr
8266513129,lciys
1568822948,trrix
9738835501,ltpks
8693196249,ncfcj
3486940637,zsiwe
9174484280,hlenp
1017146523,fbxph
3054177054,zvezq
4842966856,sxfna
8578694438,lhmit
9034936699,sjznq
4103722678,bzgmd
3741362390,pjpxd
5722201477,bbenj
2145245659,ztcdx
4185550616,uojva
2217486568,erffe
7414075923,gnusc
8024833785,yxfnt
5262024525,ezrdl
5654752545,bdfte
7682972862,ybulk
1366321971,ibztp
1013327472,miypn
6485500232,hihlr
5971417266,gokgk
7210141844,gkuye
6750000040,zoect
9565099315,tirex
5238672097,kloqy
3697707040,osrxc
1423684374,dpkpj
1737707603,phupm
6794005354,uvnis
8301703617,wvzjf
9038546076,lvvrt
5354360481,uenoo
3289193944,qetgj
8742468279,mcvhj
8517444952,ttvnc
9047904664,pedmb
3719200566,kmemu
3522596142,yaytt
1382007070,npqah
3738083744,rrzzc
9796303873,tmgtv
3057676528,loyon
7399487595,uueee
6663861589,hwsxo
2542774593,hqear
6371857571,hlmxp
8164079662,lhuwd
3428954208,bontd
9079541978,xrvza
7281769716,aewrv
3753753731,vusvy
7913362826,ppvma
1515561693,tibnz
5355471118,vdran
4552740735,egbyv
6591321169,ynkwv
5342775881,umjpe
7336475775,yrgfu
3612505226,qsdux
6230575688,pudas
4968848024,jdmom
1325066644,nqhro
7403364643,rhwiy
3976586763,oojnf
9641616025,xscjs
4265126007,xgkip
6695181656,wcdyo
8758293005,fvfci
2466144626,orrzo
6935081722,ihgmk
2594078957,sjtgo
3543893536,tulgy
7438778491,fhsku
8535154289,ihhyh
8138276721,iszpx
8064426519,wozjp
4731593492,hsavk
3358504379,jdspk
8821214680,uexpg
6630909316,ebwgo
4635903167,kqwgu
7356583274,uaawv
8471672596,ztkbo
8515017743,xospe
3395423044,lolpp
7689712858,sukkh
6901124187,pvygh
7536170898,gfcyk
8943786458,pxecd
4189519580,totty
4804843604,mogfz
3916562972,jpblm
1513701434,wnoxg
2276694816,gxmdt
5513170648,wjwwe
6147468482,sxhyn
3215038616,txtni
3034506586,titzi
9305522489,cyifr
4005473524,wqldh
5905771771,xbmal
1946380350,fhsag
3860627111,zzxeg
9312612732,gcjbe
6178178668,vnmeq
3712814984,yjtxi
9689733110,qpybm
2671991089,diepj
6295642803,glfap
6274417707,aabyz
7991749543,osgez
2216445568,pkmys
3921594454,abvsw
1654647289,jmvst
1938773742,lffks
7061723667,swixq
2581077969,gfvmm
6617720453,amosv
3777758921,acjhe
9999156944,kysjb
2375706914,ialsg
7286438230,tigov
6379703473,djvdr
2183896595,vcndm
9094126602,wphgl
5676092772,xuyeb
4175199122,pjptu
8100638531,rdlge
2899073804,ilslr
3266701067,qowmo
5830677449,pvvmw
4873341015,blgbr
2440493373,oelfb
8023669954,bzohm
8516646917,jxgzv
2874493672,rudgu
2752889002,ezten
3685974931,kkuuw
8683752107,dplbj
1529610569,nzzav
9734290024,yplff
4730284760,cpldm
1111162521,qdmkf
2422207814,kuhkc
2348541375,unvzt
3019908334,krwkp
4016159661,hklri
3986656016,qdafd
6264756617,lotfq
4454171415,rlbog
6187839534,gjzgn
4203667532,kdtuc
8662752366,brdfa
1444170529,bowly
9511531103,fyivg
8996664190,chzmp
2502681916,kwkpb
6089831228,cwrrz
8549995128,tkehw
4437949647,fbkzw
7706760249,qhnbb
4644643407,qjxtz
4181494708,slxxr
8822223087,tsuyl
3021179314,ylepa
8540230942,kbxyr
6557509310,ygxoa
5431789059,eppqs
9000190366,zofwj
3860506385,mlpov
8592093801,muyjo
3033007606,jzwph
4858215606,lnrwb
8423640694,qznvp
9772811772,icygv
2995784551,nkdbv
4578769829,ygzwy
7925007265,avpap
1882016309,llsyq
9708392836,ehfjn
1369477841,pdmgn
6114177652,mmvuo
4793727840,hgdqd
3813210879,mdjgg
9257072363,jxwlh
7470883728,bvvbx
2941371805,hrbsl
2737770121,ewvrv
4357865629,qjlsp
5121100215,aegtw
4162278298,vfmln
6019990940,giuxr
6603407207,skclw
9487507699,wcltq
8407533831,gtgij
7859810879,vrqys
7552153772,xcjlx
5370345867,fsgtl
4492572930,mgwjd
5991366551,uatkn
9271300258,ljzlb
4564708041,bcfpy
3335417521,qqcic
3591281072,mgfba
5435002138,betso
9238567033,rcaao
7438076312,gcyoc
3684727693,nqcmu
4339704811,mmwoi
7521018029,odlci
9198042339,bwzgh
7976828375,tqjvz
5911759473,jiqem
4572730412,sbbqd
2955917855,djddn
2769705824,obqjj
6956185220,zirau
1005500389,nzjuw
5806073024,muwre
9685946632,sedcg
7643975206,knydk
1351864612,dfeox
3648933933,pusqk
2584040018,geocb
8185684121,ucpzy
1311484244,ytzyg
3009560776,medwe
9437612901,nlrir
2819179311,hilyg
9759246845,rkcow
4500727568,jmsyk
5372969675,mwvlj
8201712493,fxtzp
3603220299,eapwj
7663991038,frujm
5827586024,zvvnf
4606028934,wbipt
2655756110,rpjfq
6199353076,qxtoa
6892329209,znkyi
2269361760,uzdxx
7579500597,tjwkp
3648056540,pyjme
3940565290,yzpdx
9441706089,mzxbb
9557744475,hbtzc
8514459525,gfsfe
9801314838,lecge
3609638015,ozfid
7551022840,evxyc
5720524409,ledbl
5637674786,brsug
8816596999,vsqbf
5639644262,cptcb
6814550630,klqza
2868758408,nsnjb
6073529670,hkmbw
1150735841,rroyw
5764516729,igmon
8146075100,hndon
8570960499,iwfvm
7379130717,sxrem
7345300478,vfpxs
3783185017,cixyu
1129017645,ismgf
9322853352,kjdhh
7979695303,hrsyb
2810326258,vwvod
2141333554,czrbo
9812747781,tnrrh
8137973081,eajmh
5047858992,zxnbq
5043436303,jhspr
3931486506,zxxsy
1494773767,jigjk
9740875480,ecrwe
3280503242,uzppo
5598238477,nnclr
9165954278,jhhdq
3094329242,jrrob
1742910411,rvmmb
7166919555,mkngm
9961001563,xmsyf
1308270624,btljf
6282328813,xwrwj
2535109252,nbbei
3354511410,zelgh
9911489476,nlmvz
3836568129,ngtxh
2509497234,qdfpf
4428015545,uytop
9185260574,apkrs
3605996071,tjxpc
9607714663,nogms
2382522436,xqqgv
3030436925,zzsex
6676087255,qmqqg
6611734195,ajwof
1517083608,wbxme
6804420872,otftd
2516488835,anqke
7072584156,seytv
2782530949,xdmrz
7456809351,hukmq
3137954140,zfytd
1898220656,xfhgm
8136201884,ofjpi
8722159125,vxpxj
2126452122,eqzop
4540625502,qarww
6085514453,ibdyq
4061438835,rfwnt
9351261822,mtiyk
6239355254,zzpnq
2291113047,rxacs
4747660224,qtlsp
4702907138,xvzqc
9890095716,eaonv
8470765262,jquev
2412049932,jijrq
2515044764,wjfdd
7696617673,brhph
4642873562,vuimy
1008490829,zlzjz
6722294993,ufrla
4452937907,jqkbc
7061695739,tbscv
5265660864,vaxgx
8134367157,mfari
4404465071,hmnrh
4977579350,fcmwc
5957010747,hvhto
4652518646,vftue
1360300986,znxhp
7813245726,keqxl
3747019159,hyhtm
2726236906,kstdc
6601020400,ufqib
6121355401,kmtxx
2139798057,ddksm
8819679137,ikamw
4378524994,lzkhv
1835064510,ewsxb
2073337227,bvozy
8263835470,lzhtu
3807226860,xyhcm
2228268582,mgjzx
7343006371,osnxo
7133547816,sobdu
1721748901,ojugv
7626090347,qffpv
3745639072,gkshf
1193880944,ggfoq
4889256130,ruaty
1961132162,hbyfo
5765343318,miqpx
1813008751,ijodc
6087817287,yyvzt
7474380393,epssh
2643813243,yhusn
1293325038,mhlde
5616171213,kdiom
7227890906,xkunr
1988681528,zgdrr
5810963156,jbxue
2793946775,celqj
9743030479,lumfi
2454682022,xmcwl
9886723565,vgfim
3492136095,johjn
2044911659,wrgxc
8554514455,xxlqp
1588036759,zpniy
8388360827,wzjhz
3927965055,nvxgb
8614708804,cuxjx
5801315631,uwlqi
1944111759,yrinw
5490061577,atwya
3020091632,czjct
8771785160,krbpa
1201730871,rtzeq
5483018819,qbvbm
1879892594,tjdkc
5654954632,tktbc
7615175917,gtueb
5045879368,jeugm
9168490366,ydjbp
4216061882,grhxs
3127068572,yyeno
3801329997,awasf
3423325000,iruhi
5529161784,jveey
9948860871,cwgml
3314534302,lkyfh
4811815963,tvugp
3743868487,slkxc
2713193817,vkzgd
9916228882,usnmb
3560645036,ygtvv
7644212595,zwuez
7570814134,rvdud
2253379777,cxmew
8801575636,fqxlh
8650270523,uixvn
1866316558,didvh
9233389936,mhwqk
9771786500,rdfpc
5693432663,xvfue
2174808049,ndzxe
7509445759,xjcgk
7255071987,bgbje
3102394601,gfuzi
1843937165,nejto
4291723224,upezl
5733880973,rifaz
4941352331,jqsds
9897546347,ruayz
3812001036,bqaos
9614686153,nsoet
7756476736,ictvj
2852058129,gsvgm
7948143704,hgfli
3085138203,wesqz
8627952557,mpauh
7688039033,bkbsx
5226219768,fkydb
9031147594,viksg
2319618666,gcmmt
1193043279,xyest
8521219805,pmukh
8920527350,wzcmz
1131682860,eigav
7108430247,guhsq
8980400856,jqrdz
2760365752,bweuz
7390069716,nlnib
6616741600,tycjv
9591252746,ripfl
7174236524,utxev
3402067433,qnyen
5877283519,lxyse
2403561243,ctmvn
6641120655,gtoue
6887303212,uwqvf
9637369237,pnsqx
7938956644,jjrsp
4106077633,ettwq
4309359075,wbwoo
4341614213,dldps
7870743531,mjbwk
7059759210,dqtwy
7493283384,peits
4075361543,bhejv
2857561239,anrpf
6125738902,crbzv
4159762737,fdelf
4028381564,icpsd
5126351633,qjuek
6319094706,noymw
2290037561,tvvxs
8799558106,rvmym
1002649840,jlfus
7985204038,roerx
2718019351,koxyo
1206815103,sjphg
6431822820,gyope
4748235299,hqfsj
2691905537,mqrbn
6734652581,yqyig
1654402179,mvcwu
4833463848,hujfa
4690062825,itvtp
8897793921,kedfp
4320991039,oysia
9591867358,rfqye
1640114252,gcgxs
5396147174,ofmzo
9792936198,uhiql
1001852902,ebpgj
4212914606,wnpdz
3168169875,bdzjz
3537438668,bolxz
1073170083,cwtuf
7484780957,qrelv
7238685692,yywfc
8763981898,zvrbh
5102648142,otyzh
3700815876,skgyk
7906866189,rqdhx
7520304025,vpeuk
1234064038,nqgkf
7685851500,bbezp
5670875840,mavvq
6411420174,jbutp
5945170135,eyguv
7831065470,clxsf
3061046954,ifawc
8682190180,ebdar
6576444378,xhbta
7066217931,oaxyn
2358077924,uedtv
4954068967,deejq
2655644420,eyfzz
1233197336,uvlzz
5341252526,tqflm
9600037502,hpvzq
1282228670,dlnyi
7852152345,tjbgx
6942620436,ascky
6780409980,ryosi
5062233023,dkynp
7012225369,tquil
3256885182,iczdl
3017386174,xvxjs
5350992223,pkpzh
4521053283,itbes
7548630223,lajlh
9592983162,rmixu
4911477200,ibcdq
6020949201,baojb
8244170701,rmzer
7356397384,pvjqr
8034086503,cdcgs
5410451170,wpkvx
5679066981,cpavi
3468554220,meryq
7570904391,dzzgb
5935703361,twzsr
9047146616,sefxk
2440676956,kgamz
7131015784,cntcf
3333047232,uszwz
9507565049,lptog
9225800674,tauhz
2620378236,bvzfz
2866552127,jovas
6034922956,hefgs
3265352093,ynpeu
4565325878,elicc
6007879007,qsdrw
1213750078,wdeus
5021570541,yccbk
9046748903,lcqcf
7038361889,yomym
5994914192,hspch
8296824636,qwodb
1579350951,tzdtd
9968483293,yller
3849299871,ywzmo
3747362077,tifjv
6084009437,kvgym
7075207609,djtnu
9193591565,unzhn
3611638397,fpodj
1432106819,yxxtg
7657860345,tvemk
4456866381,xldlx
2250671100,hergy
2998364603,rozhu
2357770839,pwgxm
8626951825,xyyqg
2965594607,kvlex
8858584429,qlrlr
6325271816,gefuq
8133873441,ufrou
5097328355,oemho
8992320809,lelew
6553584117,xmybh
3715400148,wvdsp
8815226300,udqpp
2499195819,yzvfk
5768495860,gzgmy
1002303830,dmvtb
4676278586,mzqzn
2988901984,gfzaa
5821368154,rfsip
4752238837,rxlqk
6273995700,fyqyk
9688982014,pctye
3004275673,tylnx
6636984544,mniyb
4230970180,qbjni
7813442681,bszqm
7972630944,yqhbe
9360759794,pjsya
8937253839,okvzr
9468948306,lhjpp
1275777886,twdal
7430667617,vpdhl
2763222115,uligk
6938426542,fbqde
6429325239,nzoqh
3903091089,mvuff
9473731914,jlgxg
8938479485,fvler
1508639644,gxnsk
8404654175,ooues
8145480420,xzzyu
6960136368,qqcmb
6884455860,rbgvb
8403084327,mqrwb
5798916839,wqlqp
7298720169,izsyv
9075102309,gpxva
1534124449,gslrr
2142880447,nbvcw
3330360777,hicxy
3931661685,pzzvv
6831509064,fhcva
8456189975,rehah
6717775937,hucgm
5384286743,vilei
3643676393,szvyt
7444884095,xdtmc
6092783533,txaxf
7969653300,rmxqe
2921493534,jtovv
9564365949,wtzjd
9213038965,shskr
7637227063,nujdq
2040324474,egzij
2475126277,sppcc
3459566298,csxyv
6571373231,ddrse
5556655788,bwckp
8231557800,hujgc
9197771545,pzhwd
5640485281,smmgy
8045627302,pycdc
3889374812,drfvq
3547190118,rcihx
4327094529,swruz
8080106058,muyea
3621500770,ylwes
5463888126,nbtom
2446710876,sztzd
3921268054,irvtg
9777211166,pawzk
5956326963,duagj
4342379425,bsqxq
9762499931,wtgkj
2966047120,fhgqr
7985475754,gfmsa
6934362203,jpssx
7370020687,vuhoz
9690315109,bshad
8110950222,euqtl
6701044311,afzxm
6733975210,ksenv
6875766285,hvvmn
1651241701,xfnki
4660440078,deipd
5899033157,vhsis
2190579214,frvqs
2288153995,lxddf
8782321150,xuwvr
3686860659,adoms
4905237054,johge
6176845235,zeeet
6150411582,ovikz
5888322582,gejah
8678919115,hdkxz
1144132710,znekj
2291491371,mikvn
7776601807,pnkqy
7023098548,fyvlx
8673094400,fxjpx
9555483738,gsigq
8382741380,vpxff
5317614828,rbazq
6104958760,zeoxn
2178107701,ziezz
3985102877,hoonn
1773260869,cryxi
3211254560,ynprv
8000864059,jafaf
2795955362,lbtnm
7058638876,fqhiz
4822420169,pljjp
8838342100,zijlo
5200585461,ibyvb
4636436408,itqjb
6947628591,ndyun
2184414576,qzhbd
8860283543,xeimq
1490373266,ubogq
4170257788,fzukj
5746853863,otsif
4750738840,vggav
1914442355,mjuvf
3848138868,wvuks
1342362973,lxtov
2338693813,ipagf
8334223454,lyork
7554638437,zjlfn
1385958543,soced
7191420466,rcgov
9175732899,furyu
2423079381,lcswz
8746172124,jkurt
7434409218,qfvba
1652509737,rbwty
5979305526,qnlpf
5257430981,tgbpr
1572759432,gguwa
7132874378,zxukv
2724887282,rnjio
7300927505,wzqhp
4782407934,ccsdp
2748609688,djjwt
9950249950,hnnfo
3419430407,evhai
9382757645,bsavc
8490667971,ouwqa
2285309377,jqfqv
9176458785,pcwgk
9946752204,pdnzz
6061188923,riool
8038436686,xxsbv
3380199650,ernmx
9247399190,zilep
4455933150,fnfcn
7054336339,uqtih
3347900968,znuqn
7922852744,lfudm
2736091572,wkwxa
9804054111,bzidh
7643934165,ggrrj
5219105890,jzlye
4368247309,svcdi
8093916133,gnium
9038765297,txvad
8019045722,ufutf
4957853414,ltvsy
6826833441,rehhp
3388076949,xcshf
9989901228,baiza
4410911780,yvlue
3398541220,pjiir
7997234200,lvcae
